exercise_id,name,aliases,canonical_family,primary_modality,exercise_class,equipment,body_position,movement_patterns,force_type,laterality,load_type,uses_bodyweight,main_muscle_groups,secondary_muscle_groups,primary_target_areas,secondary_target_areas,joints_emphasized,skill_tags,context_tags,discovery_tags,is_supported_in_live_session,image_prompt_context,image_status,image_path,image_review_notes,image_priority,image_priority_rank
5-10-5-shuttle,5-10-5 Shuttle,pro agility shuttle; 5-10-5 Shuttle,agility-drill,conditioning,plyometric,cones,varied,sprint; cutting; change-of-direction,explosive,bilateral,bodyweight,true,quads; glute max; calves,hamstrings; core,glutes; quads,core-stability; hamstrings,hip; knee; ankle,speed; agility; reactive; athletic,speed; agility; athletic-prep,speed; agility; reactive; athletic; conditioning; plyometric,true,5-10-5 Shuttle exercise. equipment: cones. body position: varied. movement pattern: sprint; cutting; change-of-direction. primary muscles: quads; glute max; calves. secondary muscles: hamstrings; core. target areas: glutes; quads; core-stability; hamstrings. laterality: bilateral. load type: bodyweight. training context: speed; agility; athletic-prep. visual cues: speed; agility; reactive; athletic,complete,assets/workout-images/5-10-5-shuttle.png,"QA pass: one cutting stance with cones, targets visible, 1080x1920.",,
90-90-hip-lift-off,90/90 Hip Lift-Off,ninety ninety hip lift off; 90/90 Hip Lift-Off,mobility-drill,mobility,mobility,none; floor,varied,hip-rotation; isometric,controlled,bilateral,bodyweight,true,glute max; hip external rotators,,,glutes,hip,mobility; stretch,mobility; stretch; warmup,mobility; stretch,true,90/90 Hip Lift-Off exercise. equipment: none; floor. body position: varied. movement pattern: hip-rotation; isometric. primary muscles: glute max; hip external rotators. target areas: glutes. laterality: bilateral. load type: bodyweight. training context: mobility; stretch; warmup. visual cues: mobility; stretch,complete,assets/workout-images/90-90-hip-lift-off.png,"QA pass after regen: clear active 90/90 lift-off, 1080x1920.",,
90-90-hip-switch,90/90 Hip Switch,ninety ninety hip switch; 90/90 Hip Switch,mobility-drill,mobility,mobility,none; floor,varied,hip-rotation,controlled,bilateral,bodyweight,true,glute max; hip external rotators,,,glutes,hip,mobility; stretch,mobility; stretch; warmup,mobility; stretch,true,90/90 Hip Switch exercise. equipment: none; floor. body position: varied. movement pattern: hip-rotation. primary muscles: glute max; hip external rotators. target areas: glutes. laterality: bilateral. load type: bodyweight. training context: mobility; stretch; warmup. visual cues: mobility; stretch,complete,assets/workout-images/90-90-hip-switch.png,"QA pass: seated 90/90 hip-switch frame, glutes visible, 1080x1920.",,
a-skip,A-Skip,a skip drill; A-Skip,agility-drill,conditioning,plyometric,none,varied,running-drill; coordination,explosive,bilateral,bodyweight,true,quads; glute max; calves,hamstrings; core,glutes; quads,core-stability; hamstrings,hip; knee; ankle,speed; agility; reactive; athletic,speed; agility; athletic-prep,speed; agility; reactive; athletic; conditioning; plyometric,true,A-Skip exercise. equipment: none. body position: varied. movement pattern: running-drill; coordination. primary muscles: quads; glute max; calves. secondary muscles: hamstrings; core. target areas: glutes; quads; core-stability; hamstrings. laterality: bilateral. load type: bodyweight. training context: speed; agility; athletic-prep. visual cues: speed; agility; reactive; athletic,complete,assets/workout-images/a-skip.png,"QA pass: single A-skip running-drill frame, targets visible, 1080x1920.",,
ab-wheel-rollout,Ab Wheel Rollout,ab rollout; ab roller rollout; wheel rollout,ab-wheel-rollout,strength,bodyweight-reps,ab-wheel; barbell-plates,kneeling,core-stability; anti-extension,dynamic,bilateral,bodyweight,true,rectus abdominis; transverse abdominis; lats,serratus; hip flexors; shoulders,abs; core-stability; lats,,spine; shoulder; hip,anti-extension; core,gym; home,anti-extension; core; gym; home,true,Ab Wheel Rollout exercise. equipment: ab-wheel; barbell-plates. body position: kneeling. movement pattern: core-stability; anti-extension. primary muscles: rectus abdominis; transverse abdominis; lats. secondary muscles: serratus; hip flexors; shoulders. target areas: abs; core-stability; lats. laterality: bilateral. load type: bodyweight. training context: gym; home. visual cues: anti-extension; core,complete,assets/workout-images/ab-wheel-rollout.png,QA pass: rollout frame and wheel grip clear.,,
ab-crunch-machine,Abdominal Crunch Machine,machine crunch; ab machine,core-flexion,hypertrophy,machine-load,ab-crunch-machine,machine-seated,core-flexion,dynamic,bilateral,machine-stack,false,rectus abdominis,obliques; hip flexors,abs,,spine; hip,ab-isolation,gym; machine-area,ab-isolation; gym; machine-area,true,Abdominal Crunch Machine exercise. equipment: ab-crunch-machine. body position: machine-seated. movement pattern: core-flexion. primary muscles: rectus abdominis. secondary muscles: obliques; hip flexors. target areas: abs. laterality: bilateral. load type: machine-stack. training context: gym; machine-area. visual cues: ab-isolation,complete,assets/workout-images/ab-crunch-machine.png,"1080x1920. One figure, one movement, no text/panels/watermark, white background, and reference style match. Seated ab crunch machine equipment and abs/oblique highlighting are appropriate; posture reads more like the start position than the fully crunched phase but does not require regeneration.",,
active-hang,Active Hang,scapular hang; active shoulder hang,hang,calisthenics,hold,pull-up-bar,hanging,scapular-control; grip,isometric,bilateral,bodyweight,true,lower traps; serratus; lats,forearms; rotator cuff,core-stability; lats; traps,forearms-wrists,shoulder; scapula; wrist,scapular-control; grip,gym; home; calisthenics-park,scapular-control; grip; gym; home; calisthenics-park,true,Active Hang exercise. equipment: pull-up-bar. body position: hanging. movement pattern: scapular-control; grip. primary muscles: lower traps; serratus; lats. secondary muscles: forearms; rotator cuff. target areas: core-stability; lats; traps; forearms-wrists. laterality: bilateral. load type: bodyweight. training context: gym; home; calisthenics-park. visual cues: scapular-control; grip,complete,assets/workout-images/active-hang.png,"QA pass after retry: active shoulder hang, lats-traps-forearms-core visible.",priority_20_80,39
adductor-squeeze,Adductor Squeeze,Adductor Squeeze,therapeutic-prehab,rehab,hold,ball; pad,varied,hip-adduction-isometric,isometric,bilateral,bodyweight,true,adductors,,adductors; core-stability,,hip,rehab; prehab; therapeutic,rehab; prehab; recovery,rehab; prehab; therapeutic; hold,true,Adductor Squeeze exercise. equipment: ball; pad. body position: varied. movement pattern: hip-adduction-isometric. primary muscles: adductors. target areas: adductors; core-stability. laterality: bilateral. load type: bodyweight. training context: rehab; prehab; recovery. visual cues: rehab; prehab; therapeutic,complete,assets/workout-images/adductor-squeeze.png,"QA pass: ball between knees, adductors highlighted, 1080x1920.",,
advanced-shrimp-squat,Advanced Shrimp Squat,Advanced Shrimp Squat,single-leg-squat,calisthenics,bodyweight-reps,none; floor,standing,squat,dynamic,unilateral,bodyweight,true,quads; glute max,hamstrings; adductors; core,glutes; quads,adductors; core-stability; hamstrings,hip; knee; ankle,calisthenics; shrimp-squat; advanced; single-leg,calisthenics; bodyweight; skill-training,calisthenics; bodyweight; shrimp-squat; advanced; single-leg,true,Advanced Shrimp Squat exercise. equipment: none; floor. body position: standing. movement pattern: squat. primary muscles: quads; glute max. secondary muscles: hamstrings; adductors; core. target areas: glutes; quads; adductors; core-stability; hamstrings. laterality: unilateral. load type: bodyweight. training context: calisthenics; bodyweight; skill-training. visual cues: calisthenics; shrimp-squat; advanced; single-leg,complete,assets/workout-images/advanced-shrimp-squat.png,QA pass: anatomy style; shrimp squat bottom frame with rear-foot grip; target muscles visible; no text/cropping.,priority_20_80,97
advanced-tuck-back-lever-hold,Advanced Tuck Back Lever Hold,Advanced Tuck Back Lever Hold,back-lever,skill,hold,rings; pull-up-bar,hanging,straight-arm-pull; shoulder-extension,isometric,bilateral,bodyweight,true,pecs; front delts; core,lats; forearms; glutes,chest; core-stability; front-delts,forearms-wrists; glutes; lats,shoulder; scapula; elbow,calisthenics; back-lever; advanced-tuck; progression,calisthenics; bodyweight; skill-training,calisthenics; bodyweight; back-lever; advanced-tuck; progression,true,Advanced Tuck Back Lever Hold exercise. equipment: rings; pull-up-bar. body position: hanging. movement pattern: straight-arm-pull; shoulder-extension. primary muscles: pecs; front delts; core. secondary muscles: lats; forearms; glutes. target areas: chest; core-stability; front-delts; forearms-wrists; glutes; lats. laterality: bilateral. load type: bodyweight. training context: calisthenics; bodyweight; skill-training. visual cues: calisthenics; back-lever; advanced-tuck; progression,complete,assets/workout-images/advanced-tuck-back-lever-hold.png,"QA passed: advanced tuck back lever frame, clean anatomy style, target muscles correct.",,
advanced-tuck-front-lever-hold,Advanced Tuck Front Lever Hold,Advanced Tuck Front Lever Hold,front-lever,skill,hold,pull-up-bar; rings,hanging,straight-arm-pull; horizontal-pull,isometric,bilateral,bodyweight,true,lats; upper back; core,rear delts; forearms; glutes,core-stability; lats,forearms-wrists; glutes; rear-delts,shoulder; scapula; elbow,calisthenics; front-lever; advanced-tuck; progression,calisthenics; bodyweight; skill-training,calisthenics; bodyweight; front-lever; advanced-tuck; progression,true,Advanced Tuck Front Lever Hold exercise. equipment: pull-up-bar; rings. body position: hanging. movement pattern: straight-arm-pull; horizontal-pull. primary muscles: lats; upper back; core. secondary muscles: rear delts; forearms; glutes. target areas: core-stability; lats; forearms-wrists; glutes; rear-delts. laterality: bilateral. load type: bodyweight. training context: calisthenics; bodyweight; skill-training. visual cues: calisthenics; front-lever; advanced-tuck; progression,complete,assets/workout-images/advanced-tuck-front-lever-hold.png,"QA passed: straight-arm tuck front lever, lats/core highlighted.",,
advanced-tuck-front-lever-row,Advanced Tuck Front Lever Row,Advanced Tuck Front Lever Row,front-lever-row,calisthenics,bodyweight-reps,pull-up-bar; rings,varied,horizontal-pull; straight-arm-pull,dynamic,bilateral,bodyweight,true,lats; upper back; rear delts,biceps; rear delts; forearms,lats; rear-delts,biceps; forearms-wrists,shoulder; elbow; scapula,calisthenics; front-lever; row-progression; advanced-tuck,calisthenics; bodyweight; skill-training,calisthenics; bodyweight; front-lever; row-progression; advanced-tuck,true,Advanced Tuck Front Lever Row exercise. equipment: pull-up-bar; rings. body position: varied. movement pattern: horizontal-pull; straight-arm-pull. primary muscles: lats; upper back; rear delts. secondary muscles: biceps; rear delts; forearms. target areas: lats; rear-delts; biceps; forearms-wrists. laterality: bilateral. load type: bodyweight. training context: calisthenics; bodyweight; skill-training. visual cues: calisthenics; front-lever; row-progression; advanced-tuck,complete,assets/workout-images/advanced-tuck-front-lever-row.png,"QA pass after regeneration: suspended tuck front lever row, back/rear delts highlighted.",,
advanced-tuck-planche-hold,Advanced Tuck Planche Hold,Advanced Tuck Planche Hold,planche,skill,hold,floor; parallettes,plank,straight-arm-push; horizontal-push,isometric,bilateral,bodyweight,true,front delts; pecs; triceps,core; serratus; forearms,chest; core-stability; front-delts; triceps,forearms-wrists,shoulder; elbow; wrist; scapula,calisthenics; planche; advanced-tuck; progression,calisthenics; bodyweight; skill-training,calisthenics; bodyweight; planche; advanced-tuck; progression,true,Advanced Tuck Planche Hold exercise. equipment: floor; parallettes. body position: plank. movement pattern: straight-arm-push; horizontal-push. primary muscles: front delts; pecs; triceps. secondary muscles: core; serratus; forearms. target areas: chest; core-stability; front-delts; triceps; forearms-wrists. laterality: bilateral. load type: bodyweight. training context: calisthenics; bodyweight; skill-training. visual cues: calisthenics; planche; advanced-tuck; progression,complete,assets/workout-images/advanced-tuck-planche-hold.png,"QA passed: tuck planche on parallettes, chest/delts/triceps/core highlighted.",,
air-bike,Air Bike,assault bike; echo bike; fan bike; Air Bike,cycling,conditioning,cardio-live,air-bike,seated,locomotion,cyclical,bilateral,none,false,quads; glute max; shoulders,hamstrings; triceps; core,,glutes; quads,hip; knee; ankle; shoulder; elbow,HIIT; full-body; conditioning,gym; cardio; crossfit-box,hiit; full-body; conditioning; gym; cardio; crossfit-box,false,Air Bike exercise. equipment: air-bike. body position: seated. movement pattern: locomotion. primary muscles: quads; glute max; shoulders. secondary muscles: hamstrings; triceps; core. target areas: glutes; quads. laterality: bilateral. load type: none. training context: gym; cardio; crossfit-box. visual cues: HIIT; full-body; conditioning,complete,assets/workout-images/air-bike.png,"QA pass: air bike fan/handles and active frame, 1080x1920.",,
air-squat,Air Squat,Air Squat,squat,strength,calisthenics,none,,squat,,bilateral,bodyweight,true,quads; glute max,,glutes; quads,,,,quick-log,quick-log,true,Air Squat exercise. equipment: none. movement pattern: squat. primary muscles: quads; glute max. target areas: glutes; quads. laterality: bilateral. load type: bodyweight. training context: quick-log,complete,assets/workout-images/air-squat.png,"QA pass: squat depth, clean white bg.",,
alternating-dumbbell-curl,Alternating Dumbbell Curl,alternating db curl; dumbbell curl,curl,hypertrophy,dumbbell-pair,dumbbell,standing,elbow-flexion,dynamic,alternating,external,false,biceps,brachialis; forearms,biceps,forearms-wrists,elbow; wrist,arm-isolation,gym; free-weights; home,arm-isolation; gym; free-weights; home,true,Alternating Dumbbell Curl exercise. equipment: dumbbell. body position: standing. movement pattern: elbow-flexion. primary muscles: biceps. secondary muscles: brachialis; forearms. target areas: biceps; forearms-wrists. laterality: alternating. load type: external. training context: gym; free-weights; home. visual cues: arm-isolation,complete,assets/workout-images/alternating-dumbbell-curl.png,"1080x1920. One figure, one movement, no text/panels/watermark, white background, and reference style match. Dumbbells, standing alternating curl posture with one arm flexed and one extended, and biceps/forearm highlighting are accurate.",,
american-kettlebell-swing,American Kettlebell Swing,overhead kettlebell swing; american swing,swing,conditioning,bilateral-load,kettlebell,standing|overhead,hinge; vertical-push,explosive,bilateral,external,false,glute max; hamstrings; shoulders,upper back; abs; forearms,glutes; hamstrings,abs; forearms-wrists,hip; spine; shoulder,crossfit; explosive; overhead,gym; home,crossfit; explosive; overhead; gym; home,true,American Kettlebell Swing exercise. equipment: kettlebell. body position: standing|overhead. movement pattern: hinge; vertical-push. primary muscles: glute max; hamstrings; shoulders. secondary muscles: upper back; abs; forearms. target areas: glutes; hamstrings; abs; forearms-wrists. laterality: bilateral. load type: external. training context: gym; home. visual cues: crossfit; explosive; overhead,complete,assets/workout-images/american-kettlebell-swing.png,"QA pass after retry: overhead swing, full kettlebell, glutes-hamstrings emphasized.",priority_20_80,36
ankle-alphabet,Ankle Alphabet,Ankle Alphabet,therapeutic-prehab,rehab,bodyweight-reps,none; floor,varied,ankle-control,controlled,bilateral,bodyweight,true,calves; tibialis anterior,,,,ankle,rehab; prehab; therapeutic,rehab; prehab; recovery,rehab; prehab; therapeutic; bodyweight-reps,true,Ankle Alphabet exercise. equipment: none; floor. body position: varied. movement pattern: ankle-control. primary muscles: calves; tibialis anterior. laterality: bilateral. load type: bodyweight. training context: rehab; prehab; recovery. visual cues: rehab; prehab; therapeutic,complete,assets/workout-images/ankle-alphabet.png,"QA pass: ankle-control frame, lower-leg targets, 1080x1920.",,
ankle-cars,Ankle CARs,ankle controlled articular rotations; Ankle CARs,mobility-drill,mobility,mobility,none; floor,varied,ankle-circles,controlled,bilateral,bodyweight,true,calves; tibialis anterior,,,,ankle,mobility; stretch,mobility; stretch; warmup,mobility; stretch,true,Ankle CARs exercise. equipment: none; floor. body position: varied. movement pattern: ankle-circles. primary muscles: calves; tibialis anterior. laterality: bilateral. load type: bodyweight. training context: mobility; stretch; warmup. visual cues: mobility; stretch,complete,assets/workout-images/ankle-cars.png,"QA pass: controlled ankle CARs position, lower-leg targets, 1080x1920.",,
ankle-dorsiflexion-rock,Ankle Dorsiflexion Rock,Ankle Dorsiflexion Rock,mobility-drill,mobility,mobility,none; floor,varied,ankle-dorsiflexion,controlled,bilateral,bodyweight,true,calves; tibialis anterior,,,,ankle,mobility; stretch,mobility; stretch; warmup,mobility; stretch,true,Ankle Dorsiflexion Rock exercise. equipment: none; floor. body position: varied. movement pattern: ankle-dorsiflexion. primary muscles: calves; tibialis anterior. laterality: bilateral. load type: bodyweight. training context: mobility; stretch; warmup. visual cues: mobility; stretch,complete,assets/workout-images/ankle-dorsiflexion-rock.png,"QA pass: half-kneeling dorsiflexion rock, heel down, 1080x1920.",,
ankle-pump,Ankle Pump,Ankle Pump,therapeutic-prehab,rehab,bodyweight-reps,none; floor,varied,ankle-dorsiflexion; ankle-plantar-flexion,controlled,bilateral,bodyweight,true,calves; tibialis anterior,,,,ankle,rehab; prehab; therapeutic,rehab; prehab; recovery,rehab; prehab; therapeutic; bodyweight-reps,true,Ankle Pump exercise. equipment: none; floor. body position: varied. movement pattern: ankle-dorsiflexion; ankle-plantar-flexion. primary muscles: calves; tibialis anterior. laterality: bilateral. load type: bodyweight. training context: rehab; prehab; recovery. visual cues: rehab; prehab; therapeutic,complete,assets/workout-images/ankle-pump.png,"QA pass after 2 regens: opposite ankle end ranges, 1080x1920.",,
arch-body-hold,Arch Body Hold,superman hold; Arch Body Hold,core-compression,calisthenics,hold,none; floor,floor,trunk-extension,isometric,bilateral,bodyweight,true,spinal erectors; glutes,hamstrings; upper back,core-stability; glutes; lower-back,hamstrings,hip; spine,calisthenics; body-line; handstand-prep,calisthenics; bodyweight; skill-training,calisthenics; bodyweight; body-line; handstand-prep,true,Arch Body Hold exercise. equipment: none; floor. body position: floor. movement pattern: trunk-extension. primary muscles: spinal erectors; glutes. secondary muscles: hamstrings; upper back. target areas: core-stability; glutes; lower-back; hamstrings. laterality: bilateral. load type: bodyweight. training context: calisthenics; bodyweight; skill-training. visual cues: calisthenics; body-line; handstand-prep,complete,assets/workout-images/arch-body-hold.png,"QA passed: prone arch hold, posterior-chain highlights correct.",,
arch-rock,Arch Rock,Arch Rock,core-compression,calisthenics,bodyweight-reps,none; floor,floor,trunk-extension,dynamic,bilateral,bodyweight,true,spinal erectors; glutes,quads; obliques,glutes; lower-back,obliques; quads,hip; spine,calisthenics; arch-body; body-line; core,calisthenics; bodyweight; skill-training,calisthenics; bodyweight; arch-body; body-line; core,true,Arch Rock exercise. equipment: none; floor. body position: floor. movement pattern: trunk-extension. primary muscles: spinal erectors; glutes. secondary muscles: quads; obliques. target areas: glutes; lower-back; obliques; quads. laterality: bilateral. load type: bodyweight. training context: calisthenics; bodyweight; skill-training. visual cues: calisthenics; arch-body; body-line; core,complete,assets/workout-images/arch-rock.png,"QA pass: prone arch rock frame, lower-back/glutes, 1080x1920.",,
archer-chin-up,Archer Chin-Up,Archer Chin-Up,pull-up,calisthenics,bodyweight-reps,pull-up-bar,varied,vertical-pull,dynamic,bilateral,bodyweight,true,lats; biceps; forearms,mid back; core,biceps; forearms-wrists; lats,core-stability; upper-back,shoulder; elbow; scapula,calisthenics; unilateral; pull-up-progression; advanced,calisthenics; bodyweight; skill-training,calisthenics; bodyweight; unilateral; pull-up-progression; advanced,true,Archer Chin-Up exercise. equipment: pull-up-bar. body position: varied. movement pattern: vertical-pull. primary muscles: lats; biceps; forearms. secondary muscles: mid back; core. target areas: biceps; forearms-wrists; lats; core-stability; upper-back. laterality: bilateral. load type: bodyweight. training context: calisthenics; bodyweight; skill-training. visual cues: calisthenics; unilateral; pull-up-progression; advanced,complete,assets/workout-images/archer-chin-up.png,"QA pass: archer chin-up frame with one arm extended, target muscles highlighted.",,
archer-dip,Archer Dip,Archer Dip,dip,calisthenics,bodyweight-reps,parallel-bars; dip-bars,varied,vertical-push,dynamic,bilateral,bodyweight,true,pecs; triceps; front delts,serratus; core,chest; front-delts; triceps,core-stability,shoulder; elbow; scapula,calisthenics; unilateral; dip-progression; advanced,calisthenics; bodyweight; skill-training,calisthenics; bodyweight; unilateral; dip-progression; advanced,true,Archer Dip exercise. equipment: parallel-bars; dip-bars. body position: varied. movement pattern: vertical-push. primary muscles: pecs; triceps; front delts. secondary muscles: serratus; core. target areas: chest; front-delts; triceps; core-stability. laterality: bilateral. load type: bodyweight. training context: calisthenics; bodyweight; skill-training. visual cues: calisthenics; unilateral; dip-progression; advanced,complete,assets/workout-images/archer-dip.png,"QA pass: archer dip on bars, push targets visible, 1080x1920.",,
archer-pull-up,Archer Pull-Up,archer chin up,pull-up,skill,bodyweight-reps,pull-up-bar; rings,hanging,vertical-pull,dynamic,alternating,bodyweight,true,lats; biceps; teres major,mid back; forearms; rear delts,biceps; lats,forearms-wrists; rear-delts; upper-back,shoulder; elbow; scapula; wrist,advanced; unilateral-progression,gym; home; calisthenics-park,advanced; unilateral-progression; gym; home; calisthenics-park,true,Archer Pull-Up exercise. equipment: pull-up-bar; rings. body position: hanging. movement pattern: vertical-pull. primary muscles: lats; biceps; teres major. secondary muscles: mid back; forearms; rear delts. target areas: biceps; lats; forearms-wrists; rear-delts; upper-back. laterality: alternating. load type: bodyweight. training context: gym; home; calisthenics-park. visual cues: advanced; unilateral-progression,complete,assets/workout-images/archer-pull-up.png,"pass: anatomy style, one figure, archer pull-up frame, bar visible",,
archer-push-up,Archer Push-Up,archer press up,push-up,skill,bodyweight-reps,none,plank,horizontal-push,dynamic,alternating,bodyweight,true,pecs; triceps; front delts,serratus; core,chest; front-delts; triceps,core-stability,shoulder; elbow; wrist; scapula,advanced; unilateral-progression,gym; home,advanced; unilateral-progression; gym; home,true,Archer Push-Up exercise. equipment: none. body position: plank. movement pattern: horizontal-push. primary muscles: pecs; triceps; front delts. secondary muscles: serratus; core. target areas: chest; front-delts; triceps; core-stability. laterality: alternating. load type: bodyweight. training context: gym; home. visual cues: advanced; unilateral-progression,complete,assets/workout-images/archer-push-up.png,QA passed: 1080x1920; one uncropped figure in one archer push-up frame with one arm bent and opposite arm extended; white background; reference anatomy style; chest/front-delts/triceps highli,,
archer-ring-row,Archer Ring Row,Archer Ring Row,row,calisthenics,bodyweight-reps,rings; gymnastic-rings,varied,horizontal-pull,dynamic,bilateral,bodyweight,true,lats; mid back,biceps; rear delts; forearms,lats; upper-back,biceps; forearms-wrists; rear-delts,shoulder; elbow; scapula,calisthenics; rings; unilateral; row-progression,calisthenics; bodyweight; skill-training,calisthenics; bodyweight; rings; unilateral; row-progression,true,Archer Ring Row exercise. equipment: rings; gymnastic-rings. body position: varied. movement pattern: horizontal-pull. primary muscles: lats; mid back. secondary muscles: biceps; rear delts; forearms. target areas: lats; upper-back; biceps; forearms-wrists; rear-delts. laterality: bilateral. load type: bodyweight. training context: calisthenics; bodyweight; skill-training. visual cues: calisthenics; rings; unilateral; row-progression,complete,assets/workout-images/archer-ring-row.png,"pass: anatomy style, one figure, archer ring row frame, rings visible",,
assisted-chin-up-machine,Assisted Chin-Up,machine assisted chin-up,pull-up,calisthenics,assisted-bodyweight,assisted-dip-chin-machine,supported,vertical-pull,dynamic,bilateral,assisted-bodyweight,true,lats; biceps,mid back; forearms; abs,biceps; lats,abs; forearms-wrists; upper-back,shoulder; elbow; scapula; wrist,beginner; regression,gym; machine-area,beginner; regression; gym; machine-area,true,Assisted Chin-Up exercise. equipment: assisted-dip-chin-machine. body position: supported. movement pattern: vertical-pull. primary muscles: lats; biceps. secondary muscles: mid back; forearms; abs. target areas: biceps; lats; abs; forearms-wrists; upper-back. laterality: bilateral. load type: assisted-bodyweight. training context: gym; machine-area. visual cues: beginner; regression,complete,assets/workout-images/assisted-chin-up-machine.png,QA passed after direct final regeneration: assisted machine and underhand chin-up grip acceptable.,,
assisted-dip-machine,Assisted Dip,machine assisted dip,dip,calisthenics,assisted-bodyweight,assisted-dip-chin-machine,supported,vertical-push,dynamic,bilateral,assisted-bodyweight,true,lower pecs; triceps; front delts,serratus,chest; front-delts; triceps,,shoulder; elbow; wrist; scapula,beginner; regression,gym; machine-area,beginner; regression; gym; machine-area,true,Assisted Dip exercise. equipment: assisted-dip-chin-machine. body position: supported. movement pattern: vertical-push. primary muscles: lower pecs; triceps; front delts. secondary muscles: serratus. target areas: chest; front-delts; triceps. laterality: bilateral. load type: assisted-bodyweight. training context: gym; machine-area. visual cues: beginner; regression,complete,assets/workout-images/assisted-dip-machine.png,QA pass after muscle emphasis + white background correction.,,
assisted-one-arm-pull-up,Assisted One-Arm Pull-Up,Assisted One-Arm Pull-Up,pull-up,calisthenics,assisted-bodyweight,pull-up-bar; band,varied,vertical-pull,dynamic,unilateral,assisted-bodyweight,true,lats; biceps; forearms,mid back; core,biceps; forearms-wrists; lats,core-stability; upper-back,shoulder; elbow; scapula,calisthenics; assisted; one-arm-pull-up; advanced,calisthenics; bodyweight; skill-training,calisthenics; bodyweight; assisted; one-arm-pull-up; advanced,true,Assisted One-Arm Pull-Up exercise. equipment: pull-up-bar; band. body position: varied. movement pattern: vertical-pull. primary muscles: lats; biceps; forearms. secondary muscles: mid back; core. target areas: biceps; forearms-wrists; lats; core-stability; upper-back. laterality: unilateral. load type: assisted-bodyweight. training context: calisthenics; bodyweight; skill-training. visual cues: calisthenics; assisted; one-arm-pull-up; advanced,complete,assets/workout-images/assisted-one-arm-pull-up.png,"pass: anatomy style, one figure, assisted one-arm pull-up setup visible",,
assisted-pistol-squat,Assisted Pistol Squat,Assisted Pistol Squat,single-leg-squat,calisthenics,bodyweight-reps,pole; rings,standing,squat,dynamic,unilateral,bodyweight,true,quads; glute max,hamstrings; adductors; core,glutes; quads,adductors; core-stability; hamstrings,hip; knee; ankle,calisthenics; pistol; assisted; single-leg,calisthenics; bodyweight; skill-training,calisthenics; bodyweight; pistol; assisted; single-leg,true,Assisted Pistol Squat exercise. equipment: pole; rings. body position: standing. movement pattern: squat. primary muscles: quads; glute max. secondary muscles: hamstrings; adductors; core. target areas: glutes; quads; adductors; core-stability; hamstrings. laterality: unilateral. load type: bodyweight. training context: calisthenics; bodyweight; skill-training. visual cues: calisthenics; pistol; assisted; single-leg,complete,assets/workout-images/assisted-pistol-squat.png,"pass: anatomy style, one figure, assisted pistol bottom frame",,
assisted-shrimp-squat,Assisted Shrimp Squat,Assisted Shrimp Squat,single-leg-squat,calisthenics,bodyweight-reps,pole; wall,standing,squat,dynamic,unilateral,bodyweight,true,quads; glute max,hamstrings; adductors; core,glutes; quads,adductors; core-stability; hamstrings,hip; knee; ankle,calisthenics; shrimp-squat; assisted; single-leg,calisthenics; bodyweight; skill-training,calisthenics; bodyweight; shrimp-squat; assisted; single-leg,true,Assisted Shrimp Squat exercise. equipment: pole; wall. body position: standing. movement pattern: squat. primary muscles: quads; glute max. secondary muscles: hamstrings; adductors; core. target areas: glutes; quads; adductors; core-stability; hamstrings. laterality: unilateral. load type: bodyweight. training context: calisthenics; bodyweight; skill-training. visual cues: calisthenics; shrimp-squat; assisted; single-leg,complete,assets/workout-images/assisted-shrimp-squat.png,"pass: anatomy style, one figure, assisted shrimp squat frame",,
assisted-sissy-squat,Assisted Sissy Squat,Assisted Sissy Squat,single-leg-squat,calisthenics,bodyweight-reps,pole; stall-bars,standing,squat,dynamic,bilateral,bodyweight,true,quads; glute max,hamstrings; adductors; core,glutes; quads,adductors; core-stability; hamstrings,hip; knee; ankle,calisthenics; sissy-squat; assisted; quad-focus,calisthenics; bodyweight; skill-training,calisthenics; bodyweight; sissy-squat; assisted; quad-focus,true,Assisted Sissy Squat exercise. equipment: pole; stall-bars. body position: standing. movement pattern: squat. primary muscles: quads; glute max. secondary muscles: hamstrings; adductors; core. target areas: glutes; quads; adductors; core-stability; hamstrings. laterality: bilateral. load type: bodyweight. training context: calisthenics; bodyweight; skill-training. visual cues: calisthenics; sissy-squat; assisted; quad-focus,complete,assets/workout-images/assisted-sissy-squat.png,"pass: anatomy style, one figure, assisted sissy squat frame",,
atlas-stone-load,Atlas Stone Load,stone load,atlas-stone-load,strength,other,atlas-stone; platform,standing,hinge; squat; carry,mixed,bilateral,external,false,glute max; hamstrings; upper back,biceps; forearms; core; quads,forearms-wrists,biceps; core-stability; forearms-wrists; glutes; hamstrings; quads,hip; knee; spine; shoulder; elbow,strongman; odd-object,gym; strongman; niche,strongman; odd-object; gym; niche,true,Atlas Stone Load exercise. equipment: atlas-stone; platform. body position: standing. movement pattern: hinge; squat; carry. primary muscles: glute max; hamstrings; upper back. secondary muscles: biceps; forearms; core; quads. target areas: forearms-wrists; biceps; core-stability; forearms-wrists; glutes; hamstrings; quads. laterality: bilateral. load type: external. training context: gym; strongman; niche. visual cues: strongman; odd-object,complete,assets/workout-images/atlas-stone-load.png,"pass: anatomy style, one figure, stone and platform visible",,
b-skip,B-Skip,b skip drill; B-Skip,agility-drill,conditioning,plyometric,none,varied,running-drill; coordination,explosive,bilateral,bodyweight,true,quads; glute max; calves,hamstrings; core,glutes; quads,core-stability; hamstrings,hip; knee; ankle,speed; agility; reactive; athletic,speed; agility; athletic-prep,speed; agility; reactive; athletic; conditioning; plyometric,true,B-Skip exercise. equipment: none. body position: varied. movement pattern: running-drill; coordination. primary muscles: quads; glute max; calves. secondary muscles: hamstrings; core. target areas: glutes; quads; core-stability; hamstrings. laterality: bilateral. load type: bodyweight. training context: speed; agility; athletic-prep. visual cues: speed; agility; reactive; athletic,complete,assets/workout-images/b-skip.png,"QA pass: clear B-skip frame, 1080x1920.",,
back-extension,Back Extension,hyperextension; roman chair extension,back-extension,hypertrophy,bodyweight-reps,roman-chair; hyperextension-bench,supported,hip-extension; core-extension,dynamic,bilateral,bodyweight,true,spinal erectors; glute max,hamstrings,glutes; lower-back,hamstrings,spine; hip,posterior-chain,gym; home,posterior-chain; gym; home,true,Back Extension exercise. equipment: roman-chair; hyperextension-bench. body position: supported. movement pattern: hip-extension; core-extension. primary muscles: spinal erectors; glute max. secondary muscles: hamstrings. target areas: glutes; lower-back; hamstrings. laterality: bilateral. load type: bodyweight. training context: gym; home. visual cues: posterior-chain,complete,assets/workout-images/back-extension.png,QA pass on first round.,,
back-lever-hold,Back Lever Hold,full back lever,back-lever,skill,hold,rings; pull-up-bar,hanging,shoulder-extension; core-stability,isometric,bilateral,bodyweight,true,lats; rear delts; glutes,biceps; spinal erectors; grip,core-stability; glutes; lats; rear-delts,biceps; forearms-wrists; lower-back,shoulder; elbow; wrist; scapula; spine,elite; gymnastics,gym; calisthenics-park; niche,elite; gymnastics; gym; calisthenics-park; niche,true,Back Lever Hold exercise. equipment: rings; pull-up-bar. body position: hanging. movement pattern: shoulder-extension; core-stability. primary muscles: lats; rear delts; glutes. secondary muscles: biceps; spinal erectors; grip. target areas: core-stability; glutes; lats; rear-delts; biceps; forearms-wrists; lower-back. laterality: bilateral. load type: bodyweight. training context: gym; calisthenics-park; niche. visual cues: elite; gymnastics,complete,assets/workout-images/back-lever-hold.png,"QA passed after regen: true prone back lever, rings visible.",priority_20_80,85
back-lever-negative,Back Lever Negative,Back Lever Negative,back-lever,skill,bodyweight-reps,rings; pull-up-bar,hanging,straight-arm-pull; shoulder-extension,dynamic,bilateral,bodyweight,true,pecs; front delts; core,lats; forearms; glutes,chest; core-stability; front-delts,forearms-wrists; glutes; lats,shoulder; scapula; elbow,calisthenics; back-lever; eccentric; progression,calisthenics; bodyweight; skill-training,calisthenics; bodyweight; back-lever; eccentric; progression,true,Back Lever Negative exercise. equipment: rings; pull-up-bar. body position: hanging. movement pattern: straight-arm-pull; shoulder-extension. primary muscles: pecs; front delts; core. secondary muscles: lats; forearms; glutes. target areas: chest; core-stability; front-delts; forearms-wrists; glutes; lats. laterality: bilateral. load type: bodyweight. training context: calisthenics; bodyweight; skill-training. visual cues: calisthenics; back-lever; eccentric; progression,complete,assets/workout-images/back-lever-negative.png,"pass: anatomy style, one figure, back lever negative frame",,
back-lever-pullout,Back Lever Pullout,Back Lever Pullout,back-lever,skill,bodyweight-reps,rings; pull-up-bar,hanging,straight-arm-pull; shoulder-extension,dynamic,bilateral,bodyweight,true,pecs; front delts; core,lats; forearms; glutes,chest; core-stability; front-delts,forearms-wrists; glutes; lats,shoulder; scapula; elbow,calisthenics; back-lever; dynamic; advanced,calisthenics; bodyweight; skill-training,calisthenics; bodyweight; back-lever; dynamic; advanced,true,Back Lever Pullout exercise. equipment: rings; pull-up-bar. body position: hanging. movement pattern: straight-arm-pull; shoulder-extension. primary muscles: pecs; front delts; core. secondary muscles: lats; forearms; glutes. target areas: chest; core-stability; front-delts; forearms-wrists; glutes; lats. laterality: bilateral. load type: bodyweight. training context: calisthenics; bodyweight; skill-training. visual cues: calisthenics; back-lever; dynamic; advanced,complete,assets/workout-images/back-lever-pullout.png,"pass: anatomy style, one figure, back lever pullout frame",,
back-lever-tuck-hold,Back Lever Tuck Hold,tucked back lever,back-lever,skill,hold,rings; pull-up-bar,hanging,shoulder-extension; core-stability,isometric,bilateral,bodyweight,true,lats; rear delts; glutes,biceps; spinal erectors; grip,core-stability; glutes; lats; rear-delts,biceps; forearms-wrists; lower-back,shoulder; elbow; wrist; scapula; spine,advanced; gymnastics,gym; calisthenics-park; niche,advanced; gymnastics; gym; calisthenics-park; niche,true,Back Lever Tuck Hold exercise. equipment: rings; pull-up-bar. body position: hanging. movement pattern: shoulder-extension; core-stability. primary muscles: lats; rear delts; glutes. secondary muscles: biceps; spinal erectors; grip. target areas: core-stability; glutes; lats; rear-delts; biceps; forearms-wrists; lower-back. laterality: bilateral. load type: bodyweight. training context: gym; calisthenics-park; niche. visual cues: advanced; gymnastics,complete,assets/workout-images/back-lever-tuck-hold.png,"QA passed after regen: tuck back lever orientation, rings visible.",priority_20_80,86
back-to-wall-handstand-hold,Back-to-Wall Handstand Hold,Back-to-Wall Handstand Hold,handstand,skill,hold,floor; wall; parallettes,inverted,inversion; overhead-push,isometric,bilateral,bodyweight,true,front delts; triceps; upper back,core; forearms; serratus,core-stability; front-delts; triceps,forearms-wrists,shoulder; elbow; wrist; scapula,calisthenics; wall; handstand-progression,calisthenics; bodyweight; skill-training,calisthenics; bodyweight; wall; handstand-progression,true,Back-to-Wall Handstand Hold exercise. equipment: floor; wall; parallettes. body position: inverted. movement pattern: inversion; overhead-push. primary muscles: front delts; triceps; upper back. secondary muscles: core; forearms; serratus. target areas: core-stability; front-delts; triceps; forearms-wrists. laterality: bilateral. load type: bodyweight. training context: calisthenics; bodyweight; skill-training. visual cues: calisthenics; wall; handstand-progression,complete,assets/workout-images/back-to-wall-handstand-hold.png,"QA pass: complete wall handstand, 1080x1920.",,
balance-board-squat,Balance Board Squat,Balance Board Squat,balance-drill,skill,bodyweight-reps,balance-board,varied,squat; balance,controlled,bilateral,bodyweight,true,glute max; quads; calves,core; glute med,glutes; quads,core-stability,hip; knee; ankle,balance; stability; proprioception,balance; stability; athletic-prep,balance; stability; proprioception; skill; bodyweight-reps,true,Balance Board Squat exercise. equipment: balance-board. body position: varied. movement pattern: squat; balance. primary muscles: glute max; quads; calves. secondary muscles: core; glute med. target areas: glutes; quads; core-stability. laterality: bilateral. load type: bodyweight. training context: balance; stability; athletic-prep. visual cues: balance; stability; proprioception,complete,assets/workout-images/balance-board-squat.png,QA pass: anatomy style; squat on balance board with equipment shown; target muscles visible; no text/cropping.,priority_20_80,98
band-external-rotation,Band External Rotation,shoulder band external rotation; Band External Rotation,external-rotation,rehab,unilateral-pair,band; resistance-band,standing,external-rotation,dynamic,unilateral,external,false,external rotators,rear delts; lower traps,,rear-delts; traps,shoulder; scapula; elbow,rehab; rotator-cuff; warmup-friendly,gym; home; rehab-friendly,rehab; rotator-cuff; warmup-friendly; gym; home; rehab-friendly,true,Band External Rotation exercise. equipment: band; resistance-band. body position: standing. movement pattern: external-rotation. primary muscles: external rotators. secondary muscles: rear delts; lower traps. target areas: rear-delts; traps. laterality: unilateral. load type: external. training context: gym; home; rehab-friendly. visual cues: rehab; rotator-cuff; warmup-friendly,complete,assets/workout-images/band-external-rotation.png,"QA pass after regen: clear external rotation, 1080x1920.",,
band-pull-apart,Band Pull-Apart,pull apart; band pullapart,pull-apart,rehab,other,resistance-band,standing,horizontal-pull; scapular-control,dynamic,bilateral,external,false,rear delts; rhomboids; lower traps,rotator cuff; rear delts,rear-delts; traps; upper-back,,shoulder; scapula; elbow,rehab; warmup-friendly; posture,home; gym; rehab-friendly; warmup-friendly,rehab; warmup-friendly; posture; home; gym; rehab-friendly,true,Band Pull-Apart exercise. equipment: resistance-band. body position: standing. movement pattern: horizontal-pull; scapular-control. primary muscles: rear delts; rhomboids; lower traps. secondary muscles: rotator cuff; rear delts. target areas: rear-delts; traps; upper-back. laterality: bilateral. load type: external. training context: home; gym; rehab-friendly; warmup-friendly. visual cues: rehab; warmup-friendly; posture,complete,assets/workout-images/band-pull-apart.png,"QA passed after regen: rear-view pull-apart, upper-back targets highlighted.",priority_20_80,88
band-assisted-dip,Band-Assisted Dip,band dip,dip,calisthenics,assisted-bodyweight,dip-bars; resistance-band,supported,vertical-push,dynamic,bilateral,assisted-bodyweight,true,lower pecs; triceps; front delts,serratus,chest; front-delts; triceps,,shoulder; elbow; wrist; scapula,beginner; regression,gym; calisthenics-park,beginner; regression; gym; calisthenics-park,true,Band-Assisted Dip exercise. equipment: dip-bars; resistance-band. body position: supported. movement pattern: vertical-push. primary muscles: lower pecs; triceps; front delts. secondary muscles: serratus. target areas: chest; front-delts; triceps. laterality: bilateral. load type: assisted-bodyweight. training context: gym; calisthenics-park. visual cues: beginner; regression,complete,assets/workout-images/band-assisted-dip.png,"QA pass after regen: band supports foot, 1080x1920.",,
band-assisted-muscle-up,Band-Assisted Muscle-Up,banded muscle up; band muscle-up; muscle-up with band,muscle-up,calisthenics,assisted-bodyweight,pull-up-bar; rings; band; resistance-band,hanging|support,vertical-pull; vertical-push,mixed,bilateral,assisted-bodyweight,true,lats; triceps; pecs,biceps; front delts; core,chest; lats; triceps,biceps; core-stability; front-delts,shoulder; elbow; wrist; scapula,regression; muscle-up-progression; gymnastics,gym; calisthenics-park; crossfit-box,regression; muscle-up-progression; gymnastics; gym; calisthenics-park; crossfit-box,true,Band-Assisted Muscle-Up exercise. equipment: pull-up-bar; rings; band; resistance-band. body position: hanging|support. movement pattern: vertical-pull; vertical-push. primary muscles: lats; triceps; pecs. secondary muscles: biceps; front delts; core. target areas: chest; lats; triceps; biceps; core-stability; front-delts. laterality: bilateral. load type: assisted-bodyweight. training context: gym; calisthenics-park; crossfit-box. visual cues: regression; muscle-up-progression; gymnastics,complete,assets/workout-images/band-assisted-muscle-up.png,"QA pass after regen: complete bar/band, clear assisted muscle-up transition.",priority_20_80,80
band-assisted-nordic-curl,Band-Assisted Nordic Curl,assisted nordic ham curl,leg-curl,rehab,assisted-bodyweight,band; nordic-bench; partner-anchor,kneeling,knee-flexion,dynamic,bilateral,assisted-bodyweight,true,hamstrings,glutes; calves,hamstrings,glutes,knee; hip,eccentric; rehab,gym; home; rehab-friendly,eccentric; rehab; gym; home; rehab-friendly,true,Band-Assisted Nordic Curl exercise. equipment: band; nordic-bench; partner-anchor. body position: kneeling. movement pattern: knee-flexion. primary muscles: hamstrings. secondary muscles: glutes; calves. target areas: hamstrings; glutes. laterality: bilateral. load type: assisted-bodyweight. training context: gym; home; rehab-friendly. visual cues: eccentric; rehab,complete,assets/workout-images/band-assisted-nordic-curl.png,"1080x1920, one figure, one movement, no text/panels/watermark, white background, and reference style match. Regeneration fixes the prior upright-kneeling issue with a clear forward Nordic lean, visible band assistance and ankle anchor, no crop issues, and hamstring-dominant highlighting.",,
band-assisted-pull-up,Band-Assisted Pull-Up,banded pull up; band pull-up; pull-up with band; Band-Assisted Pull-Up,pull-up,calisthenics,assisted-bodyweight,pull-up-bar; band; resistance-band,hanging,vertical-pull,dynamic,bilateral,assisted-bodyweight,true,lats; biceps; teres major,mid back; forearms,biceps; lats,forearms-wrists; upper-back,shoulder; elbow; scapula; wrist,regression; beginner,gym; home; calisthenics-park,regression; beginner; gym; home; calisthenics-park,true,Band-Assisted Pull-Up exercise. equipment: pull-up-bar; band; resistance-band. body position: hanging. movement pattern: vertical-pull. primary muscles: lats; biceps; teres major. secondary muscles: mid back; forearms. target areas: biceps; lats; forearms-wrists; upper-back. laterality: bilateral. load type: assisted-bodyweight. training context: gym; home; calisthenics-park. visual cues: regression; beginner,complete,assets/workout-images/band-assisted-pull-up.png,"QA passed: assisted pull-up frame, bar and band visible, lats/biceps highlighted.",priority_20_80,81
banded-lateral-walk,Banded Lateral Walk,monster mini band walk; lateral band walk,lateral-walk,rehab,other,mini-band,standing,locomotion; hip-abduction,dynamic,alternating,external,false,glute med; glute min,tensor fasciae latae; glute max,glutes,lats,hip; knee; ankle,rehab; warmup-friendly; glute-med,home; gym; rehab-friendly; warmup-friendly,rehab; warmup-friendly; glute-med; home; gym; rehab-friendly,true,Banded Lateral Walk exercise. equipment: mini-band. body position: standing. movement pattern: locomotion; hip-abduction. primary muscles: glute med; glute min. secondary muscles: tensor fasciae latae; glute max. target areas: glutes; lats. laterality: alternating. load type: external. training context: home; gym; rehab-friendly; warmup-friendly. visual cues: rehab; warmup-friendly; glute-med,complete,assets/workout-images/banded-lateral-walk.png,"QA pass: visible mini-band lateral step, 1080x1920.",,
banded-shoulder-distraction,Banded Shoulder Distraction,Banded Shoulder Distraction,mobility-drill,mobility,mobility,resistance-band,varied,shoulder-flexion,controlled,bilateral,bodyweight,true,lats; pecs,,,chest; lats,shoulder; scapula,mobility; stretch,mobility; stretch; warmup,mobility; stretch,true,Banded Shoulder Distraction exercise. equipment: resistance-band. body position: varied. movement pattern: shoulder-flexion. primary muscles: lats; pecs. target areas: chest; lats. laterality: bilateral. load type: bodyweight. training context: mobility; stretch; warmup. visual cues: mobility; stretch,complete,assets/workout-images/banded-shoulder-distraction.png,"QA pass: clear overhead band traction, 1080x1920.",,
bar-muscle-up,Bar Muscle-Up,muscle up; straight bar muscle up; kipping bar muscle-up; Bar Muscle-Up,muscle-up,skill,bodyweight-reps,pull-up-bar,hanging,vertical-pull; vertical-push,mixed,bilateral,bodyweight,true,lats; triceps; pecs,biceps; front delts; core,lats; chest; triceps; biceps,core-stability,shoulder; elbow; wrist; scapula,advanced; gymnastics; streetlifting; crossfit; kip,calisthenics-park; gym; niche; crossfit-box,advanced; gymnastics; streetlifting; crossfit; kip; calisthenics-park; gym; niche; crossfit-box,true,Bar Muscle-Up exercise. equipment: pull-up-bar. body position: hanging. movement pattern: vertical-pull; vertical-push. primary muscles: lats; triceps; pecs. secondary muscles: biceps; front delts; core. target areas: lats; chest; triceps; biceps; core-stability. laterality: bilateral. load type: bodyweight. training context: calisthenics-park; gym; niche; crossfit-box. visual cues: advanced; gymnastics; streetlifting; crossfit; kip,complete,assets/workout-images/bar-muscle-up.png,"QA pass after retry: transition frame with bent elbows/wrist rollover, no locked support.",priority_20_80,40
barbell-back-squat,Barbell Back Squat,high bar squat; low bar squat; back squat; bb back squat; Barbell Back Squat,squat,strength,bilateral-load,barbell; rack; squat-rack,standing,squat,dynamic,bilateral,external,false,quads; glute max; adductors,hamstrings; spinal erectors; core,adductors; glutes; quads,core-stability; hamstrings; lower-back,hip; knee; ankle; spine,compound; strength; strength-sport,gym; rack; free-weights,compound; strength; strength-sport; gym; rack; free-weights,true,Barbell Back Squat exercise. equipment: barbell; rack; squat-rack. body position: standing. movement pattern: squat. primary muscles: quads; glute max; adductors. secondary muscles: hamstrings; spinal erectors; core. target areas: adductors; glutes; quads; core-stability; hamstrings; lower-back. laterality: bilateral. load type: external. training context: gym; rack; free-weights. visual cues: compound; strength; strength-sport,complete,assets/workout-images/barbell-back-squat.png,"1080x1920. Clean single figure on white background with rack and barbell. Regeneration fixes the prior issue by showing a clear squat position; target muscles are plausible for quads, glutes, adductors, core, and posterior chain, with no replacement-level crop issue.",,
barbell-bench-press,Barbell Bench Press,bench press; flat barbell bench; bb bench; bb bench press; Barbell Bench Press,bench-press,strength,bilateral-load,barbell; bench; rack; flat-bench,lying-supine,horizontal-push,dynamic,bilateral,external,false,pecs; triceps; front delts,serratus; lats,chest; front-delts; triceps,lats,shoulder; elbow; scapula,compound; strength; powerlifting,gym; bench-area; free-weights,compound; strength; powerlifting; gym; bench-area; free-weights,true,Barbell Bench Press exercise. equipment: barbell; bench; rack; flat-bench. body position: lying-supine. movement pattern: horizontal-push. primary muscles: pecs; triceps; front delts. secondary muscles: serratus; lats. target areas: chest; front-delts; triceps; lats. laterality: bilateral. load type: external. training context: gym; bench-area; free-weights. visual cues: compound; strength; powerlifting,complete,assets/workout-images/barbell-bench-press.png,"Exact 1080x1920, one figure, one barbell bench press setup, no text/panels/watermark, white background, and no crop issues. Press is shown near lockout rather than the bottom phase, but posture, rack/bench/barbell equipment, style, and highlighted chest/triceps/front-delts are acceptable.",,
barbell-bent-over-row,Barbell Bent-Over Row,bent over row; barbell row; bent over barbell row; Barbell Bent-Over Row,row,strength,bilateral-load,barbell; plates,standing,horizontal-pull,dynamic,bilateral,external,false,lats; mid back; rear delts,biceps; spinal erectors; forearms,lats; rear-delts; upper-back,biceps; forearms-wrists; lower-back,shoulder; elbow; scapula; spine,compound,gym; free-weights,compound; gym; free-weights,true,Barbell Bent-Over Row exercise. equipment: barbell; plates. body position: standing. movement pattern: horizontal-pull. primary muscles: lats; mid back; rear delts. secondary muscles: biceps; spinal erectors; forearms. target areas: lats; rear-delts; upper-back; biceps; forearms-wrists; lower-back. laterality: bilateral. load type: external. training context: gym; free-weights. visual cues: compound,complete,assets/workout-images/barbell-bent-over-row.png,"1080x1920. Clean single figure on white background with loaded barbell. Regeneration now shows the row contraction with elbows pulled back rather than only the bottom hang; lats, upper back, rear delts, biceps, and forearms are emphasized plausibly.",,
barbell-box-squat,Barbell Box Squat,box squat,squat,strength,bilateral-load,barbell; squat-rack; box,standing,squat,dynamic,bilateral,external,false,glute max; quads; adductors,hamstrings; spinal erectors; abs,adductors; glutes; quads,abs; hamstrings; lower-back,hip; knee; spine,powerlifting; box,gym; free-weights,powerlifting; box; gym; free-weights,true,Barbell Box Squat exercise. equipment: barbell; squat-rack; box. body position: standing. movement pattern: squat. primary muscles: glute max; quads; adductors. secondary muscles: hamstrings; spinal erectors; abs. target areas: adductors; glutes; quads; abs; hamstrings; lower-back. laterality: bilateral. load type: external. training context: gym; free-weights. visual cues: powerlifting; box,complete,assets/workout-images/barbell-box-squat.png,QA approved after regeneration: clear barbell box squat with rack and box; lower-body overlays acceptable.,,
barbell-bulgarian-split-squat,Barbell Bulgarian Split Squat,rear foot elevated split squat; RFESS,split-squat,strength,bilateral-load,barbell; bench; rack,standing,squat,dynamic,unilateral,external,false,quads; glute max; adductors,hamstrings; glute med; core,adductors; glutes; quads,core-stability; hamstrings,hip; knee; ankle,single-leg,gym; rack,single-leg; gym; rack,true,Barbell Bulgarian Split Squat exercise. equipment: barbell; bench; rack. body position: standing. movement pattern: squat. primary muscles: quads; glute max; adductors. secondary muscles: hamstrings; glute med; core. target areas: adductors; glutes; quads; core-stability; hamstrings. laterality: unilateral. load type: external. training context: gym; rack. visual cues: single-leg,complete,assets/workout-images/barbell-bulgarian-split-squat.png,"Passes format and composition checks. Rear foot elevated split-squat position is clear, one figure/one movement, barbell and bench setup are accurate, and highlighted quads/glutes/adductors/core are appropriate for the exercise.",,
barbell-clean,Barbell Clean,squat clean; clean,clean,skill,bilateral-load,barbell,standing|front-rack,hinge; pull; squat,explosive,bilateral,external,false,quads; glute max; upper back,hamstrings; calves; traps; abs,glutes; quads,abs; hamstrings; traps,hip; knee; ankle; shoulder; wrist; elbow,olympic-lifting; power,gym; free-weights,olympic-lifting; power; gym; free-weights,true,Barbell Clean exercise. equipment: barbell. body position: standing|front-rack. movement pattern: hinge; pull; squat. primary muscles: quads; glute max; upper back. secondary muscles: hamstrings; calves; traps; abs. target areas: glutes; quads; abs; hamstrings; traps. laterality: bilateral. load type: external. training context: gym; free-weights. visual cues: olympic-lifting; power,complete,assets/workout-images/barbell-clean.png,"1080x1920; grayscale anatomy style with no colored skin; clear front-rack clean catch, full barbell, white background, target overlays only.",,
barbell-clean-and-jerk,Barbell Clean and Jerk,clean & jerk; c and j; c&j,clean-and-jerk,skill,bilateral-load,barbell,standing|front-rack|overhead,hinge; squat; vertical-push,explosive,bilateral,external,false,quads; glute max; front delts; triceps,upper back; hamstrings; calves; traps; abs,front-delts; glutes; quads; triceps,abs; hamstrings; traps,hip; knee; ankle; shoulder; elbow; wrist,olympic-lifting; power; overhead,gym; free-weights,olympic-lifting; power; overhead; gym; free-weights,true,Barbell Clean and Jerk exercise. equipment: barbell. body position: standing|front-rack|overhead. movement pattern: hinge; squat; vertical-push. primary muscles: quads; glute max; front delts; triceps. secondary muscles: upper back; hamstrings; calves; traps; abs. target areas: front-delts; glutes; quads; triceps; abs; hamstrings; traps. laterality: bilateral. load type: external. training context: gym; free-weights. visual cues: olympic-lifting; power; overhead,complete,assets/workout-images/barbell-clean-and-jerk.png,"1080x1920; grayscale anatomy style with no colored skin; clear overhead jerk catch, full barbell, white background, target overlays only.",,
barbell-curl,Barbell Curl,standing barbell curl; bb curl,curl,hypertrophy,bilateral-load,barbell,standing,elbow-flexion,dynamic,bilateral,external,false,biceps; brachialis,forearms,biceps,forearms-wrists,elbow; wrist,arm-isolation,gym; free-weights,arm-isolation; gym; free-weights,true,Barbell Curl exercise. equipment: barbell. body position: standing. movement pattern: elbow-flexion. primary muscles: biceps; brachialis. secondary muscles: forearms. target areas: biceps; forearms-wrists. laterality: bilateral. load type: external. training context: gym; free-weights. visual cues: arm-isolation,complete,assets/workout-images/barbell-curl.png,QA approved: clear supinated barbell curl; biceps and forearm overlays match.,,
barbell-deadlift,Barbell Deadlift,conventional deadlift; deadlift; bb deadlift; Barbell Deadlift,deadlift,strength,bilateral-load,barbell; plates,standing,hinge,dynamic,bilateral,external,false,glute max; hamstrings; spinal erectors,lats; upper back; forearms; quads,glutes; hamstrings; lower-back,forearms-wrists; lats; quads,hip; knee; spine; shoulder,compound; strength; strength-sport; grip,gym; platform; free-weights,compound; strength; strength-sport; grip; gym; platform; free-weights,true,Barbell Deadlift exercise. equipment: barbell; plates. body position: standing. movement pattern: hinge. primary muscles: glute max; hamstrings; spinal erectors. secondary muscles: lats; upper back; forearms; quads. target areas: glutes; hamstrings; lower-back; forearms-wrists; lats; quads. laterality: bilateral. load type: external. training context: gym; platform; free-weights. visual cues: compound; strength; strength-sport; grip,complete,assets/workout-images/barbell-deadlift.png,"1080x1920. Clean single figure on white background with loaded barbell. The movement reads as a deadlift setup/pull and the previous severe barbell crop is resolved enough for use; target emphasis is plausible for posterior chain, quads, lats, and forearms.",,
barbell-floor-press,Barbell Floor Press,floor press,bench-press,strength,bilateral-load,barbell; floor,lying-supine,horizontal-push,dynamic,bilateral,external,false,triceps; pecs; front delts,serratus,chest; front-delts; triceps,,shoulder; elbow; wrist,partial-range; lockout-focus,gym; free-weights; home,partial-range; lockout-focus; gym; free-weights; home,true,Barbell Floor Press exercise. equipment: barbell; floor. body position: lying-supine. movement pattern: horizontal-push. primary muscles: triceps; pecs; front delts. secondary muscles: serratus. target areas: chest; front-delts; triceps. laterality: bilateral. load type: external. training context: gym; free-weights; home. visual cues: partial-range; lockout-focus,complete,assets/workout-images/barbell-floor-press.png,"1080x1920. One figure, one movement, no text/panels/watermark, white background, and reference style match. Barbell floor press equipment and supine floor posture are accurate; chest, triceps, and front-delt highlighting is appropriate.",,
barbell-front-squat,Barbell Front Squat,front squat; clean grip front squat; cross arm front squat; Barbell Front Squat,squat,strength,bilateral-load,barbell; rack; squat-rack,standing,squat,dynamic,bilateral,external,false,quads; upper back; glute max,adductors; core; spinal erectors,glutes; quads,adductors; core-stability; lower-back,hip; knee; ankle; spine; shoulder,compound; upright-torso; front-rack; olympic-lifting; strength-sport,gym; rack; free-weights,compound; upright-torso; front-rack; olympic-lifting; strength-sport; gym; rack; free-weights,true,Barbell Front Squat exercise. equipment: barbell; rack; squat-rack. body position: standing. movement pattern: squat. primary muscles: quads; upper back; glute max. secondary muscles: adductors; core; spinal erectors. target areas: glutes; quads; adductors; core-stability; lower-back. laterality: bilateral. load type: external. training context: gym; rack; free-weights. visual cues: compound; upright-torso; front-rack; olympic-lifting; strength-sport,complete,assets/workout-images/barbell-front-squat.png,"1080x1920. Clean single figure on white background with rack and front-rack barbell. Regeneration fixes the prior hold/top-position issue by showing a front squat posture; target muscles are broadly accurate and there are no text, panel, watermark, or replacement-level crop issues.",,
barbell-good-morning,Barbell Good Morning,good morning; Barbell Good Morning,hinge,hypertrophy,bilateral-load,barbell; rack,standing,hinge,dynamic,bilateral,external,false,hamstrings; glute max; spinal erectors,adductors; core,glutes; hamstrings; lower-back,adductors; core-stability,hip; spine; knee,posterior-chain; hip-hinge,gym; rack; free-weights,posterior-chain; hip-hinge; gym; rack; free-weights,true,Barbell Good Morning exercise. equipment: barbell; rack. body position: standing. movement pattern: hinge. primary muscles: hamstrings; glute max; spinal erectors. secondary muscles: adductors; core. target areas: glutes; hamstrings; lower-back; adductors; core-stability. laterality: bilateral. load type: external. training context: gym; rack; free-weights. visual cues: posterior-chain; hip-hinge,complete,assets/workout-images/barbell-good-morning.png,QA pass after hinge/bar-position regeneration.,,
barbell-hang-clean,Barbell Hang Clean,hang clean,clean,skill,bilateral-load,barbell,standing|front-rack,hinge; pull,explosive,bilateral,external,false,glute max; quads; upper back,hamstrings; calves; traps; abs,glutes; quads,abs; hamstrings; traps,hip; knee; ankle; shoulder; wrist; elbow,olympic-lifting; hang; power,gym; free-weights,olympic-lifting; hang; power; gym; free-weights,true,Barbell Hang Clean exercise. equipment: barbell. body position: standing|front-rack. movement pattern: hinge; pull. primary muscles: glute max; quads; upper back. secondary muscles: hamstrings; calves; traps; abs. target areas: glutes; quads; abs; hamstrings; traps. laterality: bilateral. load type: external. training context: gym; free-weights. visual cues: olympic-lifting; hang; power,complete,assets/workout-images/barbell-hang-clean.png,"QA passed: front-rack hang clean catch, full bar visible, anatomy targets clear.",,
barbell-hang-snatch,Barbell Hang Snatch,hang snatch,snatch,skill,bilateral-load,barbell,standing|overhead,hinge; pull; overhead,explosive,bilateral,external,false,glute max; upper back; quads,hamstrings; calves; traps; abs; shoulders,glutes; quads,abs; hamstrings; traps,hip; knee; ankle; shoulder; wrist,olympic-lifting; hang; power; overhead,gym; free-weights,olympic-lifting; hang; power; overhead; gym; free-weights,true,Barbell Hang Snatch exercise. equipment: barbell. body position: standing|overhead. movement pattern: hinge; pull; overhead. primary muscles: glute max; upper back; quads. secondary muscles: hamstrings; calves; traps; abs; shoulders. target areas: glutes; quads; abs; hamstrings; traps. laterality: bilateral. load type: external. training context: gym; free-weights. visual cues: olympic-lifting; hang; power; overhead,complete,assets/workout-images/barbell-hang-snatch.png,"pass: anatomy style, one figure, hang snatch catch frame",,
barbell-hip-thrust,Barbell Hip Thrust,hip thrust; bb hip thrust; barbell glute thrust; Barbell Hip Thrust,hip-thrust,hypertrophy,bilateral-load,barbell; bench,supported,hinge,dynamic,bilateral,external,false,glute max,hamstrings; adductors; core,glutes; lower-back,adductors; core-stability; hamstrings,hip; spine,glute-focus,gym; free-weights,glute-focus; gym; free-weights,true,Barbell Hip Thrust exercise. equipment: barbell; bench. body position: supported. movement pattern: hinge. primary muscles: glute max. secondary muscles: hamstrings; adductors; core. target areas: glutes; lower-back; adductors; core-stability; hamstrings. laterality: bilateral. load type: external. training context: gym; free-weights. visual cues: glute-focus,complete,assets/workout-images/barbell-hip-thrust.png,1080x1920. Clean single figure on white background with bench and padded barbell. Regeneration fixes the prior target issue by emphasizing glutes and hamstrings instead of abs/quads; posture and equipment read clearly as a hip thrust.,,
barbell-incline-bench-press,Barbell Incline Bench Press,incline barbell bench; incline bench press; incline bb bench press; Incline Barbell Bench Press,bench-press,hypertrophy,bilateral-load,barbell; bench; rack; incline-bench,incline,horizontal-push,dynamic,bilateral,external,false,upper chest; front delts; triceps,pecs; serratus,chest; front-delts; triceps,,shoulder; elbow; scapula,upper-chest; compound,gym; bench-area; free-weights,upper-chest; compound; gym; bench-area; free-weights,true,Barbell Incline Bench Press exercise. equipment: barbell; bench; rack; incline-bench. body position: incline. movement pattern: horizontal-push. primary muscles: upper chest; front delts; triceps. secondary muscles: pecs; serratus. target areas: chest; front-delts; triceps. laterality: bilateral. load type: external. training context: gym; bench-area; free-weights. visual cues: upper-chest; compound,complete,assets/workout-images/barbell-incline-bench-press.png,"Exact 1080x1920, one figure, one incline bench press setup, no text/panels/watermark, white background, and no crop issues. Press is shown near lockout, but incline bench, rack, barbell, posture, style, and upper-chest/front-delt/triceps highlighting are acceptable.",,
barbell-overhead-squat,Barbell Overhead Squat,overhead squat; OHS; Barbell Overhead Squat,squat,strength,bilateral-load,barbell; rack; squat-rack,standing,squat; overhead,dynamic,bilateral,external,false,quads; glute max; upper back,shoulders; core; spinal erectors; adductors,glutes; quads,adductors; core-stability; lower-back,shoulder; scapula; hip; knee; ankle; spine,advanced; overhead; mobility-demanding; olympic-lifting,gym; olympic-lifting; free-weights; niche,advanced; overhead; mobility-demanding; olympic-lifting; gym; free-weights; niche,true,Barbell Overhead Squat exercise. equipment: barbell; rack; squat-rack. body position: standing. movement pattern: squat; overhead. primary muscles: quads; glute max; upper back. secondary muscles: shoulders; core; spinal erectors; adductors. target areas: glutes; quads; adductors; core-stability; lower-back. laterality: bilateral. load type: external. training context: gym; olympic-lifting; free-weights; niche. visual cues: advanced; overhead; mobility-demanding; olympic-lifting,complete,assets/workout-images/barbell-overhead-squat.png,"Pass; clear overhead squat bottom position, full bar/rack visible, anatomy overlays correct.",,
barbell-power-clean,Barbell Power Clean,power clean,clean,skill,bilateral-load,barbell,standing|front-rack,hinge; pull,explosive,bilateral,external,false,glute max; quads; upper back,hamstrings; calves; traps; abs,glutes; quads,abs; hamstrings; traps,hip; knee; ankle; shoulder; wrist; elbow,olympic-lifting; power,gym; free-weights,olympic-lifting; power; gym; free-weights,true,Barbell Power Clean exercise. equipment: barbell. body position: standing|front-rack. movement pattern: hinge; pull. primary muscles: glute max; quads; upper back. secondary muscles: hamstrings; calves; traps; abs. target areas: glutes; quads; abs; hamstrings; traps. laterality: bilateral. load type: external. training context: gym; free-weights. visual cues: olympic-lifting; power,complete,assets/workout-images/barbell-power-clean.png,"QA passed: front-rack power clean catch, uncropped full bar, anatomy targets clear.",,
barbell-power-snatch,Barbell Power Snatch,power snatch,snatch,skill,bilateral-load,barbell,standing|overhead,hinge; pull; overhead,explosive,bilateral,external,false,glute max; upper back; quads,hamstrings; calves; traps; abs; shoulders,glutes; quads,abs; hamstrings; traps,hip; knee; ankle; shoulder; wrist,olympic-lifting; power; overhead,gym; free-weights,olympic-lifting; power; overhead; gym; free-weights,true,Barbell Power Snatch exercise. equipment: barbell. body position: standing|overhead. movement pattern: hinge; pull; overhead. primary muscles: glute max; upper back; quads. secondary muscles: hamstrings; calves; traps; abs; shoulders. target areas: glutes; quads; abs; hamstrings; traps. laterality: bilateral. load type: external. training context: gym; free-weights. visual cues: olympic-lifting; power; overhead,complete,assets/workout-images/barbell-power-snatch.png,"QA passed: power catch, full barbell, glutes/quads highlighted.",,
barbell-push-jerk,Barbell Push Jerk,push jerk,jerk,skill,bilateral-load,barbell; rack,standing,vertical-push; overhead,explosive,bilateral,external,false,front delts; triceps; quads,glute max; calves; upper traps; abs,front-delts; quads; triceps,abs; glutes; traps,shoulder; elbow; wrist; hip; knee; ankle,olympic-lifting; overhead; power,gym; free-weights,olympic-lifting; overhead; power; gym; free-weights,true,Barbell Push Jerk exercise. equipment: barbell; rack. body position: standing. movement pattern: vertical-push; overhead. primary muscles: front delts; triceps; quads. secondary muscles: glute max; calves; upper traps; abs. target areas: front-delts; quads; triceps; abs; glutes; traps. laterality: bilateral. load type: external. training context: gym; free-weights. visual cues: olympic-lifting; overhead; power,complete,assets/workout-images/barbell-push-jerk.png,"QA passed: overhead receiving frame with knee re-bend, full bar visible.",,
barbell-push-press,Barbell Push Press,push press; Barbell Push Press,overhead-press,strength,bilateral-load,barbell; rack,standing,vertical-push,mixed,bilateral,external,false,front delts; triceps; quads,glute max; core; upper chest,front-delts; quads; triceps,chest; core-stability; glutes,shoulder; elbow; hip; knee; ankle,explosive; overhead; olympic-lifting; power,gym; olympic-lifting; free-weights,explosive; overhead; olympic-lifting; power; gym; free-weights,true,Barbell Push Press exercise. equipment: barbell; rack. body position: standing. movement pattern: vertical-push. primary muscles: front delts; triceps; quads. secondary muscles: glute max; core; upper chest. target areas: front-delts; quads; triceps; chest; core-stability; glutes. laterality: bilateral. load type: external. training context: gym; olympic-lifting; free-weights. visual cues: explosive; overhead; olympic-lifting; power,complete,assets/workout-images/barbell-push-press.png,1080x1920; correct push-press dip/drive frame with barbell.,,
barbell-rack-pull,Barbell Rack Pull,rack pull; block pull; pin pull,deadlift,strength,bilateral-load,barbell; rack; blocks; power-rack,standing,hinge,dynamic,bilateral,external,false,spinal erectors; glute max; upper back,hamstrings; lats; forearms,glutes; lower-back,forearms-wrists; hamstrings; lats,hip; spine; knee,strength; lockout-focus; partial-range; powerlifting; grip,gym; rack; free-weights,strength; lockout-focus; partial-range; powerlifting; grip; gym; rack; free-weights,true,Barbell Rack Pull exercise. equipment: barbell; rack; blocks; power-rack. body position: standing. movement pattern: hinge. primary muscles: spinal erectors; glute max; upper back. secondary muscles: hamstrings; lats; forearms. target areas: glutes; lower-back; forearms-wrists; hamstrings; lats. laterality: bilateral. load type: external. training context: gym; rack; free-weights. visual cues: strength; lockout-focus; partial-range; powerlifting; grip,complete,assets/workout-images/barbell-rack-pull.png,"QA approved: accurate rack-pull setup, hinge posture, and posterior-chain emphasis.",,
barbell-reverse-lunge,Barbell Reverse Lunge,reverse lunge,lunge,strength,bilateral-load,barbell; rack,standing,squat; locomotion,dynamic,unilateral,external,false,quads; glute max; adductors,hamstrings; glute med; core,adductors; glutes; quads,core-stability; hamstrings,hip; knee; ankle,single-leg,gym; rack,single-leg; gym; rack,true,Barbell Reverse Lunge exercise. equipment: barbell; rack. body position: standing. movement pattern: squat; locomotion. primary muscles: quads; glute max; adductors. secondary muscles: hamstrings; glute med; core. target areas: adductors; glutes; quads; core-stability; hamstrings. laterality: unilateral. load type: external. training context: gym; rack. visual cues: single-leg,complete,assets/workout-images/barbell-reverse-lunge.png,"Passes format and composition checks. Bottom reverse-lunge posture communicates the exercise clearly, barbell back-rack grip is accurate, and the highlighted quads/glutes/adductors/hamstrings match the target row.",,
barbell-romanian-deadlift,Barbell Romanian Deadlift,romanian deadlift; RDL; bb RDL; Barbell Romanian Deadlift,hinge,hypertrophy,bilateral-load,barbell; plates,standing,hinge,dynamic,bilateral,external,false,hamstrings; glute max,spinal erectors; lats; forearms,glutes; hamstrings; lower-back,forearms-wrists; lats,hip; spine; knee,posterior-chain,gym; free-weights,posterior-chain; gym; free-weights,true,Barbell Romanian Deadlift exercise. equipment: barbell; plates. body position: standing. movement pattern: hinge. primary muscles: hamstrings; glute max. secondary muscles: spinal erectors; lats; forearms. target areas: glutes; hamstrings; lower-back; forearms-wrists; lats. laterality: bilateral. load type: external. training context: gym; free-weights. visual cues: posterior-chain,complete,assets/workout-images/barbell-romanian-deadlift.png,"1080x1920. Clean single figure on white background with loaded barbell. Regeneration fixes the prior upright lockout issue by showing a Romanian deadlift hinge; hamstrings and glutes are now primary visual targets, with supporting lower back and forearms.",,
barbell-shrug,Barbell Shrug,shrug; Barbell Shrug,shrug,hypertrophy,bilateral-load,barbell; plates,standing,shrug,dynamic,bilateral,external,false,upper traps,forearms; levator scapulae,traps,forearms-wrists,scapula; shoulder,trap-focus; grip,gym; free-weights,trap-focus; grip; gym; free-weights,true,Barbell Shrug exercise. equipment: barbell; plates. body position: standing. movement pattern: shrug. primary muscles: upper traps. secondary muscles: forearms; levator scapulae. target areas: traps; forearms-wrists. laterality: bilateral. load type: external. training context: gym; free-weights. visual cues: trap-focus; grip,complete,assets/workout-images/barbell-shrug.png,QA pass after white background correction.,,
barbell-snatch,Barbell Snatch,squat snatch; snatch,snatch,skill,bilateral-load,barbell,standing|overhead,hinge; pull; squat; overhead,explosive,bilateral,external,false,glute max; quads; upper back,hamstrings; calves; traps; abs; shoulders,glutes; quads,abs; hamstrings; traps,hip; knee; ankle; shoulder; wrist; spine,olympic-lifting; power; overhead,gym; free-weights,olympic-lifting; power; overhead; gym; free-weights,true,Barbell Snatch exercise. equipment: barbell. body position: standing|overhead. movement pattern: hinge; pull; squat; overhead. primary muscles: glute max; quads; upper back. secondary muscles: hamstrings; calves; traps; abs; shoulders. target areas: glutes; quads; abs; hamstrings; traps. laterality: bilateral. load type: external. training context: gym; free-weights. visual cues: olympic-lifting; power; overhead,complete,assets/workout-images/barbell-snatch.png,"1080x1920; grayscale anatomy style with no colored skin; clear overhead snatch catch, full barbell, white background, target overlays only.",,
barbell-split-jerk,Barbell Split Jerk,split jerk,jerk,skill,bilateral-load,barbell; rack,standing|split-stance,vertical-push; overhead,explosive,bilateral,external,false,front delts; triceps; quads,glute max; calves; upper traps; abs,front-delts; quads; triceps,abs; glutes; traps,shoulder; elbow; wrist; hip; knee; ankle,olympic-lifting; overhead; power,gym; free-weights,olympic-lifting; overhead; power; gym; free-weights,true,Barbell Split Jerk exercise. equipment: barbell; rack. body position: standing|split-stance. movement pattern: vertical-push; overhead. primary muscles: front delts; triceps; quads. secondary muscles: glute max; calves; upper traps; abs. target areas: front-delts; quads; triceps; abs; glutes; traps. laterality: bilateral. load type: external. training context: gym; free-weights. visual cues: olympic-lifting; overhead; power,complete,assets/workout-images/barbell-split-jerk.png,"QA pass: split jerk frame, full bar visible, target delts/triceps/quads accurate.",,
barbell-static-hold,Barbell Static Hold,static bar hold; deadlift hold,static-hold,strength,weighted-hold,barbell; rack,standing,grip; hinge,isometric,bilateral,external,false,forearms; grip; upper back,spinal erectors; lats,core-stability; forearms-wrists; lower-back,lats,wrist; elbow; shoulder; spine,grip; deadlift-support,gym,grip; deadlift-support; gym,true,Barbell Static Hold exercise. equipment: barbell; rack. body position: standing. movement pattern: grip; hinge. primary muscles: forearms; grip; upper back. secondary muscles: spinal erectors; lats. target areas: core-stability; forearms-wrists; lower-back; lats. laterality: bilateral. load type: external. training context: gym. visual cues: grip; deadlift-support,complete,assets/workout-images/barbell-static-hold.png,"QA passed: 1080x1920; one figure, one static standing barbell hold, full bar visible with correct grip, no crop. White background, no text/panels/watermark, reference anatomy style; red/orang",,
barbell-sumo-deadlift,Barbell Sumo Deadlift,sumo deadlift; Barbell Sumo Deadlift,deadlift,strength,bilateral-load,barbell; plates,standing,hinge,dynamic,bilateral,external,false,glute max; adductors; quads,hamstrings; spinal erectors; upper back,adductors; glutes; lower-back; quads,hamstrings,hip; knee; spine,compound; strength; wide-stance; strength-sport,gym; platform; free-weights,compound; strength; wide-stance; strength-sport; gym; platform; free-weights,true,Barbell Sumo Deadlift exercise. equipment: barbell; plates. body position: standing. movement pattern: hinge. primary muscles: glute max; adductors; quads. secondary muscles: hamstrings; spinal erectors; upper back. target areas: adductors; glutes; lower-back; quads; hamstrings. laterality: bilateral. load type: external. training context: gym; platform; free-weights. visual cues: compound; strength; wide-stance; strength-sport,complete,assets/workout-images/barbell-sumo-deadlift.png,QA approved: accurate sumo stance and inside-hand grip with correct posterior/lower-body emphasis.,,
sumo-deadlift-high-pull,Barbell Sumo Deadlift High Pull,sdhp; sumo deadlift high pull,high-pull,mixed,bilateral-load,barbell,standing,hinge; vertical-pull,explosive,bilateral,external,false,glute max; quads; upper traps,hamstrings; rear delts; forearms,glutes; lower-back; quads; traps,forearms-wrists; hamstrings; rear-delts,hip; knee; shoulder; elbow,crossfit; conditioning,gym; free-weights,crossfit; conditioning; gym; free-weights,true,Barbell Sumo Deadlift High Pull exercise. equipment: barbell. body position: standing. movement pattern: hinge; vertical-pull. primary muscles: glute max; quads; upper traps. secondary muscles: hamstrings; rear delts; forearms. target areas: glutes; lower-back; quads; traps; forearms-wrists; hamstrings; rear-delts. laterality: bilateral. load type: external. training context: gym; free-weights. visual cues: crossfit; conditioning,complete,assets/workout-images/sumo-deadlift-high-pull.png,"QA passed after style correction: 1080x1920; grayscale/white anatomy body matches reference style; one sumo high-pull frame; red/orange glutes, lower-back, quads, and traps; no text/panels/watermark/cropping.",,
barbell-thruster,Barbell Thruster,thruster,thruster,mixed,bilateral-load,barbell; rack,standing|front-rack,squat; vertical-push,mixed,bilateral,external,false,quads; glute max; front delts; triceps,upper back; abs,front-delts; glutes; quads; triceps,abs,hip; knee; ankle; shoulder; elbow,crossfit; conditioning; overhead,gym; free-weights,crossfit; conditioning; overhead; gym; free-weights,true,Barbell Thruster exercise. equipment: barbell; rack. body position: standing|front-rack. movement pattern: squat; vertical-push. primary muscles: quads; glute max; front delts; triceps. secondary muscles: upper back; abs. target areas: front-delts; glutes; quads; triceps; abs. laterality: bilateral. load type: external. training context: gym; free-weights. visual cues: crossfit; conditioning; overhead,complete,assets/workout-images/barbell-thruster.png,"1080x1920; grayscale anatomy style with no colored skin; barbell thruster/front-rack squat-drive frame, full barbell, white background, target overlays only.",,
barbell-upright-row,Barbell Upright Row,upright row,upright-row,hypertrophy,bilateral-load,barbell,standing,vertical-pull; shoulder-abduction,dynamic,bilateral,external,false,lateral delts; upper traps,front delts; forearms,lats; side-delts; traps,forearms-wrists; front-delts,shoulder; elbow; wrist; scapula,shoulder-focus,gym; free-weights,shoulder-focus; gym; free-weights,true,Barbell Upright Row exercise. equipment: barbell. body position: standing. movement pattern: vertical-pull; shoulder-abduction. primary muscles: lateral delts; upper traps. secondary muscles: front delts; forearms. target areas: lats; side-delts; traps; forearms-wrists; front-delts. laterality: bilateral. load type: external. training context: gym; free-weights. visual cues: shoulder-focus,complete,assets/workout-images/barbell-upright-row.png,"1080x1920; correct upright-row frame, grip, and target muscles.",,
barbell-walking-lunge,Barbell Walking Lunge,walking lunge; bodyweight walking lunge,lunge,conditioning,bilateral-load,barbell; rack; none,standing,squat; locomotion,dynamic,alternating,external,false,quads; glute max; adductors,hamstrings; core; glute med,adductors; glutes; quads,core-stability; hamstrings,hip; knee; ankle,single-leg; unilateral,gym; rack; home,single-leg; unilateral; gym; rack; home,true,Barbell Walking Lunge exercise. equipment: barbell; rack; none. body position: standing. movement pattern: squat; locomotion. primary muscles: quads; glute max; adductors. secondary muscles: hamstrings; core; glute med. target areas: adductors; glutes; quads; core-stability; hamstrings. laterality: alternating. load type: external. training context: gym; rack; home. visual cues: single-leg; unilateral,complete,assets/workout-images/barbell-walking-lunge.png,"Final targeted edit accepted: barbell walking-lunge frame communicates a forward stepping lunge with full barbell/body visible, white background, 1080x1920.",,
battle-rope-slams,Battle Rope Slams,double arm slams; rope slams,battle-ropes,conditioning,cardio-manual,battle-ropes,standing,vertical-push; core-flexion,cyclical,bilateral,external,false,shoulders; abs; forearms,triceps; lats; cardiorespiratory system,,abs; forearms-wrists,shoulder; elbow; wrist; spine; hip,conditioning; explosive,gym; conditioning,conditioning; explosive; gym,true,Battle Rope Slams exercise. equipment: battle-ropes. body position: standing. movement pattern: vertical-push; core-flexion. primary muscles: shoulders; abs; forearms. secondary muscles: triceps; lats; cardiorespiratory system. target areas: abs; forearms-wrists. laterality: bilateral. load type: external. training context: gym; conditioning. visual cues: conditioning; explosive,complete,assets/workout-images/battle-rope-slams.png,"QA pass: clear rope slam frame, 1080x1920.",,
battle-rope-waves,Battle Rope Waves,alternating waves; rope waves,battle-ropes,conditioning,cardio-manual,battle-ropes,standing,vertical-push; locomotion,cyclical,bilateral,external,false,shoulders; forearms; abs,triceps; upper back; cardiorespiratory system,,abs; forearms-wrists,shoulder; elbow; wrist; spine,conditioning,gym; home; conditioning,conditioning; gym; home,true,Battle Rope Waves exercise. equipment: battle-ropes. body position: standing. movement pattern: vertical-push; locomotion. primary muscles: shoulders; forearms; abs. secondary muscles: triceps; upper back; cardiorespiratory system. target areas: abs; forearms-wrists. laterality: bilateral. load type: external. training context: gym; home; conditioning. visual cues: conditioning,complete,assets/workout-images/battle-rope-waves.png,"QA pass: clear alternating rope waves, 1080x1920.",,
battle-ropes,Battle Ropes,rope waves; battling ropes,battle-ropes,conditioning,cardio-manual,battle-ropes,standing,cyclical; shoulder-flexion,cyclical,alternating,external,false,shoulders; upper back; forearms,core; calves; triceps,,forearms-wrists,shoulder; elbow; wrist; spine,conditioning; upper-body-cardio,gym; cardio; turf,conditioning; upper-body-cardio; gym; cardio; turf,true,Battle Ropes exercise. equipment: battle-ropes. body position: standing. movement pattern: cyclical; shoulder-flexion. primary muscles: shoulders; upper back; forearms. secondary muscles: core; calves; triceps. target areas: forearms-wrists. laterality: alternating. load type: external. training context: gym; cardio; turf. visual cues: conditioning; upper-body-cardio,complete,assets/workout-images/battle-ropes.png,"QA pass: alternating battle-rope waves, 1080x1920.",,
bear-crawl,Bear Crawl,crawling,bear-crawl,conditioning,other,none,quadruped,locomotion; core-stability,cyclical,alternating,bodyweight,true,shoulders; core; quads,hip flexors; pecs; calves,core-stability; quads,chest,shoulder; wrist; hip; knee; spine,conditioning; athletic,gym; home; warmup-friendly,conditioning; athletic; gym; home; warmup-friendly,false,Bear Crawl exercise. equipment: none. body position: quadruped. movement pattern: locomotion; core-stability. primary muscles: shoulders; core; quads. secondary muscles: hip flexors; pecs; calves. target areas: core-stability; quads; chest. laterality: alternating. load type: bodyweight. training context: gym; home; warmup-friendly. visual cues: conditioning; athletic,complete,assets/workout-images/bear-crawl.png,"QA pass: clear contralateral crawl, 1080x1920.",,
belt-squat,Belt Squat,machine belt squat,squat,strength,machine-load,belt-squat-machine,machine-standing,squat,dynamic,bilateral,machine-stack,false,quads; glute max; adductors,hamstrings; abs,adductors; glutes; quads,abs; hamstrings,hip; knee; ankle,joint-friendly; machine-guided,gym; machine-area,joint-friendly; machine-guided; gym; machine-area,true,Belt Squat exercise. equipment: belt-squat-machine. body position: machine-standing. movement pattern: squat. primary muscles: quads; glute max; adductors. secondary muscles: hamstrings; abs. target areas: adductors; glutes; quads; abs; hamstrings. laterality: bilateral. load type: machine-stack. training context: gym; machine-area. visual cues: joint-friendly; machine-guided,complete,assets/workout-images/belt-squat.png,"QA approved after regeneration: correct belt-squat machine and posture with glutes, adductors, quads, hamstrings, and core hierarchy acceptable.",,
bent-knee-inverted-row,Bent-Knee Inverted Row,easy inverted row; Bent-Knee Inverted Row,row,calisthenics,bodyweight-reps,rings; suspension-trainer; low-bar,varied,horizontal-pull,dynamic,bilateral,bodyweight,true,lats; mid back,biceps; rear delts; forearms,lats; upper-back,biceps; forearms-wrists; rear-delts,shoulder; elbow; scapula,calisthenics; beginner; row-progression; regression,calisthenics; bodyweight; skill-training,calisthenics; bodyweight; beginner; row-progression; regression,true,Bent-Knee Inverted Row exercise. equipment: rings; suspension-trainer; low-bar. body position: varied. movement pattern: horizontal-pull. primary muscles: lats; mid back. secondary muscles: biceps; rear delts; forearms. target areas: lats; upper-back; biceps; forearms-wrists; rear-delts. laterality: bilateral. load type: bodyweight. training context: calisthenics; bodyweight; skill-training. visual cues: calisthenics; beginner; row-progression; regression,complete,assets/workout-images/bent-knee-inverted-row.png,"QA passed: clear row, rings accurate, lats/upper-back highlighted.",,
bikeerg,BikeErg,concept2 bikeerg,bike-erg,cardio,cardio-live,bike-erg,machine-seated,locomotion,cyclical,bilateral,external,false,quads; glute max,hamstrings; calves; cardiorespiratory system,,glutes; quads,hip; knee; ankle,endurance,gym; cardio; crossfit-box,endurance; gym; cardio; crossfit-box,true,BikeErg exercise. equipment: bike-erg. body position: machine-seated. movement pattern: locomotion. primary muscles: quads; glute max. secondary muscles: hamstrings; calves; cardiorespiratory system. target areas: glutes; quads. laterality: bilateral. load type: external. training context: gym; cardio; crossfit-box. visual cues: endurance,complete,assets/workout-images/bikeerg.png,"QA pass: one figure on BikeErg, full equipment, target muscles highlighted.",,
bird-dog,Bird Dog,quadruped bird dog; Bird Dog,bird-dog,rehab,bodyweight-reps,none; floor,quadruped,core-stability; hip-extension,dynamic,alternating,bodyweight,true,glute max; spinal erectors; lower traps,core; shoulders,glutes; lower-back; traps,core-stability,spine; hip; shoulder,rehab; coordination; warmup-friendly,gym; home; rehab-friendly; warmup-friendly,rehab; coordination; warmup-friendly; gym; home; rehab-friendly,true,Bird Dog exercise. equipment: none; floor. body position: quadruped. movement pattern: core-stability; hip-extension. primary muscles: glute max; spinal erectors; lower traps. secondary muscles: core; shoulders. target areas: glutes; lower-back; traps; core-stability. laterality: alternating. load type: bodyweight. training context: gym; home; rehab-friendly; warmup-friendly. visual cues: rehab; coordination; warmup-friendly,complete,assets/workout-images/bird-dog.png,"QA pass: opposite arm/leg bird dog, glutes/back/core highlighted.",,
bodyweight-reverse-hyperextension,Bodyweight Reverse Hyperextension,Bodyweight Reverse Hyperextension,reverse-hyperextension,calisthenics,bodyweight-reps,bench; ghd,standing,hip-extension,dynamic,bilateral,bodyweight,true,glute max; hamstrings; spinal erectors,hamstrings; adductors; core,glutes; hamstrings; lower-back,adductors; core-stability,hip; knee; ankle,calisthenics; posterior-chain; bodyweight,calisthenics; bodyweight; skill-training,calisthenics; bodyweight; posterior-chain,true,Bodyweight Reverse Hyperextension exercise. equipment: bench; ghd. body position: standing. movement pattern: hip-extension. primary muscles: glute max; hamstrings; spinal erectors. secondary muscles: hamstrings; adductors; core. target areas: glutes; hamstrings; lower-back; adductors; core-stability. laterality: bilateral. load type: bodyweight. training context: calisthenics; bodyweight; skill-training. visual cues: calisthenics; posterior-chain; bodyweight,complete,assets/workout-images/bodyweight-reverse-hyperextension.png,"QA pass: bench-supported hip extension, correct posterior highlights",,
bodyweight-single-leg-deadlift,Bodyweight Single-Leg Deadlift,single-leg hinge reach; Bodyweight Single-Leg Deadlift,balance-drill,skill,bodyweight-reps,none,varied,hinge; balance,controlled,unilateral,bodyweight,true,hamstrings; glute max,core; glute med,glutes; hamstrings; lower-back,core-stability,hip; knee; ankle,balance; stability; proprioception,balance; stability; athletic-prep,balance; stability; proprioception; skill; bodyweight-reps,true,Bodyweight Single-Leg Deadlift exercise. equipment: none. body position: varied. movement pattern: hinge; balance. primary muscles: hamstrings; glute max. secondary muscles: core; glute med. target areas: glutes; hamstrings; lower-back; core-stability. laterality: unilateral. load type: bodyweight. training context: balance; stability; athletic-prep. visual cues: balance; stability; proprioception,complete,assets/workout-images/bodyweight-single-leg-deadlift.png,"QA pass: single figure, bodyweight hinge balance, hamstring/glute highlight, clean frame.",,
bodyweight-squat,Bodyweight Squat,air squat; bodyweight squat; prisoner squat,squat,mixed,bodyweight-reps,none,standing,squat,dynamic,bilateral,bodyweight,true,quads; glute max,adductors; calves; core,glutes; quads,adductors; core-stability,hip; knee; ankle,beginner-friendly; beginner,gym; home; warmup-friendly,beginner-friendly; beginner; gym; home; warmup-friendly,true,Bodyweight Squat exercise. equipment: none. body position: standing. movement pattern: squat. primary muscles: quads; glute max. secondary muscles: adductors; calves; core. target areas: glutes; quads; adductors; core-stability. laterality: bilateral. load type: bodyweight. training context: gym; home; warmup-friendly. visual cues: beginner-friendly; beginner,complete,assets/workout-images/bodyweight-squat.png,"QA passed: clear squat depth, no equipment, quads/glutes highlighted.",,
bodyweight-triceps-extension,Bodyweight Triceps Extension,Bodyweight Triceps Extension,triceps-extension,calisthenics,bodyweight-reps,low-bar; bench,varied,elbow-extension,dynamic,bilateral,bodyweight,true,triceps,front delts; core,triceps,core-stability; front-delts,shoulder; elbow; scapula; wrist,calisthenics; triceps; bodyweight-isolation,calisthenics; bodyweight; skill-training,calisthenics; bodyweight; triceps; bodyweight-isolation,true,Bodyweight Triceps Extension exercise. equipment: low-bar; bench. body position: varied. movement pattern: elbow-extension. primary muscles: triceps. secondary muscles: front delts; core. target areas: triceps; core-stability; front-delts. laterality: bilateral. load type: bodyweight. training context: calisthenics; bodyweight; skill-training. visual cues: calisthenics; triceps; bodyweight-isolation,complete,assets/workout-images/bodyweight-triceps-extension.png,"QA pass: fixed-bar incline triceps extension, correct targets and clean frame.",priority_20_80,26
bosu-lunge,BOSU Lunge,BOSU Lunge,balance-drill,skill,bodyweight-reps,bosu,varied,lunge; balance,controlled,unilateral,bodyweight,true,glute max; quads; calves,core; glute med,glutes; quads,core-stability,hip; knee; ankle,balance; stability; proprioception,balance; stability; athletic-prep,balance; stability; proprioception; skill; bodyweight-reps,true,BOSU Lunge exercise. equipment: bosu. body position: varied. movement pattern: lunge; balance. primary muscles: glute max; quads; calves. secondary muscles: core; glute med. target areas: glutes; quads; core-stability. laterality: unilateral. load type: bodyweight. training context: balance; stability; athletic-prep. visual cues: balance; stability; proprioception,complete,assets/workout-images/bosu-lunge.png,"QA pass: BOSU lunge, one figure, correct targets, 1080x1920.",,
bosu-push-up,BOSU Push-Up,BOSU Push-Up,balance-drill,skill,bodyweight-reps,bosu,varied,horizontal-push; stability,controlled,bilateral,bodyweight,true,pecs; triceps; front delts,core; glute med,chest; front-delts; triceps,core-stability; glutes,hip; knee; ankle,balance; stability; proprioception,balance; stability; athletic-prep,balance; stability; proprioception; skill; bodyweight-reps,true,BOSU Push-Up exercise. equipment: bosu. body position: varied. movement pattern: horizontal-push; stability. primary muscles: pecs; triceps; front delts. secondary muscles: core; glute med. target areas: chest; front-delts; triceps; core-stability; glutes. laterality: bilateral. load type: bodyweight. training context: balance; stability; athletic-prep. visual cues: balance; stability; proprioception,complete,assets/workout-images/bosu-push-up.png,"QA pass: correct BOSU push-up frame, 1080x1920.",,
bosu-single-leg-balance,BOSU Single-Leg Balance,BOSU Single-Leg Balance,balance-drill,skill,hold,bosu,varied,balance; stability,isometric,unilateral,bodyweight,true,glute max; quads; calves,core; glute med,core-stability; glutes; quads,,hip; knee; ankle,balance; stability; proprioception,balance; stability; athletic-prep,balance; stability; proprioception; skill; hold,true,BOSU Single-Leg Balance exercise. equipment: bosu. body position: varied. movement pattern: balance; stability. primary muscles: glute max; quads; calves. secondary muscles: core; glute med. target areas: core-stability; glutes; quads. laterality: unilateral. load type: bodyweight. training context: balance; stability; athletic-prep. visual cues: balance; stability; proprioception,complete,assets/workout-images/bosu-single-leg-balance.png,"QA pass: single figure, BOSU single-leg balance, leg/core highlight, clean frame.",,
bosu-squat,BOSU Squat,BOSU Squat,balance-drill,skill,bodyweight-reps,bosu,varied,squat; balance,controlled,bilateral,bodyweight,true,glute max; quads; calves,core; glute med,glutes; quads,core-stability,hip; knee; ankle,balance; stability; proprioception,balance; stability; athletic-prep,balance; stability; proprioception; skill; bodyweight-reps,true,BOSU Squat exercise. equipment: bosu. body position: varied. movement pattern: squat; balance. primary muscles: glute max; quads; calves. secondary muscles: core; glute med. target areas: glutes; quads; core-stability. laterality: bilateral. load type: bodyweight. training context: balance; stability; athletic-prep. visual cues: balance; stability; proprioception,complete,assets/workout-images/bosu-squat.png,QA pass: anatomy style; squat on BOSU with equipment shown; target muscles visible; no text/cropping.,priority_20_80,99
box-jump,Box Jump,box jump up; jump to box; Box Jump,box-jump,conditioning,plyometric,box,standing,jump,explosive,bilateral,bodyweight,true,quads; glute max; calves,hamstrings; core,glutes; quads,core-stability; hamstrings,hip; knee; ankle,explosive,gym; home; conditioning; crossfit-box,explosive; gym; home; conditioning; crossfit-box,true,Box Jump exercise. equipment: box. body position: standing. movement pattern: jump. primary muscles: quads; glute max; calves. secondary muscles: hamstrings; core. target areas: glutes; quads; core-stability; hamstrings. laterality: bilateral. load type: bodyweight. training context: gym; home; conditioning; crossfit-box. visual cues: explosive,complete,assets/workout-images/box-jump.png,"QA pass: clear plyo box jump, 1080x1920.",,
box-jump-high,"Box Jump (High, 65-80 cm)",high box jump; 65 cm box jump; 75 cm box jump; 80 cm box jump; 26 inch box jump; 30 inch box jump; 32 inch box jump,box-jump,conditioning,plyometric,box,standing,jump,explosive,bilateral,bodyweight,true,quads; glute max; calves,hamstrings; core,glutes; quads,core-stability; hamstrings,hip; knee; ankle,explosive; high-box; advanced,gym; home; conditioning; crossfit-box,explosive; high-box; advanced; 65-80-cm; gym; home; conditioning; crossfit-box,true,"Box Jump (High, 65-80 cm) exercise. equipment: box. body position: standing. movement pattern: jump. primary muscles: quads; glute max; calves. secondary muscles: hamstrings; core. target areas: glutes; quads; core-stability; hamstrings. laterality: bilateral. load type: bodyweight. training context: gym; home; conditioning; crossfit-box. visual cues: explosive; high-box; advanced",complete,assets/workout-images/box-jump-high.png,"QA pass: high-box landing frame, 1080x1920.",,
box-jump-low,"Box Jump (Low, 30-45 cm)",low box jump; 30 cm box jump; 40 cm box jump; 45 cm box jump; 12 inch box jump; 16 inch box jump; 18 inch box jump,box-jump,conditioning,plyometric,box,standing,jump,explosive,bilateral,bodyweight,true,quads; glute max; calves,hamstrings; core,glutes; quads,core-stability; hamstrings,hip; knee; ankle,explosive; low-box; beginner-friendly,gym; home; conditioning; crossfit-box,explosive; low-box; beginner-friendly; 30-45-cm; gym; home; conditioning; crossfit-box,true,"Box Jump (Low, 30-45 cm) exercise. equipment: box. body position: standing. movement pattern: jump. primary muscles: quads; glute max; calves. secondary muscles: hamstrings; core. target areas: glutes; quads; core-stability; hamstrings. laterality: bilateral. load type: bodyweight. training context: gym; home; conditioning; crossfit-box. visual cues: explosive; low-box; beginner-friendly",complete,assets/workout-images/box-jump-low.png,"QA pass: low-box landing frame, 1080x1920.",,
box-jump-medium,"Box Jump (Medium, 50-60 cm)",medium box jump; 50 cm box jump; 60 cm box jump; 20 inch box jump; 24 inch box jump,box-jump,conditioning,plyometric,box,standing,jump,explosive,bilateral,bodyweight,true,quads; glute max; calves,hamstrings; core,glutes; quads,core-stability; hamstrings,hip; knee; ankle,explosive; medium-box,gym; home; conditioning; crossfit-box,explosive; medium-box; 50-60-cm; gym; home; conditioning; crossfit-box,true,"Box Jump (Medium, 50-60 cm) exercise. equipment: box. body position: standing. movement pattern: jump. primary muscles: quads; glute max; calves. secondary muscles: hamstrings; core. target areas: glutes; quads; core-stability; hamstrings. laterality: bilateral. load type: bodyweight. training context: gym; home; conditioning; crossfit-box. visual cues: explosive; medium-box",complete,assets/workout-images/box-jump-medium.png,"QA pass: medium-box landing frame, 1080x1920.",,
box-jump-over,Box Jump Over,jump over box,box-jump,conditioning,plyometric,box,standing,locomotion; jump,explosive,bilateral,bodyweight,true,quads; glute max; calves,hamstrings; cardiorespiratory system,glutes; quads,hamstrings,hip; knee; ankle,explosive; crossfit,gym; crossfit-box,explosive; crossfit; gym; crossfit-box,true,Box Jump Over exercise. equipment: box. body position: standing. movement pattern: locomotion; jump. primary muscles: quads; glute max; calves. secondary muscles: hamstrings; cardiorespiratory system. target areas: glutes; quads; hamstrings. laterality: bilateral. load type: bodyweight. training context: gym; crossfit-box. visual cues: explosive; crossfit,complete,assets/workout-images/box-jump-over.png,"QA pass: clear box-over frame, 1080x1920.",,
box-pistol-squat,Box Pistol Squat,Box Pistol Squat,single-leg-squat,calisthenics,bodyweight-reps,box,standing,squat,dynamic,unilateral,bodyweight,true,quads; glute max,hamstrings; adductors; core,glutes; quads,adductors; core-stability; hamstrings,hip; knee; ankle,calisthenics; pistol; regression; single-leg,calisthenics; bodyweight; skill-training,calisthenics; bodyweight; pistol; regression; single-leg,true,Box Pistol Squat exercise. equipment: box. body position: standing. movement pattern: squat. primary muscles: quads; glute max. secondary muscles: hamstrings; adductors; core. target areas: glutes; quads; adductors; core-stability; hamstrings. laterality: unilateral. load type: bodyweight. training context: calisthenics; bodyweight; skill-training. visual cues: calisthenics; pistol; regression; single-leg,complete,assets/workout-images/box-pistol-squat.png,QA pass: box pistol squat depth and targets clear; 1080x1920.,,
box-push-up,Box Push-Up,hands-elevated push-up; Box Push-Up,push-up,calisthenics,bodyweight-reps,box; bench,varied,horizontal-push,dynamic,bilateral,bodyweight,true,pecs; triceps; front delts,serratus; core,chest; front-delts; triceps,core-stability,shoulder; elbow; scapula; wrist,calisthenics; beginner; regression; push-up-progression,calisthenics; bodyweight; skill-training,calisthenics; bodyweight; beginner; regression; push-up-progression,true,Box Push-Up exercise. equipment: box; bench. body position: varied. movement pattern: horizontal-push. primary muscles: pecs; triceps; front delts. secondary muscles: serratus; core. target areas: chest; front-delts; triceps; core-stability. laterality: bilateral. load type: bodyweight. training context: calisthenics; bodyweight; skill-training. visual cues: calisthenics; beginner; regression; push-up-progression,complete,assets/workout-images/box-push-up.png,"QA pass: incline push-up, full target highlights visible",,
broad-jump,Broad Jump,standing long jump; Broad Jump,broad-jump,conditioning,plyometric,none,standing,jump; locomotion,explosive,bilateral,bodyweight,true,glute max; quads; calves,hamstrings; core,glutes; quads,core-stability; hamstrings,hip; knee; ankle,explosive; athletic,gym; field; home,explosive; athletic; gym; field; home,true,Broad Jump exercise. equipment: none. body position: standing. movement pattern: jump; locomotion. primary muscles: glute max; quads; calves. secondary muscles: hamstrings; core. target areas: glutes; quads; core-stability; hamstrings. laterality: bilateral. load type: bodyweight. training context: gym; field; home. visual cues: explosive; athletic,complete,assets/workout-images/broad-jump.png,"QA pass: airborne horizontal jump, 1080x1920.",,
broad-jump-stick,Broad Jump Stick,Broad Jump Stick,agility-drill,conditioning,plyometric,none,varied,jump; landing,explosive,bilateral,bodyweight,true,quads; glute max; calves,hamstrings; core,glutes; quads,core-stability; hamstrings,hip; knee; ankle,speed; agility; reactive; athletic,speed; agility; athletic-prep,speed; agility; reactive; athletic; conditioning; plyometric,true,Broad Jump Stick exercise. equipment: none. body position: varied. movement pattern: jump; landing. primary muscles: quads; glute max; calves. secondary muscles: hamstrings; core. target areas: glutes; quads; core-stability; hamstrings. laterality: bilateral. load type: bodyweight. training context: speed; agility; athletic-prep. visual cues: speed; agility; reactive; athletic,complete,assets/workout-images/broad-jump-stick.png,"QA pass: stable stick landing, 1080x1920.",,
bulgarian-ring-dip,Bulgarian Ring Dip,Bulgarian Ring Dip,dip,calisthenics,bodyweight-reps,rings; gymnastic-rings,varied,vertical-push,dynamic,bilateral,bodyweight,true,pecs; triceps; front delts,serratus; core,chest; front-delts; triceps,core-stability,shoulder; elbow; scapula,calisthenics; rings; advanced; dip-progression,calisthenics; bodyweight; skill-training,calisthenics; bodyweight; rings; advanced; dip-progression,true,Bulgarian Ring Dip exercise. equipment: rings; gymnastic-rings. body position: varied. movement pattern: vertical-push. primary muscles: pecs; triceps; front delts. secondary muscles: serratus; core. target areas: chest; front-delts; triceps; core-stability. laterality: bilateral. load type: bodyweight. training context: calisthenics; bodyweight; skill-training. visual cues: calisthenics; rings; advanced; dip-progression,complete,assets/workout-images/bulgarian-ring-dip.png,"QA pass: correct ring dip frame, 1080x1920.",,
bulgarian-split-squat,Bulgarian Split Squat,bodyweight RFESS; rear foot elevated split squat; rfess; dumbbell bulgarian split squat; Bulgarian Split Squat,split-squat,calisthenics,bodyweight-reps,bench; dumbbell,standing,squat,dynamic,unilateral,bodyweight,true,quads; glute max; adductors,glute med; hamstrings; core,adductors; glutes; quads,core-stability; hamstrings,hip; knee; ankle,single-leg; unilateral; rear-foot-elevated,gym; home; free-weights,single-leg; unilateral; rear-foot-elevated; gym; home; free-weights,true,Bulgarian Split Squat exercise. equipment: bench; dumbbell. body position: standing. movement pattern: squat. primary muscles: quads; glute max; adductors. secondary muscles: glute med; hamstrings; core. target areas: adductors; glutes; quads; core-stability; hamstrings. laterality: unilateral. load type: bodyweight. training context: gym; home; free-weights. visual cues: single-leg; unilateral; rear-foot-elevated,complete,assets/workout-images/bulgarian-split-squat.png,"1080x1920. Clean single figure on white background with bench and dumbbells. Regeneration fixes the prior upright/top-position issue by showing a clear rear-foot-elevated split squat position; target muscles are plausible for quads, glutes, adductors, hamstrings, and core.",,
burpee,Burpee,squat thrust burpee; Burpee,burpee,conditioning,bodyweight-reps,none; floor,standing,squat; horizontal-push; locomotion,mixed,bilateral,bodyweight,true,quads; pecs; front delts; triceps,glute max; core; calves,chest; front-delts; quads; triceps,core-stability; glutes,shoulder; elbow; wrist; hip; knee; ankle,conditioning,gym; home; cardio; crossfit-box,conditioning; gym; home; cardio; crossfit-box,true,Burpee exercise. equipment: none; floor. body position: standing. movement pattern: squat; horizontal-push; locomotion. primary muscles: quads; pecs; front delts; triceps. secondary muscles: glute max; core; calves. target areas: chest; front-delts; quads; triceps; core-stability; glutes. laterality: bilateral. load type: bodyweight. training context: gym; home; cardio; crossfit-box. visual cues: conditioning,complete,assets/workout-images/burpee.png,"QA passed: burpee floor frame, one figure, target muscles highlighted.",priority_20_80,61
butt-kicks,Butt Kicks,Butt Kicks,agility-drill,conditioning,plyometric,none,varied,running-drill; coordination,explosive,bilateral,bodyweight,true,quads; glute max; calves,hamstrings; core,glutes; quads,core-stability; hamstrings,hip; knee; ankle,speed; agility; reactive; athletic,speed; agility; athletic-prep,speed; agility; reactive; athletic; conditioning; plyometric,true,Butt Kicks exercise. equipment: none. body position: varied. movement pattern: running-drill; coordination. primary muscles: quads; glute max; calves. secondary muscles: hamstrings; core. target areas: glutes; quads; core-stability; hamstrings. laterality: bilateral. load type: bodyweight. training context: speed; agility; athletic-prep. visual cues: speed; agility; reactive; athletic,complete,assets/workout-images/butt-kicks.png,"QA pass after regen: hamstring-focused drill, 1080x1920.",,
cable-biceps-curl,Cable Biceps Curl,standing cable curl,curl,hypertrophy,cable-load,cable; bar-handle,standing,elbow-flexion,dynamic,bilateral,cable-stack,false,biceps; brachialis,forearms,biceps,forearms-wrists,elbow; wrist,arm-isolation,gym; cable-area,arm-isolation; gym; cable-area,true,Cable Biceps Curl exercise. equipment: cable; bar-handle. body position: standing. movement pattern: elbow-flexion. primary muscles: biceps; brachialis. secondary muscles: forearms. target areas: biceps; forearms-wrists. laterality: bilateral. load type: cable-stack. training context: gym; cable-area. visual cues: arm-isolation,complete,assets/workout-images/cable-biceps-curl.png,QA approved: accurate straight-bar cable curl with biceps-dominant overlay.,,
cable-chest-fly,Cable Chest Fly,standing cable fly; cable fly; cable crossover; Cable Chest Fly,fly,hypertrophy,cable-load,cable; single-handles; cable-machine; d-handles,standing,horizontal-push,dynamic,bilateral,cable-stack,false,pecs,front delts; serratus,chest,front-delts,shoulder; elbow,chest-isolation; constant-tension,gym; cable-area; cable-station,chest-isolation; constant-tension; gym; cable-area; cable-station,true,Cable Chest Fly exercise. equipment: cable; single-handles; cable-machine; d-handles. body position: standing. movement pattern: horizontal-push. primary muscles: pecs. secondary muscles: front delts; serratus. target areas: chest; front-delts. laterality: bilateral. load type: cable-stack. training context: gym; cable-area; cable-station. visual cues: chest-isolation; constant-tension,complete,assets/workout-images/cable-chest-fly.png,"1080x1920. One figure, one movement, no text/panels/watermark, white background, and reference style match. Dual cable station and D-handles are accurate; open-arm fly posture is recognizable. Chest/front-delt target highlighting is acceptable.",,
cable-crunch,Cable Crunch,kneeling cable crunch,core-flexion,hypertrophy,cable-load,cable-machine; rope-handle,kneeling,core-flexion,dynamic,bilateral,cable-stack,false,rectus abdominis,obliques; hip flexors,abs,,spine; hip,core,gym; cable-station,core; gym; cable-station,true,Cable Crunch exercise. equipment: cable-machine; rope-handle. body position: kneeling. movement pattern: core-flexion. primary muscles: rectus abdominis. secondary muscles: obliques; hip flexors. target areas: abs. laterality: bilateral. load type: cable-stack. training context: gym; cable-station. visual cues: core,complete,assets/workout-images/cable-crunch.png,"1080x1920, one figure, one movement, no text/panels/watermark, white background, and reference style match. Regeneration fixes the prior upright-kneeling issue with clear trunk flexion, accurate cable machine and rope handle, no crop issues, and appropriate abdominal/oblique highlighting.",,
cable-curl,Cable Curl,straight bar cable curl,curl,hypertrophy,cable-load,cable-machine; straight-bar,standing,elbow-flexion,dynamic,bilateral,cable-stack,false,biceps,brachialis; forearms,biceps,forearms-wrists,elbow; wrist,constant-tension,gym; cable-station,constant-tension; gym; cable-station,true,Cable Curl exercise. equipment: cable-machine; straight-bar. body position: standing. movement pattern: elbow-flexion. primary muscles: biceps. secondary muscles: brachialis; forearms. target areas: biceps; forearms-wrists. laterality: bilateral. load type: cable-stack. training context: gym; cable-station. visual cues: constant-tension,complete,assets/workout-images/cable-curl.png,"1080x1920 single-figure anatomy render on white background; standing low-cable straight-bar curl is clearly shown with accurate equipment, grip, and biceps/forearm emphasis.",,
cable-external-rotation,Cable External Rotation,shoulder cable external rotation,external-rotation,rehab,cable-load,cable-machine; d-handle,standing,external-rotation,dynamic,unilateral,cable-stack,false,rotator cuff; infraspinatus; teres minor,rear delts; lower traps,lats,rear-delts; traps,shoulder; scapula; elbow,rehab; rotator-cuff; scapular-control,gym; cable-station; rehab-friendly; warmup-friendly,rehab; rotator-cuff; scapular-control; gym; cable-station; rehab-friendly; warmup-friendly,true,Cable External Rotation exercise. equipment: cable-machine; d-handle. body position: standing. movement pattern: external-rotation. primary muscles: rotator cuff; infraspinatus; teres minor. secondary muscles: rear delts; lower traps. target areas: lats; rear-delts; traps. laterality: unilateral. load type: cable-stack. training context: gym; cable-station; rehab-friendly; warmup-friendly. visual cues: rehab; rotator-cuff; scapular-control,complete,assets/workout-images/cable-external-rotation.png,QA pass after handle/emphasis regeneration + white background correction.,,
cable-glute-kickback,Cable Glute Kickback,glute kickback,kickback,hypertrophy,unilateral-pair,cable; ankle-strap,standing,hip-extension,dynamic,unilateral,cable-stack,false,glute max,hamstrings; glute med,glutes,hamstrings,hip; knee,glute-focus,gym; cable-area,glute-focus; gym; cable-area,true,Cable Glute Kickback exercise. equipment: cable; ankle-strap. body position: standing. movement pattern: hip-extension. primary muscles: glute max. secondary muscles: hamstrings; glute med. target areas: glutes; hamstrings. laterality: unilateral. load type: cable-stack. training context: gym; cable-area. visual cues: glute-focus,complete,assets/workout-images/cable-glute-kickback.png,QA pass after exercise-identity regeneration.,,
cable-hip-abduction,Cable Hip Abduction,standing cable hip abduction,hip-abduction,rehab,cable-load,cable-machine; ankle-cuff,standing,hip-abduction,dynamic,unilateral,cable-stack,false,glute med; glute min,tensor fasciae latae,glutes,lats,hip; ankle,rehab; glute-med,gym; cable-station; rehab-friendly,rehab; glute-med; gym; cable-station; rehab-friendly,true,Cable Hip Abduction exercise. equipment: cable-machine; ankle-cuff. body position: standing. movement pattern: hip-abduction. primary muscles: glute med; glute min. secondary muscles: tensor fasciae latae. target areas: glutes; lats. laterality: unilateral. load type: cable-stack. training context: gym; cable-station; rehab-friendly. visual cues: rehab; glute-med,complete,assets/workout-images/cable-hip-abduction.png,QA pass after white background correction.,,
cable-lat-pulldown,Cable Lat Pulldown,lat pulldown; wide grip pulldown; cable pulldown,pull-down,hypertrophy,cable-load,cable; lat-bar; lat-pulldown-machine; bar,seated,vertical-pull,dynamic,bilateral,cable-stack,false,lats; teres major,biceps; mid back; rear delts,lats,biceps; rear-delts; upper-back,shoulder; elbow; scapula,back-width; constant-tension,gym; cable-area; cable-station,back-width; constant-tension; gym; cable-area; cable-station,true,Cable Lat Pulldown exercise. equipment: cable; lat-bar; lat-pulldown-machine; bar. body position: seated. movement pattern: vertical-pull. primary muscles: lats; teres major. secondary muscles: biceps; mid back; rear delts. target areas: lats; biceps; rear-delts; upper-back. laterality: bilateral. load type: cable-stack. training context: gym; cable-area; cable-station. visual cues: back-width; constant-tension,complete,assets/workout-images/cable-lat-pulldown.png,"1080x1920 single-figure anatomy render on white background; seated wide-grip lat pulldown posture, machine setup, and lat/upper-back emphasis are accurate and readable.",,
cable-lateral-raise,Cable Lateral Raise,single arm cable lateral raise; Cable Lateral Raise,lateral-raise,hypertrophy,unilateral-pair,cable; single-handle; cable-machine; d-handle,standing,shoulder-abduction,dynamic,unilateral,cable-stack,false,lateral delts,upper traps; supraspinatus,lats; side-delts,traps,shoulder; scapula,shoulder-isolation; constant-tension; unilateral,gym; cable-area; cable-station,shoulder-isolation; constant-tension; unilateral; gym; cable-area; cable-station,true,Cable Lateral Raise exercise. equipment: cable; single-handle; cable-machine; d-handle. body position: standing. movement pattern: shoulder-abduction. primary muscles: lateral delts. secondary muscles: upper traps; supraspinatus. target areas: lats; side-delts; traps. laterality: unilateral. load type: cable-stack. training context: gym; cable-area; cable-station. visual cues: shoulder-isolation; constant-tension; unilateral,complete,assets/workout-images/cable-lateral-raise.png,"1080x1920. One figure, one movement, no text/panels/watermark, white background, and reference style match. Cable stack and single handle are accurate; pose reads as the start position for a unilateral cable lateral raise. Lateral delt highlighting is correct.",,
cable-pull-through,Cable Pull-Through,pull through; rope pull through; Cable Pull-Through,hinge,hypertrophy,cable-load,cable; rope; cable-machine; rope-handle,standing,hinge,dynamic,bilateral,cable-stack,false,glute max; hamstrings,spinal erectors; adductors,glutes; hamstrings; lower-back,adductors,hip; spine,posterior-chain,gym; cable-area; cable-station,posterior-chain; gym; cable-area; cable-station,true,Cable Pull-Through exercise. equipment: cable; rope; cable-machine; rope-handle. body position: standing. movement pattern: hinge. primary muscles: glute max; hamstrings. secondary muscles: spinal erectors; adductors. target areas: glutes; hamstrings; lower-back; adductors. laterality: bilateral. load type: cable-stack. training context: gym; cable-area; cable-station. visual cues: posterior-chain,complete,assets/workout-images/cable-pull-through.png,1080x1920; clear rope pull-through frame with posterior-chain emphasis.,,
cable-rear-delt-fly,Cable Rear Delt Fly,single arm cable reverse fly; cable rear delt raise,rear-delt-fly,hypertrophy,cable-load,cable-machine; d-handle,standing,horizontal-pull; shoulder-horizontal-abduction,dynamic,unilateral,cable-stack,false,rear delts,mid back; rhomboids; lower traps,rear-delts,traps; upper-back,shoulder; scapula; elbow,rear-delt-focus; constant-tension,gym; cable-station,rear-delt-focus; constant-tension; gym; cable-station,true,Cable Rear Delt Fly exercise. equipment: cable-machine; d-handle. body position: standing. movement pattern: horizontal-pull; shoulder-horizontal-abduction. primary muscles: rear delts. secondary muscles: mid back; rhomboids; lower traps. target areas: rear-delts; traps; upper-back. laterality: unilateral. load type: cable-stack. training context: gym; cable-station. visual cues: rear-delt-focus; constant-tension,complete,assets/workout-images/cable-rear-delt-fly.png,"Final targeted edit accepted: clear single-arm cable rear-delt-fly setup, full equipment visible, posterior-shoulder emphasis prioritized, white background, 1080x1920.",,
cable-triceps-pressdown,Cable Triceps Pressdown,pressdown; rope pressdown; triceps pushdown,triceps-extension,hypertrophy,cable-load,cable; rope; bar-handle,standing,elbow-extension,dynamic,bilateral,cable-stack,false,triceps,anconeus,triceps,,elbow; shoulder,arm-isolation,gym; cable-area,arm-isolation; gym; cable-area,true,Cable Triceps Pressdown exercise. equipment: cable; rope; bar-handle. body position: standing. movement pattern: elbow-extension. primary muscles: triceps. secondary muscles: anconeus. target areas: triceps. laterality: bilateral. load type: cable-stack. training context: gym; cable-area. visual cues: arm-isolation,complete,assets/workout-images/cable-triceps-pressdown.png,"1080x1920 single-figure anatomy render on white background; standing rope pressdown uses appropriate cable setup and grip, with clear triceps emphasis and no cropping.",,
triceps-pushdown,Cable Triceps Pushdown,rope pushdown; cable pressdown,triceps-extension,hypertrophy,cable-load,cable-machine; rope-handle,standing,elbow-extension,dynamic,bilateral,cable-stack,false,triceps,anconeus,triceps,,elbow; shoulder; wrist,constant-tension,gym; cable-station,constant-tension; gym; cable-station,true,Cable Triceps Pushdown exercise. equipment: cable-machine; rope-handle. body position: standing. movement pattern: elbow-extension. primary muscles: triceps. secondary muscles: anconeus. target areas: triceps. laterality: bilateral. load type: cable-stack. training context: gym; cable-station. visual cues: constant-tension,complete,assets/workout-images/triceps-pushdown.png,"1080x1920. Clean single figure on white background with cable stack and rope handle. Regeneration shows elbows pinned and arms near extension, fixing the prior unclear mid-range posture; triceps highlighting is accurate.",,
cable-wood-chop,Cable Wood Chop,high to low chop; cable chop; high to low wood chop; woodchop; Cable Wood Chop,chop,conditioning,cable-load,cable; single-handle; cable-machine; rope-handle,standing,rotation,dynamic,bilateral,cable-stack,false,obliques; serratus; abs,hips; shoulders,abs; obliques,,spine; shoulder; hip,rotation; athletic; sport; core,gym; cable-area; cable-station,rotation; athletic; sport; core; gym; cable-area; cable-station,true,Cable Wood Chop exercise. equipment: cable; single-handle; cable-machine; rope-handle. body position: standing. movement pattern: rotation. primary muscles: obliques; serratus; abs. secondary muscles: hips; shoulders. target areas: abs; obliques. laterality: bilateral. load type: cable-stack. training context: gym; cable-area; cable-station. visual cues: rotation; athletic; sport; core,complete,assets/workout-images/cable-wood-chop.png,"Verified local PNG: exact 1080x1920, single figure and movement, no text/panels/watermark, pure white background, ref...",,
calf-isometric-hold,Calf Isometric Hold,Calf Isometric Hold,therapeutic-prehab,rehab,hold,none; floor,varied,plantar-flexion,isometric,bilateral,bodyweight,true,calves,,core-stability,,ankle,rehab; prehab; therapeutic,rehab; prehab; recovery,rehab; prehab; therapeutic; hold,true,Calf Isometric Hold exercise. equipment: none; floor. body position: varied. movement pattern: plantar-flexion. primary muscles: calves. target areas: core-stability. laterality: bilateral. load type: bodyweight. training context: rehab; prehab; recovery. visual cues: rehab; prehab; therapeutic,complete,assets/workout-images/calf-isometric-hold.png,"QA pass: standing plantar-flexion hold, calves highlighted.",,
calf-stretch,Calf Stretch,Calf Stretch,mobility-drill,mobility,mobility,none; floor,varied,ankle-dorsiflexion,isometric,bilateral,bodyweight,true,calves,,,,ankle,mobility; stretch,mobility; stretch; warmup,mobility; stretch,true,Calf Stretch exercise. equipment: none; floor. body position: varied. movement pattern: ankle-dorsiflexion. primary muscles: calves. laterality: bilateral. load type: bodyweight. training context: mobility; stretch; warmup. visual cues: mobility; stretch,complete,assets/workout-images/calf-stretch.png,"QA pass: calf stretch frame, calves highlighted.",,
cat-cow,Cat-Cow,cat cow stretch; Cat-Cow,mobility-drill,mobility,mobility,none; floor,varied,spinal-flexion-extension,controlled,bilateral,bodyweight,true,spinal erectors; abs,,,abs; lower-back,spine,mobility; stretch,mobility; stretch; warmup,mobility; stretch,true,Cat-Cow exercise. equipment: none; floor. body position: varied. movement pattern: spinal-flexion-extension. primary muscles: spinal erectors; abs. target areas: abs; lower-back. laterality: bilateral. load type: bodyweight. training context: mobility; stretch; warmup. visual cues: mobility; stretch,complete,assets/workout-images/cat-cow.png,"QA pass: clear cat spine flexion, 1080x1920.",,
chest-supported-machine-row,Chest-Supported Machine Row,machine row; iso row,row,hypertrophy,machine-load,row-machine,supported,horizontal-pull,dynamic,bilateral,machine-stack,false,mid back; lats; rear delts,biceps; rhomboids,lats; rear-delts; upper-back,biceps,shoulder; elbow; scapula,machine,gym; machine-area,machine; gym; machine-area,true,Chest-Supported Machine Row exercise. equipment: row-machine. body position: supported. movement pattern: horizontal-pull. primary muscles: mid back; lats; rear delts. secondary muscles: biceps; rhomboids. target areas: lats; rear-delts; upper-back; biceps. laterality: bilateral. load type: machine-stack. training context: gym; machine-area. visual cues: machine,complete,assets/workout-images/chest-supported-machine-row.png,QA approved: machine row posture and back-focused overlays acceptable.,,
chest-to-bar-pull-up,Chest-to-Bar Pull-Up,C2B pull up; strict chest to bar; Chest-to-Bar Pull-Up,pull-up,skill,bodyweight-reps,pull-up-bar,hanging,vertical-pull,dynamic,bilateral,bodyweight,true,lats; mid back; biceps,rear delts; forearms; core,biceps; lats; upper-back,core-stability; forearms-wrists; rear-delts,shoulder; elbow; scapula; wrist,advanced; explosive; crossfit,gym; calisthenics-park; niche; crossfit-box,advanced; explosive; crossfit; gym; calisthenics-park; niche; crossfit-box,true,Chest-to-Bar Pull-Up exercise. equipment: pull-up-bar. body position: hanging. movement pattern: vertical-pull. primary muscles: lats; mid back; biceps. secondary muscles: rear delts; forearms; core. target areas: biceps; lats; upper-back; core-stability; forearms-wrists; rear-delts. laterality: bilateral. load type: bodyweight. training context: gym; calisthenics-park; niche; crossfit-box. visual cues: advanced; explosive; crossfit,complete,assets/workout-images/chest-to-bar-pull-up.png,"QA passed: top pull-up position, full body/bar visible, back/arm targets clear.",,
chest-to-wall-handstand-hold,Chest-to-Wall Handstand Hold,Chest-to-Wall Handstand Hold,handstand,skill,hold,floor; wall; parallettes,inverted,inversion; overhead-push,isometric,bilateral,bodyweight,true,front delts; triceps; upper back,core; forearms; serratus,core-stability; front-delts; triceps,forearms-wrists,shoulder; elbow; wrist; scapula,calisthenics; wall; line-drill; handstand-progression,calisthenics; bodyweight; skill-training,calisthenics; bodyweight; wall; line-drill; handstand-progression,true,Chest-to-Wall Handstand Hold exercise. equipment: floor; wall; parallettes. body position: inverted. movement pattern: inversion; overhead-push. primary muscles: front delts; triceps; upper back. secondary muscles: core; forearms; serratus. target areas: core-stability; front-delts; triceps; forearms-wrists. laterality: bilateral. load type: bodyweight. training context: calisthenics; bodyweight; skill-training. visual cues: calisthenics; wall; line-drill; handstand-progression,complete,assets/workout-images/chest-to-wall-handstand-hold.png,"QA pass: correct chest-to-wall hold, 1080x1920.",,
chin-tuck,Chin Tuck,Chin Tuck,therapeutic-prehab,rehab,hold,none; floor,varied,neck-flexion-isometric,isometric,bilateral,bodyweight,true,deep neck flexors,,core-stability; neck,,cervical spine,rehab; prehab; therapeutic,rehab; prehab; recovery,rehab; prehab; therapeutic; hold,true,Chin Tuck exercise. equipment: none; floor. body position: varied. movement pattern: neck-flexion-isometric. primary muscles: deep neck flexors. target areas: core-stability; neck. laterality: bilateral. load type: bodyweight. training context: rehab; prehab; recovery. visual cues: rehab; prehab; therapeutic,complete,assets/workout-images/chin-tuck.png,"QA pass after regen: clear neck retraction, 1080x1920.",,
chin-up,Chin-Up,supinated pull up; underhand chinup; chinup; Chin-Up,pull-up,calisthenics,bodyweight-reps,pull-up-bar,hanging,vertical-pull,dynamic,bilateral,bodyweight,true,lats; biceps; teres major,mid back; forearms; rear delts,biceps; lats,forearms-wrists; rear-delts; upper-back,shoulder; elbow; scapula; wrist,streetlifting; compound,gym; home; calisthenics-park,streetlifting; compound; gym; home; calisthenics-park,true,Chin-Up exercise. equipment: pull-up-bar. body position: hanging. movement pattern: vertical-pull. primary muscles: lats; biceps; teres major. secondary muscles: mid back; forearms; rear delts. target areas: biceps; lats; forearms-wrists; rear-delts; upper-back. laterality: bilateral. load type: bodyweight. training context: gym; home; calisthenics-park. visual cues: streetlifting; compound,complete,assets/workout-images/chin-up.png,"Exact 1080x1920, one figure, one pull-up-bar movement, no text/panels/watermark, white background, no crop issues, and reference style is consistent. Supinated/narrower hand presentation and biceps/lats highlighting are acceptable; shown at the dead-hang start.",,
clamshell,Clamshell,Clamshell,therapeutic-prehab,rehab,bodyweight-reps,none; mini-band,varied,hip-external-rotation,controlled,unilateral,bodyweight,true,glute med,,glutes,,hip,rehab; prehab; therapeutic,rehab; prehab; recovery,rehab; prehab; therapeutic; bodyweight-reps,true,Clamshell exercise. equipment: none; mini-band. body position: varied. movement pattern: hip-external-rotation. primary muscles: glute med. target areas: glutes. laterality: unilateral. load type: bodyweight. training context: rehab; prehab; recovery. visual cues: rehab; prehab; therapeutic,complete,assets/workout-images/clamshell.png,"QA pass after regen: correct feet-together setup, 1080x1920.",,
clap-push-up,Clap Push-Up,plyo push up; explosive push-up; Clap Push-Up,plyo-push-up,conditioning,plyometric,none; floor,plank,horizontal-push,explosive,bilateral,bodyweight,true,pecs; triceps; front delts,serratus; core,chest; front-delts; triceps,core-stability,shoulder; elbow; wrist,explosive,gym; home; crossfit-box,explosive; gym; home; crossfit-box,true,Clap Push-Up exercise. equipment: none; floor. body position: plank. movement pattern: horizontal-push. primary muscles: pecs; triceps; front delts. secondary muscles: serratus; core. target areas: chest; front-delts; triceps; core-stability. laterality: bilateral. load type: bodyweight. training context: gym; home; crossfit-box. visual cues: explosive,complete,assets/workout-images/clap-push-up.png,"QA pass: airborne clap frame, one figure, chest/triceps/core highlighted.",,
clean-pull,Clean Pull,pull from floor clean grip,pull,strength,bilateral-load,barbell,standing,hinge; pull,explosive,bilateral,external,false,glute max; hamstrings; upper back,quads; calves; traps; forearms,glutes; hamstrings,forearms-wrists; quads; traps,hip; knee; ankle; shoulder,olympic-lifting; power,gym; free-weights,olympic-lifting; power; gym; free-weights,true,Clean Pull exercise. equipment: barbell. body position: standing. movement pattern: hinge; pull. primary muscles: glute max; hamstrings; upper back. secondary muscles: quads; calves; traps; forearms. target areas: glutes; hamstrings; forearms-wrists; quads; traps. laterality: bilateral. load type: external. training context: gym; free-weights. visual cues: olympic-lifting; power,complete,assets/workout-images/clean-pull.png,"QA passed: explosive clean pull frame, full bar visible, posterior targets clear.",,
close-grip-bench-press,Close-Grip Bench Press,close grip bench; CGBP; cg bench; close grip bench press,bench-press,strength,bilateral-load,barbell; bench; rack; flat-bench,lying-supine,horizontal-push; elbow-extension,dynamic,bilateral,external,false,triceps; pecs,front delts; serratus,chest; triceps,front-delts,elbow; shoulder; scapula,triceps-focus; powerlifting-assistance,gym; bench-area; free-weights,triceps-focus; powerlifting-assistance; gym; bench-area; free-weights,true,Close-Grip Bench Press exercise. equipment: barbell; bench; rack; flat-bench. body position: lying-supine. movement pattern: horizontal-push; elbow-extension. primary muscles: triceps; pecs. secondary muscles: front delts; serratus. target areas: chest; triceps; front-delts. laterality: bilateral. load type: external. training context: gym; bench-area; free-weights. visual cues: triceps-focus; powerlifting-assistance,complete,assets/workout-images/close-grip-bench-press.png,"1080x1920. One figure, one movement, no text/panels/watermark, white background, and reference style match. Bench, rack, barbell, and close-grip press posture are accurate; triceps/chest/front-delt highlighting is appropriate.",,
commando-pull-up,Commando Pull-Up,cliffhanger pull up,pull-up,calisthenics,bodyweight-reps,pull-up-bar,hanging,vertical-pull,dynamic,alternating,bodyweight,true,lats; biceps; brachialis,mid back; forearms; obliques,biceps; lats,forearms-wrists; obliques; upper-back,shoulder; elbow; scapula; wrist,close-grip; bodyweight,gym; home; calisthenics-park,close-grip; bodyweight; gym; home; calisthenics-park,true,Commando Pull-Up exercise. equipment: pull-up-bar. body position: hanging. movement pattern: vertical-pull. primary muscles: lats; biceps; brachialis. secondary muscles: mid back; forearms; obliques. target areas: biceps; lats; forearms-wrists; obliques; upper-back. laterality: alternating. load type: bodyweight. training context: gym; home; calisthenics-park. visual cues: close-grip; bodyweight,complete,assets/workout-images/commando-pull-up.png,"QA pass: close-grip bar pull-up frame, one figure, target lats/biceps highlighted.",priority_20_80,41
concentration-curl,Concentration Curl,db concentration curl,curl,hypertrophy,unilateral-pair,dumbbell; bench,seated,elbow-flexion,dynamic,unilateral,external,false,biceps,forearms,biceps,forearms-wrists,elbow; wrist,arm-isolation,gym; free-weights; home,arm-isolation; gym; free-weights; home,true,Concentration Curl exercise. equipment: dumbbell; bench. body position: seated. movement pattern: elbow-flexion. primary muscles: biceps. secondary muscles: forearms. target areas: biceps; forearms-wrists. laterality: unilateral. load type: external. training context: gym; free-weights; home. visual cues: arm-isolation,complete,assets/workout-images/concentration-curl.png,"1080x1920. Single seated figure on white background with one dumbbell and clear concentration-curl posture; anatomy style, equipment, grip, framing, and biceps/forearm emphasis all fit the row.",,
cone-shuffle,Cone Shuffle,Cone Shuffle,agility-drill,conditioning,plyometric,cones,varied,shuffle; lateral-movement,explosive,bilateral,bodyweight,true,quads; glute max; calves,hamstrings; core,glutes; quads,core-stability; hamstrings,hip; knee; ankle,speed; agility; reactive; athletic,speed; agility; athletic-prep,speed; agility; reactive; athletic; conditioning; plyometric,true,Cone Shuffle exercise. equipment: cones. body position: varied. movement pattern: shuffle; lateral-movement. primary muscles: quads; glute max; calves. secondary muscles: hamstrings; core. target areas: glutes; quads; core-stability; hamstrings. laterality: bilateral. load type: bodyweight. training context: speed; agility; athletic-prep. visual cues: speed; agility; reactive; athletic,complete,assets/workout-images/cone-shuffle.png,"QA pass: clear cone shuffle, 1080x1920.",,
copenhagen-plank,Copenhagen Plank,copenhagen side plank; adductor plank; Copenhagen Plank,copenhagen-plank,rehab,hold,bench; floor,side-supported,hip-adduction; core-stability,isometric,unilateral,bodyweight,true,adductors; obliques,glute med; serratus,abs; adductors; core-stability; obliques,glutes,hip; spine; shoulder,rehab; groin; core; advanced,gym; home; rehab-friendly; warmup-friendly,rehab; groin; core; advanced; gym; home; rehab-friendly; warmup-friendly,true,Copenhagen Plank exercise. equipment: bench; floor. body position: side-supported. movement pattern: hip-adduction; core-stability. primary muscles: adductors; obliques. secondary muscles: glute med; serratus. target areas: abs; adductors; core-stability; obliques; glutes. laterality: unilateral. load type: bodyweight. training context: gym; home; rehab-friendly; warmup-friendly. visual cues: rehab; groin; core; advanced,complete,assets/workout-images/copenhagen-plank.png,"QA passed: 1080x1920; single figure and movement; clean white background; no text, panels, or watermark; anatomy style shows correct Copenhagen plank with top leg supported on bench and botto",,
copenhagen-plank-regression,Copenhagen Plank Regression,Copenhagen Plank Regression,therapeutic-prehab,rehab,hold,bench,varied,side-plank; hip-adduction,isometric,bilateral,bodyweight,true,adductors; obliques,,abs; adductors; core-stability; obliques,,hip,rehab; prehab; therapeutic,rehab; prehab; recovery,rehab; prehab; therapeutic; hold,true,Copenhagen Plank Regression exercise. equipment: bench. body position: varied. movement pattern: side-plank; hip-adduction. primary muscles: adductors; obliques. target areas: abs; adductors; core-stability; obliques. laterality: bilateral. load type: bodyweight. training context: rehab; prehab; recovery. visual cues: rehab; prehab; therapeutic,complete,assets/workout-images/copenhagen-plank-regression.png,"QA passed: 1080x1920; one figure; one supported Copenhagen side plank regression movement; no text, panels, or watermark; white background; reference anatomy style with red/orange abs, adduct",,
cossack-squat,Cossack Squat,side squat,squat,mobility,bodyweight-reps,none,standing,squat; frontal-plane,dynamic,unilateral,bodyweight,true,adductors; glute max; quads,hamstrings; glute med; abs,adductors; glutes; quads,abs; hamstrings,hip; knee; ankle,mobility; unilateral,home; gym; warmup-friendly,mobility; unilateral; home; gym; warmup-friendly,true,Cossack Squat exercise. equipment: none. body position: standing. movement pattern: squat; frontal-plane. primary muscles: adductors; glute max; quads. secondary muscles: hamstrings; glute med; abs. target areas: adductors; glutes; quads; abs; hamstrings. laterality: unilateral. load type: bodyweight. training context: home; gym; warmup-friendly. visual cues: mobility; unilateral,complete,assets/workout-images/cossack-squat.png,QA pass: anatomy style; correct Cossack squat frame; target muscles highlighted; no text/cropping.,priority_20_80,91
couch-stretch,Couch Stretch,Couch Stretch,mobility-drill,mobility,mobility,wall; bench,varied,hip-extension,isometric,bilateral,bodyweight,true,hip flexors; quads,,,quads,hip; knee,mobility; stretch,mobility; stretch; warmup,mobility; stretch,true,Couch Stretch exercise. equipment: wall; bench. body position: varied. movement pattern: hip-extension. primary muscles: hip flexors; quads. target areas: quads. laterality: bilateral. load type: bodyweight. training context: mobility; stretch; warmup. visual cues: mobility; stretch,complete,assets/workout-images/couch-stretch.png,"QA pass: rear-foot-elevated couch stretch, quads/hip flexors highlighted.",,
crab-walk,Crab Walk,Crab Walk,mobility-drill,mobility,bodyweight-reps,floor,varied,locomotion,dynamic,bilateral,bodyweight,true,triceps; glute max; shoulders,upper back; core,glutes; triceps,core-stability,shoulder; wrist; scapula,calisthenics; locomotion; shoulder-extension,calisthenics; bodyweight; skill-training,calisthenics; bodyweight; locomotion; shoulder-extension,true,Crab Walk exercise. equipment: floor. body position: varied. movement pattern: locomotion. primary muscles: triceps; glute max; shoulders. secondary muscles: upper back; core. target areas: glutes; triceps; core-stability. laterality: bilateral. load type: bodyweight. training context: calisthenics; bodyweight; skill-training. visual cues: calisthenics; locomotion; shoulder-extension,complete,assets/workout-images/crab-walk.png,"QA pass: correct reverse-tabletop walk, 1080x1920.",,
crunch,Crunch,basic crunch; floor crunch; bodyweight crunch,crunch,calisthenics,bodyweight-reps,floor; none,lying-supine,core-flexion,dynamic,bilateral,bodyweight,true,rectus abdominis,obliques,abs,,spine; hip,upper-abs; core; beginner,home; gym; warmup-friendly,upper-abs; core; beginner; home; gym; warmup-friendly,true,Crunch exercise. equipment: floor; none. body position: lying-supine. movement pattern: core-flexion. primary muscles: rectus abdominis. secondary muscles: obliques. target areas: abs. laterality: bilateral. load type: bodyweight. training context: home; gym; warmup-friendly. visual cues: upper-abs; core; beginner,complete,assets/workout-images/crunch.png,QA pass on first round.,,
curtsy-lunge,Curtsy Lunge,curtsy squat,lunge,mixed,bodyweight-reps,none; dumbbell; kettlebell,standing,squat; frontal-plane,dynamic,alternating,mixed,true,glute med; adductors; quads,glute max; hamstrings; core,adductors; glutes; quads,core-stability; hamstrings,hip; knee; ankle,single-leg; frontal-plane,gym; home,single-leg; frontal-plane; gym; home,true,Curtsy Lunge exercise. equipment: none; dumbbell; kettlebell. body position: standing. movement pattern: squat; frontal-plane. primary muscles: glute med; adductors; quads. secondary muscles: glute max; hamstrings; core. target areas: adductors; glutes; quads; core-stability; hamstrings. laterality: alternating. load type: mixed. training context: gym; home. visual cues: single-leg; frontal-plane,complete,assets/workout-images/curtsy-lunge.png,"1080x1920; correct curtsy lunge frame, dumbbells, anatomy style.",,
cycle,Cycle,Cycle,cycling,cardio,cardio-live,none,,locomotion,,bilateral,none,false,cardiorespiratory system,,,,,,quick-log,quick-log,true,Cycle exercise. equipment: none. movement pattern: locomotion. primary muscles: cardiorespiratory system. laterality: bilateral. load type: none. training context: quick-log,complete,assets/workout-images/cycle.png,"QA pass: clear stationary cycling frame, 1080x1920.",,
dead-bug,Dead Bug,deadbug; Dead Bug,dead-bug,rehab,bodyweight-reps,none; floor,lying-supine,core-stability,dynamic,alternating,bodyweight,true,transverse abdominis; rectus abdominis,hip flexors; obliques,abs,obliques,spine; hip; shoulder,rehab; core-stability; warmup-friendly,gym; home; rehab-friendly; warmup-friendly,rehab; core-stability; warmup-friendly; gym; home; rehab-friendly,true,Dead Bug exercise. equipment: none; floor. body position: lying-supine. movement pattern: core-stability. primary muscles: transverse abdominis; rectus abdominis. secondary muscles: hip flexors; obliques. target areas: abs; obliques. laterality: alternating. load type: bodyweight. training context: gym; home; rehab-friendly; warmup-friendly. visual cues: rehab; core-stability; warmup-friendly,complete,assets/workout-images/dead-bug.png,"QA pass: correct contralateral extension, 1080x1920.",,
dead-hang,Dead Hang,passive hang; Dead Hang,hang,calisthenics,hold,pull-up-bar,hanging,grip; shoulder-decompression,isometric,bilateral,bodyweight,true,forearms; grip,lats; rotator cuff,core-stability; forearms-wrists,lats,shoulder; wrist; elbow; scapula,grip; decompression; beginner,gym; home; calisthenics-park,grip; decompression; beginner; gym; home; calisthenics-park,true,Dead Hang exercise. equipment: pull-up-bar. body position: hanging. movement pattern: grip; shoulder-decompression. primary muscles: forearms; grip. secondary muscles: lats; rotator cuff. target areas: core-stability; forearms-wrists; lats. laterality: bilateral. load type: bodyweight. training context: gym; home; calisthenics-park. visual cues: grip; decompression; beginner,complete,assets/workout-images/dead-hang.png,"QA passed: 1080x1920; one figure; one static dead-hang movement; no text, panels, or watermark; white background; reference anatomy style; straight-arm hang from pull-up bar with full bar and",,
deceleration-step,Deceleration Step,Deceleration Step,agility-drill,conditioning,plyometric,cones,varied,deceleration; cutting,explosive,bilateral,bodyweight,true,quads; glute max; calves,hamstrings; core,glutes; quads,core-stability; hamstrings,hip; knee; ankle,speed; agility; reactive; athletic,speed; agility; athletic-prep,speed; agility; reactive; athletic; conditioning; plyometric,true,Deceleration Step exercise. equipment: cones. body position: varied. movement pattern: deceleration; cutting. primary muscles: quads; glute max; calves. secondary muscles: hamstrings; core. target areas: glutes; quads; core-stability; hamstrings. laterality: bilateral. load type: bodyweight. training context: speed; agility; athletic-prep. visual cues: speed; agility; reactive; athletic,complete,assets/workout-images/deceleration-step.png,"QA pass: clear braking step, 1080x1920.",,
decline-crunch,Decline Crunch,decline bench crunch,crunch,calisthenics,bodyweight-reps,decline-bench; bench,decline-supine,core-flexion,dynamic,bilateral,bodyweight,true,rectus abdominis,obliques; hip flexors,abs,obliques,spine; hip,upper-abs; core,gym,upper-abs; core; gym,true,Decline Crunch exercise. equipment: decline-bench; bench. body position: decline-supine. movement pattern: core-flexion. primary muscles: rectus abdominis. secondary muscles: obliques; hip flexors. target areas: abs; obliques. laterality: bilateral. load type: bodyweight. training context: gym. visual cues: upper-abs; core,complete,assets/workout-images/decline-crunch.png,1080x1920; correct decline crunch contraction frame and abs emphasis.,,
decline-push-up,Decline Push-Up,feet elevated push-up,push-up,calisthenics,bodyweight-reps,bench; box,supported,horizontal-push,dynamic,bilateral,bodyweight,true,upper chest; front delts; triceps,serratus; abs,chest; front-delts; triceps,abs,shoulder; elbow; wrist; spine,advanced,home; gym,advanced; home; gym,true,Decline Push-Up exercise. equipment: bench; box. body position: supported. movement pattern: horizontal-push. primary muscles: upper chest; front delts; triceps. secondary muscles: serratus; abs. target areas: chest; front-delts; triceps; abs. laterality: bilateral. load type: bodyweight. training context: home; gym. visual cues: advanced,complete,assets/workout-images/decline-push-up.png,"QA pass after regen: feet elevated on bench, lower decline push-up frame.",priority_20_80,30
deep-squat-pry,Deep Squat Pry,Deep Squat Pry,mobility-drill,mobility,mobility,none; floor,varied,squat; hip-mobility,controlled,bilateral,bodyweight,true,adductors; glute max,,,adductors; glutes,hip; knee; ankle,mobility; stretch,mobility; stretch; warmup,mobility; stretch,true,Deep Squat Pry exercise. equipment: none; floor. body position: varied. movement pattern: squat; hip-mobility. primary muscles: adductors; glute max. target areas: adductors; glutes. laterality: bilateral. load type: bodyweight. training context: mobility; stretch; warmup. visual cues: mobility; stretch,complete,assets/workout-images/deep-squat-pry.png,"QA pass: deep squat pry frame, adductors/glutes, 1080x1920.",,
deficit-handstand-push-up,Deficit Handstand Push-Up,Deficit Handstand Push-Up,push-up,calisthenics,bodyweight-reps,parallettes; wall,inverted,horizontal-push,dynamic,bilateral,bodyweight,true,pecs; triceps; front delts,serratus; core,chest; front-delts; triceps,core-stability,shoulder; elbow; scapula; wrist,calisthenics; advanced; handstand-push-up; deficit,calisthenics; bodyweight; skill-training,calisthenics; bodyweight; advanced; handstand-push-up; deficit,true,Deficit Handstand Push-Up exercise. equipment: parallettes; wall. body position: inverted. movement pattern: horizontal-push. primary muscles: pecs; triceps; front delts. secondary muscles: serratus; core. target areas: chest; front-delts; triceps; core-stability. laterality: bilateral. load type: bodyweight. training context: calisthenics; bodyweight; skill-training. visual cues: calisthenics; advanced; handstand-push-up; deficit,complete,assets/workout-images/deficit-handstand-push-up.png,"QA pass: deep parallette HSPU, 1080x1920.",,
depth-drop,Depth Drop,Depth Drop,agility-drill,conditioning,plyometric,box,varied,landing; deceleration,explosive,bilateral,bodyweight,true,quads; glute max; calves,hamstrings; core,glutes; quads,core-stability; hamstrings,hip; knee; ankle,speed; agility; reactive; athletic,speed; agility; athletic-prep,speed; agility; reactive; athletic; conditioning; plyometric,true,Depth Drop exercise. equipment: box. body position: varied. movement pattern: landing; deceleration. primary muscles: quads; glute max; calves. secondary muscles: hamstrings; core. target areas: glutes; quads; core-stability; hamstrings. laterality: bilateral. load type: bodyweight. training context: speed; agility; athletic-prep. visual cues: speed; agility; reactive; athletic,complete,assets/workout-images/depth-drop.png,"QA pass: clear landing drop, 1080x1920.",,
depth-jump,Depth Jump,drop jump,depth-jump,conditioning,plyometric,box,standing,jump,explosive,bilateral,bodyweight,true,quads; glute max; calves,hamstrings; core,glutes; quads,core-stability; hamstrings,hip; knee; ankle,explosive; shock-method,gym; field; niche,explosive; shock-method; gym; field; niche,true,Depth Jump exercise. equipment: box. body position: standing. movement pattern: jump. primary muscles: quads; glute max; calves. secondary muscles: hamstrings; core. target areas: glutes; quads; core-stability; hamstrings. laterality: bilateral. load type: bodyweight. training context: gym; field; niche. visual cues: explosive; shock-method,complete,assets/workout-images/depth-jump.png,"QA pass after regen: clear rebound, 1080x1920.",,
diamond-push-up,Diamond Push-Up,close grip push-up; triangle push-up,push-up,calisthenics,bodyweight-reps,floor,plank,horizontal-push; elbow-extension,dynamic,bilateral,bodyweight,true,triceps; pecs,front delts; serratus,chest; triceps,front-delts,shoulder; elbow; wrist,triceps-focus,home; gym,triceps-focus; home; gym,true,Diamond Push-Up exercise. equipment: floor. body position: plank. movement pattern: horizontal-push; elbow-extension. primary muscles: triceps; pecs. secondary muscles: front delts; serratus. target areas: chest; triceps; front-delts. laterality: bilateral. load type: bodyweight. training context: home; gym. visual cues: triceps-focus,complete,assets/workout-images/diamond-push-up.png,"QA pass: close-hand push-up frame, one figure, chest/triceps highlighted.",,
dip,Dip,Dip,dip,strength,calisthenics,dip-bars,supported,vertical-push,dynamic,bilateral,bodyweight,true,lower pecs; triceps,,chest; triceps,core-stability,,,quick-log,quick-log,true,Dip exercise. equipment: dip-bars. body position: supported. movement pattern: vertical-push. primary muscles: lower pecs; triceps. target areas: chest; triceps; core-stability. laterality: bilateral. load type: bodyweight. training context: quick-log,complete,assets/workout-images/dip.png,"Exact 1080x1920, one figure, one movement, no text/panels/watermark, white background, and reference style match. Dip bars, supported dip posture, chest/triceps emphasis, and crop are acceptable.",,
donkey-calf-raise,Donkey Calf Raise,donkey raise,calf-raise,hypertrophy,bilateral-load,donkey-calf-machine; smith-machine; dip-belt; block,hinged,calf,dynamic,bilateral,mixed,false,gastrocnemius; soleus,intrinsic foot muscles,calves,,ankle; hip,lower-leg,gym; machine-area; niche,lower-leg; gym; machine-area; niche,true,Donkey Calf Raise exercise. equipment: donkey-calf-machine; smith-machine; dip-belt; block. body position: hinged. movement pattern: calf. primary muscles: gastrocnemius; soleus. secondary muscles: intrinsic foot muscles. target areas: calves. laterality: bilateral. load type: mixed. training context: gym; machine-area; niche. visual cues: lower-leg,complete,assets/workout-images/donkey-calf-raise.png,"1080x1920. One figure, one movement, no text/panels/watermark, white background, and reference style match. Donkey calf machine, hinged support, raised heels, and calf highlighting are accurate.",,
double-kettlebell-front-squat,Double Kettlebell Front Squat,double KB front squat,squat,strength,bilateral-load,kettlebell,standing,squat,dynamic,bilateral,external,false,quads; glute max; adductors,upper back; core,adductors; glutes; quads,core-stability,hip; knee; ankle; spine,front-loaded,gym; home,front-loaded; gym; home,true,Double Kettlebell Front Squat exercise. equipment: kettlebell. body position: standing. movement pattern: squat. primary muscles: quads; glute max; adductors. secondary muscles: upper back; core. target areas: adductors; glutes; quads; core-stability. laterality: bilateral. load type: external. training context: gym; home. visual cues: front-loaded,complete,assets/workout-images/double-kettlebell-front-squat.png,"QA passed: two-kettlebell front rack squat, full body/equipment visible.",,
double-under,Double-Under,du; double unders,jump-rope,conditioning,plyometric,jump-rope,standing,locomotion,explosive,bilateral,bodyweight,true,calves; forearms,shoulders; quads; cardiorespiratory system,forearms-wrists,quads,ankle; wrist; shoulder,crossfit; coordination; explosive,home; gym; crossfit-box,crossfit; coordination; explosive; home; gym; crossfit-box,true,Double-Under exercise. equipment: jump-rope. body position: standing. movement pattern: locomotion. primary muscles: calves; forearms. secondary muscles: shoulders; quads; cardiorespiratory system. target areas: forearms-wrists; quads. laterality: bilateral. load type: bodyweight. training context: home; gym; crossfit-box. visual cues: crossfit; coordination; explosive,complete,assets/workout-images/double-under.png,"QA pass after regen: airborne double pass, 1080x1920.",,
dragon-flag,Dragon Flag,negative dragon flag,dragon-flag,skill,bodyweight-reps,bench,lying-supine,core-extension; core-stability,dynamic,bilateral,bodyweight,true,rectus abdominis; lats; hip flexors,serratus; triceps,abs; lats,triceps,spine; shoulder; hip,advanced; gymnastics; core,gym; home; niche,advanced; gymnastics; core; gym; home; niche,true,Dragon Flag exercise. equipment: bench. body position: lying-supine. movement pattern: core-extension; core-stability. primary muscles: rectus abdominis; lats; hip flexors. secondary muscles: serratus; triceps. target areas: abs; lats; triceps. laterality: bilateral. load type: bodyweight. training context: gym; home; niche. visual cues: advanced; gymnastics; core,complete,assets/workout-images/dragon-flag.png,"QA pass: bench dragon flag, clean anatomy, correct highlights",,
dragon-flag-negative,Dragon Flag Negative,Dragon Flag Negative,core-compression,calisthenics,bodyweight-reps,bench; stall-bars,floor,compression; trunk-flexion,dynamic,bilateral,bodyweight,true,abs; hip flexors,lats; forearms,abs,forearms-wrists; lats,hip; spine,calisthenics; dragon-flag; eccentric; advanced,calisthenics; bodyweight; skill-training,calisthenics; bodyweight; dragon-flag; eccentric; advanced,true,Dragon Flag Negative exercise. equipment: bench; stall-bars. body position: floor. movement pattern: compression; trunk-flexion. primary muscles: abs; hip flexors. secondary muscles: lats; forearms. target areas: abs; forearms-wrists; lats. laterality: bilateral. load type: bodyweight. training context: calisthenics; bodyweight; skill-training. visual cues: calisthenics; dragon-flag; eccentric; advanced,complete,assets/workout-images/dragon-flag-negative.png,"QA passed: 1080x1920; one figure and one movement; no text, panels, or watermark; white background; reference anatomy style; correct negative dragon flag lowering frame on bench/stall bars; a",,
dragon-press,Dragon Press,Dragon Press,core-compression,calisthenics,bodyweight-reps,floor,floor,compression; press,dynamic,bilateral,bodyweight,true,abs; hip flexors,triceps; front delts,abs,front-delts; triceps,hip; spine,calisthenics; dragon-flag; compression; advanced,calisthenics; bodyweight; skill-training,calisthenics; bodyweight; dragon-flag; compression; advanced,true,Dragon Press exercise. equipment: floor. body position: floor. movement pattern: compression; press. primary muscles: abs; hip flexors. secondary muscles: triceps; front delts. target areas: abs; front-delts; triceps. laterality: bilateral. load type: bodyweight. training context: calisthenics; bodyweight; skill-training. visual cues: calisthenics; dragon-flag; compression; advanced,complete,assets/workout-images/dragon-press.png,"QA passed: clean floor press frame, abs highlighted.",,
dumbbell-arnold-press,Dumbbell Arnold Press,arnold press; dumbbell arnold press,overhead-press,hypertrophy,dumbbell-pair,dumbbell; bench,seated,vertical-push,dynamic,bilateral,external,false,front delts; lateral delts; triceps,upper chest,front-delts; lats; side-delts; triceps,chest,shoulder; elbow; scapula,shoulder-focus,gym; free-weights; home,shoulder-focus; gym; free-weights; home,true,Dumbbell Arnold Press exercise. equipment: dumbbell; bench. body position: seated. movement pattern: vertical-push. primary muscles: front delts; lateral delts; triceps. secondary muscles: upper chest. target areas: front-delts; lats; side-delts; triceps; chest. laterality: bilateral. load type: external. training context: gym; free-weights; home. visual cues: shoulder-focus,complete,assets/workout-images/dumbbell-arnold-press.png,"Final targeted edit accepted: inward-grip rotational Arnold-press working frame with clear bench/dumbbell setup, white background, 1080x1920.",,
dumbbell-bulgarian-split-squat,Dumbbell Bulgarian Split Squat,db RFESS; dumbbell rear foot elevated split squat,split-squat,hypertrophy,unilateral-pair,dumbbell; bench,standing,squat,dynamic,unilateral,external,false,quads; glute max; adductors,glute med; hamstrings; core,adductors; glutes; quads,core-stability; hamstrings,hip; knee; ankle,single-leg,gym; home,single-leg; gym; home,true,Dumbbell Bulgarian Split Squat exercise. equipment: dumbbell; bench. body position: standing. movement pattern: squat. primary muscles: quads; glute max; adductors. secondary muscles: glute med; hamstrings; core. target areas: adductors; glutes; quads; core-stability; hamstrings. laterality: unilateral. load type: external. training context: gym; home. visual cues: single-leg,complete,assets/workout-images/dumbbell-bulgarian-split-squat.png,"1080x1920 single-figure anatomy render on a clean white background with accurate dumbbell-and-bench setup, clear rear-foot-elevated split-squat posture, and no cropping. The earlier muscle-map issue appears fixed: emphasis is now centered on quads, glutes, adductors, hamstrings, and core stability rather than forearms/obliques.",,
dumbbell-chest-supported-row,Dumbbell Chest-Supported Row,incline db row; seal row dumbbell; incline bench dumbbell row; chest supported db row; Chest-Supported Dumbbell Row,row,hypertrophy,dumbbell-pair,dumbbell; bench; incline-bench,supported,horizontal-pull,dynamic,bilateral,external,false,lats; mid back; rear delts,biceps; forearms,lats; rear-delts; upper-back,biceps; forearms-wrists,shoulder; elbow; scapula,back-thickness; back-focus,gym; free-weights,back-thickness; back-focus; gym; free-weights,true,Dumbbell Chest-Supported Row exercise. equipment: dumbbell; bench; incline-bench. body position: supported. movement pattern: horizontal-pull. primary muscles: lats; mid back; rear delts. secondary muscles: biceps; forearms. target areas: lats; rear-delts; upper-back; biceps; forearms-wrists. laterality: bilateral. load type: external. training context: gym; free-weights. visual cues: back-thickness; back-focus,complete,assets/workout-images/dumbbell-chest-supported-row.png,"1080x1920. Single figure, pure white background, no overlays, full body and equipment visible. Incline-bench chest support, dumbbell row posture, grip, and back/rear-delt/lat emphasis clearly communicate the exercise.",,
dumbbell-flat-bench-press,Dumbbell Flat Bench Press,flat dumbbell press; db bench press; Dumbbell Bench Press,bench-press,hypertrophy,dumbbell-pair,dumbbell; bench; flat-bench,lying-supine,horizontal-push,dynamic,bilateral,external,false,pecs; triceps; front delts,serratus; stabilizers,chest; front-delts; triceps,,shoulder; elbow; scapula,dumbbell; compound,gym; bench-area; free-weights; home,dumbbell; compound; gym; bench-area; free-weights; home,true,Dumbbell Flat Bench Press exercise. equipment: dumbbell; bench; flat-bench. body position: lying-supine. movement pattern: horizontal-push. primary muscles: pecs; triceps; front delts. secondary muscles: serratus; stabilizers. target areas: chest; front-delts; triceps. laterality: bilateral. load type: external. training context: gym; bench-area; free-weights; home. visual cues: dumbbell; compound,complete,assets/workout-images/dumbbell-flat-bench-press.png,"1080x1920. One figure, one movement, no text/panels/watermark, white background, and reference style match. Flat bench and dumbbells are accurate; supine press posture and chest/front-delt/triceps highlighting are appropriate.",,
dumbbell-fly,Dumbbell Fly,db fly; flat dumbbell flye,fly,hypertrophy,dumbbell-pair,dumbbell; flat-bench,lying-supine,horizontal-push,dynamic,bilateral,external,false,pecs,front delts; serratus,chest,front-delts,shoulder; scapula; elbow,chest-isolation,gym; free-weights,chest-isolation; gym; free-weights,true,Dumbbell Fly exercise. equipment: dumbbell; flat-bench. body position: lying-supine. movement pattern: horizontal-push. primary muscles: pecs. secondary muscles: front delts; serratus. target areas: chest; front-delts. laterality: bilateral. load type: external. training context: gym; free-weights. visual cues: chest-isolation,complete,assets/workout-images/dumbbell-fly.png,"Pure white background issue is resolved. The bench now reads flat rather than incline, and the supine fly setup/posture is acceptable for use.",,
dumbbell-front-raise,Dumbbell Front Raise,plate front raise; front raise,front-raise,hypertrophy,dumbbell-pair,dumbbell; plate,standing,shoulder-flexion,dynamic,bilateral,external,false,front delts,upper chest; serratus,front-delts,chest,shoulder; scapula,shoulder-isolation,gym; home,shoulder-isolation; gym; home,true,Dumbbell Front Raise exercise. equipment: dumbbell; plate. body position: standing. movement pattern: shoulder-flexion. primary muscles: front delts. secondary muscles: upper chest; serratus. target areas: front-delts; chest. laterality: bilateral. load type: external. training context: gym; home. visual cues: shoulder-isolation,complete,assets/workout-images/dumbbell-front-raise.png,1080x1920; correct bilateral front-raise frame and deltoid emphasis.,,
dumbbell-hammer-curl,Dumbbell Hammer Curl,hammer curl; neutral grip curl; dumbbell hammer curl,curl,hypertrophy,dumbbell-pair,dumbbell,standing,elbow-flexion,dynamic,bilateral,external,false,brachialis; biceps; brachioradialis,forearms,biceps,forearms-wrists,elbow; wrist,arm-isolation; forearm-focus,gym; home; free-weights,arm-isolation; forearm-focus; gym; home; free-weights,true,Dumbbell Hammer Curl exercise. equipment: dumbbell. body position: standing. movement pattern: elbow-flexion. primary muscles: brachialis; biceps; brachioradialis. secondary muscles: forearms. target areas: biceps; forearms-wrists. laterality: bilateral. load type: external. training context: gym; home; free-weights. visual cues: arm-isolation; forearm-focus,complete,assets/workout-images/dumbbell-hammer-curl.png,"1080x1920; single figure on white background; neutral hammer grip with correct dumbbells; appropriate arm muscle highlights; no text, panels, watermark, or c...",,
dumbbell-hip-thrust,Dumbbell Hip Thrust,db hip thrust,hip-thrust,hypertrophy,bilateral-load,dumbbell; bench,supported,hinge; hip-extension,dynamic,bilateral,external,false,glute max,hamstrings; adductors,glutes; lower-back,adductors; hamstrings,hip; spine,glute-focus,gym; home,glute-focus; gym; home,true,Dumbbell Hip Thrust exercise. equipment: dumbbell; bench. body position: supported. movement pattern: hinge; hip-extension. primary muscles: glute max. secondary muscles: hamstrings; adductors. target areas: glutes; lower-back; adductors; hamstrings. laterality: bilateral. load type: external. training context: gym; home. visual cues: glute-focus,complete,assets/workout-images/dumbbell-hip-thrust.png,1080x1920; correct bench-supported hip-thrust frame and glute emphasis.,,
dumbbell-incline-bench-press,Dumbbell Incline Bench Press,incline db press; incline dumbbell press; incline db bench press; Incline Dumbbell Bench Press,bench-press,hypertrophy,dumbbell-pair,dumbbell; bench; incline-bench,incline,horizontal-push,dynamic,bilateral,external,false,upper chest; front delts; triceps,pecs; serratus,chest; front-delts; triceps,,shoulder; elbow; scapula,upper-chest; compound,gym; bench-area; free-weights; home,upper-chest; compound; gym; bench-area; free-weights; home,true,Dumbbell Incline Bench Press exercise. equipment: dumbbell; bench; incline-bench. body position: incline. movement pattern: horizontal-push. primary muscles: upper chest; front delts; triceps. secondary muscles: pecs; serratus. target areas: chest; front-delts; triceps. laterality: bilateral. load type: external. training context: gym; bench-area; free-weights; home. visual cues: upper-chest; compound,complete,assets/workout-images/dumbbell-incline-bench-press.png,"1080x1920. One figure, one movement, no text/panels/watermark, white background, and reference style match. Incline bench and dumbbells are accurate; posture reads as an incline dumbbell press. Target muscles are acceptable for upper chest/front delts/triceps, though chest highlight is broad.",,
dumbbell-incline-curl,Dumbbell Incline Curl,incline db curl,curl,hypertrophy,dumbbell-pair,dumbbell; bench,incline,elbow-flexion,dynamic,bilateral,external,false,biceps,brachialis; forearms,biceps,forearms-wrists,elbow; shoulder,arm-isolation,gym,arm-isolation; gym,true,Dumbbell Incline Curl exercise. equipment: dumbbell; bench. body position: incline. movement pattern: elbow-flexion. primary muscles: biceps. secondary muscles: brachialis; forearms. target areas: biceps; forearms-wrists. laterality: bilateral. load type: external. training context: gym. visual cues: arm-isolation,complete,assets/workout-images/dumbbell-incline-curl.png,"1080x1920 with one figure, white background, accurate incline-bench curl posture, correct dumbbell grip, and biceps/brachialis highlighting that matches the exercise.",,
dumbbell-lateral-raise,Dumbbell Lateral Raise,db lateral raise; side raise; Dumbbell Lateral Raise,lateral-raise,hypertrophy,dumbbell-pair,dumbbell,standing,shoulder-abduction,dynamic,bilateral,external,false,lateral delts,upper traps; supraspinatus,lats; side-delts,traps,shoulder; scapula,shoulder-isolation,gym; home; free-weights,shoulder-isolation; gym; home; free-weights,true,Dumbbell Lateral Raise exercise. equipment: dumbbell. body position: standing. movement pattern: shoulder-abduction. primary muscles: lateral delts. secondary muscles: upper traps; supraspinatus. target areas: lats; side-delts; traps. laterality: bilateral. load type: external. training context: gym; home; free-weights. visual cues: shoulder-isolation,complete,assets/workout-images/dumbbell-lateral-raise.png,QA passed after direct final regeneration: lateral raise posture fixed and dumbbells fully inside frame.,,
dumbbell-lying-triceps-extension,Dumbbell Lying Triceps Extension,db skull crusher; lying db extension,triceps-extension,hypertrophy,dumbbell-pair,dumbbell; flat-bench,lying-supine,elbow-extension,dynamic,bilateral,external,false,triceps,front delts,triceps,front-delts,elbow; shoulder; wrist,arm-isolation,gym; free-weights; home,arm-isolation; gym; free-weights; home,true,Dumbbell Lying Triceps Extension exercise. equipment: dumbbell; flat-bench. body position: lying-supine. movement pattern: elbow-extension. primary muscles: triceps. secondary muscles: front delts. target areas: triceps; front-delts. laterality: bilateral. load type: external. training context: gym; free-weights; home. visual cues: arm-isolation,complete,assets/workout-images/dumbbell-lying-triceps-extension.png,"1080x1920; one figure and one movement; white background; no text, panels, watermark, or labels; anatomy style and triceps emphasis fit the exercise; dumbbel...",,
dumbbell-one-arm-row,Dumbbell One-Arm Row,single arm dumbbell row; one hand row,row,hypertrophy,unilateral-pair,dumbbell; bench,supported,horizontal-pull,dynamic,unilateral,external,false,lats; mid back,rear delts; biceps; forearms,lats; upper-back,biceps; forearms-wrists; rear-delts,shoulder; elbow; scapula,single-arm,gym; home,single-arm; gym; home,true,Dumbbell One-Arm Row exercise. equipment: dumbbell; bench. body position: supported. movement pattern: horizontal-pull. primary muscles: lats; mid back. secondary muscles: rear delts; biceps; forearms. target areas: lats; upper-back; biceps; forearms-wrists; rear-delts. laterality: unilateral. load type: external. training context: gym; home. visual cues: single-arm,complete,assets/workout-images/dumbbell-one-arm-row.png,"Background is clean white, and the prior support-position issue is fixed: the supporting hand and knee are on the same side, with a readable one-arm row contraction.",,
dumbbell-overhead-triceps-extension,Dumbbell Overhead Triceps Extension,db overhead extension,triceps-extension,hypertrophy,bilateral-load,dumbbell,seated,elbow-extension,dynamic,bilateral,external,false,triceps,front delts,triceps,front-delts,elbow; shoulder,arm-isolation,gym; home,arm-isolation; gym; home,true,Dumbbell Overhead Triceps Extension exercise. equipment: dumbbell. body position: seated. movement pattern: elbow-extension. primary muscles: triceps. secondary muscles: front delts. target areas: triceps; front-delts. laterality: bilateral. load type: external. training context: gym; home. visual cues: arm-isolation,complete,assets/workout-images/dumbbell-overhead-triceps-extension.png,QA pass after white background correction.,,
dumbbell-pullover,Dumbbell Pullover,db pullover; Dumbbell Pullover,pullover,hypertrophy,bilateral-load,dumbbell; bench,lying-supine,shoulder-extension; core-stability,dynamic,bilateral,external,false,lats; pecs; serratus,triceps; upper chest,chest; lats,triceps,shoulder; elbow; scapula,ribcage-control; ribcage; serratus,gym; free-weights; home,ribcage-control; ribcage; serratus; gym; free-weights; home,true,Dumbbell Pullover exercise. equipment: dumbbell; bench. body position: lying-supine. movement pattern: shoulder-extension; core-stability. primary muscles: lats; pecs; serratus. secondary muscles: triceps; upper chest. target areas: chest; lats; triceps. laterality: bilateral. load type: external. training context: gym; free-weights; home. visual cues: ribcage-control; ribcage; serratus,complete,assets/workout-images/dumbbell-pullover.png,"1080x1920; one figure and one movement; white background; no text, panels, watermark, or labels; anatomy style and pullover bottom-frame pose look correct; s...",,
dumbbell-push-press,Dumbbell Push Press,db push press,overhead-press,mixed,dumbbell-pair,dumbbell,standing,vertical-push,explosive,bilateral,external,false,front delts; triceps; quads,glute max; calves; upper traps,front-delts; quads; triceps,glutes; traps,shoulder; elbow; wrist; hip; knee; ankle,power; overhead,gym; free-weights,power; overhead; gym; free-weights,true,Dumbbell Push Press exercise. equipment: dumbbell. body position: standing. movement pattern: vertical-push. primary muscles: front delts; triceps; quads. secondary muscles: glute max; calves; upper traps. target areas: front-delts; quads; triceps; glutes; traps. laterality: bilateral. load type: external. training context: gym; free-weights. visual cues: power; overhead,complete,assets/workout-images/dumbbell-push-press.png,1080x1920 PNG verified.; Single full-body figure on pure white background; border pixels verified as 255/255/255.; On...,,
dumbbell-rear-delt-fly,Dumbbell Rear Delt Fly,bent over rear delt fly; reverse fly; db reverse fly; rear delt raise; Dumbbell Rear Delt Fly,rear-delt-fly,hypertrophy,dumbbell-pair,dumbbell; bench,supported,horizontal-pull; shoulder-horizontal-abduction,dynamic,bilateral,external,false,rear delts; mid back,rhomboids; lower traps,rear-delts; upper-back,traps,shoulder; scapula,rear-delt; rear-delt-focus,gym; home; free-weights,rear-delt; rear-delt-focus; gym; home; free-weights,true,Dumbbell Rear Delt Fly exercise. equipment: dumbbell; bench. body position: supported. movement pattern: horizontal-pull; shoulder-horizontal-abduction. primary muscles: rear delts; mid back. secondary muscles: rhomboids; lower traps. target areas: rear-delts; upper-back; traps. laterality: bilateral. load type: external. training context: gym; home; free-weights. visual cues: rear-delt; rear-delt-focus,complete,assets/workout-images/dumbbell-rear-delt-fly.png,"Passes format and composition checks. Single figure on pure white background, incline-supported reverse fly posture is clear, dumbbells/bench are accurate, and rear delt plus upper-back emphasis matches the row.",,
dumbbell-renegade-row,Dumbbell Renegade Row,plank row; db plank row,row,mixed,unilateral-pair,dumbbell,plank,horizontal-pull; anti-rotation,dynamic,alternating,bodyweight-plus-external,true,lats; core; obliques,rear delts; triceps; pecs,core-stability; lats; obliques,chest; rear-delts; triceps,shoulder; elbow; wrist; spine,anti-rotation,gym; home,anti-rotation; gym; home,true,Dumbbell Renegade Row exercise. equipment: dumbbell. body position: plank. movement pattern: horizontal-pull; anti-rotation. primary muscles: lats; core; obliques. secondary muscles: rear delts; triceps; pecs. target areas: core-stability; lats; obliques; chest; rear-delts; triceps. laterality: alternating. load type: bodyweight-plus-external. training context: gym; home. visual cues: anti-rotation,complete,assets/workout-images/dumbbell-renegade-row.png,"Pass: renegade-row frame, full body/equipment, core-lat emphasis acceptable.",,
dumbbell-reverse-lunge,Dumbbell Reverse Lunge,db reverse lunge,lunge,hypertrophy,unilateral-pair,dumbbell,standing|split-stance,squat,dynamic,unilateral,external,false,quads; glute max,hamstrings; adductors; abs,glutes; quads,abs; adductors; hamstrings,hip; knee; ankle,unilateral,gym; free-weights; home,unilateral; gym; free-weights; home,true,Dumbbell Reverse Lunge exercise. equipment: dumbbell. body position: standing|split-stance. movement pattern: squat. primary muscles: quads; glute max. secondary muscles: hamstrings; adductors; abs. target areas: glutes; quads; abs; adductors; hamstrings. laterality: unilateral. load type: external. training context: gym; free-weights; home. visual cues: unilateral,complete,assets/workout-images/dumbbell-reverse-lunge.png,"1080x1920. One figure and one reverse-lunge frame with dumbbells, no text/panels/watermark, white background, no visible cropping. Anatomy style and lower-bo...",,
dumbbell-romanian-deadlift,Dumbbell Romanian Deadlift,db RDL; dumbbell RDL; dumbbell romanian deadlift,hinge,hypertrophy,dumbbell-pair,dumbbell,standing,hinge,dynamic,bilateral,external,false,hamstrings; glute max,spinal erectors; forearms,glutes; hamstrings; lower-back,forearms-wrists,hip; spine; knee,posterior-chain,gym; home; free-weights,posterior-chain; gym; home; free-weights,true,Dumbbell Romanian Deadlift exercise. equipment: dumbbell. body position: standing. movement pattern: hinge. primary muscles: hamstrings; glute max. secondary muscles: spinal erectors; forearms. target areas: glutes; hamstrings; lower-back; forearms-wrists. laterality: bilateral. load type: external. training context: gym; home; free-weights. visual cues: posterior-chain,complete,assets/workout-images/dumbbell-romanian-deadlift.png,"1080x1920; one figure on pure white background; no text, panels, watermark, or labels; anatomy style and dumbbell RDL bottom-frame posture are correct; equip...",,
dumbbell-seated-shoulder-press,Dumbbell Seated Shoulder Press,seated db press; dumbbell shoulder press,overhead-press,hypertrophy,dumbbell-pair,dumbbell; bench,seated,vertical-push,dynamic,bilateral,external,false,front delts; triceps,lateral delts; upper chest,front-delts; triceps,chest; lats; side-delts,shoulder; elbow; scapula,dumbbell; overhead,gym,dumbbell; overhead; gym,true,Dumbbell Seated Shoulder Press exercise. equipment: dumbbell; bench. body position: seated. movement pattern: vertical-push. primary muscles: front delts; triceps. secondary muscles: lateral delts; upper chest. target areas: front-delts; triceps; chest; lats; side-delts. laterality: bilateral. load type: external. training context: gym. visual cues: dumbbell; overhead,complete,assets/workout-images/dumbbell-seated-shoulder-press.png,"1080x1920 with one figure, one movement, pure white background, accurate seated dumbbell shoulder press setup, and shoulder/triceps emphasis consistent with the exercise.",,
dumbbell-side-bend,Dumbbell Side Bend,kettlebell side bend; weighted side bend,side-bend,hypertrophy,unilateral-pair,dumbbell; kettlebell,standing,lateral-flexion,dynamic,unilateral,external,false,obliques; quadratus lumborum,grip; glute med,obliques; quads,forearms-wrists; glutes,spine; hip; wrist,core; lateral-flexion,gym; home,core; lateral-flexion; gym; home,true,Dumbbell Side Bend exercise. equipment: dumbbell; kettlebell. body position: standing. movement pattern: lateral-flexion. primary muscles: obliques; quadratus lumborum. secondary muscles: grip; glute med. target areas: obliques; quads; forearms-wrists; glutes. laterality: unilateral. load type: external. training context: gym; home. visual cues: core; lateral-flexion,complete,assets/workout-images/dumbbell-side-bend.png,"QA pass: lateral bend frame, dumbbell grip, obliques/QL highlighted.",,
dumbbell-single-leg-romanian-deadlift,Dumbbell Single-Leg Romanian Deadlift,single leg RDL; single leg dumbbell RDL,hinge,hypertrophy,unilateral-pair,dumbbell,standing,hinge,dynamic,unilateral,external,false,hamstrings; glute max; glute med,spinal erectors; forearms; core,glutes; hamstrings; lower-back,core-stability; forearms-wrists,hip; ankle; spine; knee,balance; single-leg,gym; home,balance; single-leg; gym; home,true,Dumbbell Single-Leg Romanian Deadlift exercise. equipment: dumbbell. body position: standing. movement pattern: hinge. primary muscles: hamstrings; glute max; glute med. secondary muscles: spinal erectors; forearms; core. target areas: glutes; hamstrings; lower-back; core-stability; forearms-wrists. laterality: unilateral. load type: external. training context: gym; home. visual cues: balance; single-leg,complete,assets/workout-images/dumbbell-single-leg-romanian-deadlift.png,"1080x1920. One figure, one movement, no text/panels/watermark, white background, and reference style match. Dumbbells, single-leg hinge posture, balance cue, and hamstring/glute/forearm highlighting are appropriate.",,
dumbbell-snatch,Dumbbell Snatch,single arm dumbbell snatch; db power snatch; db snatch; Dumbbell Snatch,snatch,strength,unilateral-pair,dumbbell,standing,hinge; vertical-pull; vertical-push,explosive,unilateral,external,false,glute max; hamstrings; upper back,front delts; traps; core,glutes; hamstrings,core-stability; front-delts; traps,hip; knee; ankle; shoulder; scapula,explosive; overhead; crossfit; power,gym; home; free-weights,explosive; overhead; crossfit; power; gym; home; free-weights,true,Dumbbell Snatch exercise. equipment: dumbbell. body position: standing. movement pattern: hinge; vertical-pull; vertical-push. primary muscles: glute max; hamstrings; upper back. secondary muscles: front delts; traps; core. target areas: glutes; hamstrings; core-stability; front-delts; traps. laterality: unilateral. load type: external. training context: gym; home; free-weights. visual cues: explosive; overhead; crossfit; power,complete,assets/workout-images/dumbbell-snatch.png,"QA pass: single dumbbell overhead, clean white bg.",,
dumbbell-split-squat,Dumbbell Split Squat,db split squat,split-squat,hypertrophy,unilateral-pair,dumbbell,standing|split-stance,squat,dynamic,unilateral,external,false,quads; glute max,adductors; hamstrings; abs,glutes; quads,abs; adductors; hamstrings,hip; knee; ankle,unilateral,gym; free-weights; home,unilateral; gym; free-weights; home,true,Dumbbell Split Squat exercise. equipment: dumbbell. body position: standing|split-stance. movement pattern: squat. primary muscles: quads; glute max. secondary muscles: adductors; hamstrings; abs. target areas: glutes; quads; abs; adductors; hamstrings. laterality: unilateral. load type: external. training context: gym; free-weights; home. visual cues: unilateral,complete,assets/workout-images/dumbbell-split-squat.png,1080x1920; correct dumbbell split-squat bottom frame and target muscles.,,
dumbbell-step-up,Dumbbell Step-Up,db step up; db box step up; weighted step up; Dumbbell Step-Up,step-up,hypertrophy,unilateral-pair,dumbbell; box,standing,squat; locomotion,dynamic,unilateral,external,false,quads; glute max,hamstrings; glute med; calves,glutes; quads,hamstrings,hip; knee; ankle,single-leg; unilateral,gym; home; free-weights,single-leg; unilateral; gym; home; free-weights,true,Dumbbell Step-Up exercise. equipment: dumbbell; box. body position: standing. movement pattern: squat; locomotion. primary muscles: quads; glute max. secondary muscles: hamstrings; glute med; calves. target areas: glutes; quads; hamstrings. laterality: unilateral. load type: external. training context: gym; home; free-weights. visual cues: single-leg; unilateral,complete,assets/workout-images/dumbbell-step-up.png,"1080x1920; grayscale anatomy style with no colored skin; clear dumbbell step-up with box, white background, target overlays only.",,
dumbbell-thruster,Dumbbell Thruster,db thruster; Dumbbell Thruster,thruster,conditioning,dumbbell-pair,dumbbell,standing,squat; vertical-push,mixed,bilateral,external,false,quads; glute max; front delts,triceps; core; calves,front-delts; glutes; quads,core-stability; triceps,hip; knee; ankle; shoulder; elbow,full-body; conditioning; crossfit; overhead,gym; home; free-weights,full-body; conditioning; crossfit; overhead; gym; home; free-weights,true,Dumbbell Thruster exercise. equipment: dumbbell. body position: standing. movement pattern: squat; vertical-push. primary muscles: quads; glute max; front delts. secondary muscles: triceps; core; calves. target areas: front-delts; glutes; quads; core-stability; triceps. laterality: bilateral. load type: external. training context: gym; home; free-weights. visual cues: full-body; conditioning; crossfit; overhead,complete,assets/workout-images/dumbbell-thruster.png,"1080x1920; grayscale anatomy style with no colored skin; clear dumbbell thruster squat-drive frame, two dumbbells, white background, target overlays only.",,
dumbbell-walking-lunge,Dumbbell Walking Lunge,db walking lunge; Dumbbell Walking Lunge,lunge,conditioning,dumbbell-pair,dumbbell,standing,squat; locomotion,dynamic,alternating,external,false,quads; glute max; adductors,hamstrings; core; glute med,adductors; glutes; quads,core-stability; hamstrings,hip; knee; ankle,single-leg; unilateral,gym; home; free-weights,single-leg; unilateral; gym; home; free-weights,true,Dumbbell Walking Lunge exercise. equipment: dumbbell. body position: standing. movement pattern: squat; locomotion. primary muscles: quads; glute max; adductors. secondary muscles: hamstrings; core; glute med. target areas: adductors; glutes; quads; core-stability; hamstrings. laterality: alternating. load type: external. training context: gym; home; free-weights. visual cues: single-leg; unilateral,complete,assets/workout-images/dumbbell-walking-lunge.png,"1080x1920. One figure on white background, no text/panels/watermark. Correct walking lunge frame with intact dumbbells/body; anatomy-style highlights fit qua...",,
dumbbell-y-raise,Dumbbell Y-Raise,incline y raise; prone y raise,y-raise,rehab,dumbbell-pair,dumbbell; bench,lying-prone|incline,shoulder-abduction; scapular-control,dynamic,bilateral,external,false,lower traps; rear delts,rotator cuff; mid back,rear-delts; traps,upper-back,shoulder; scapula,lower-trap; rehab; scapular-control,gym; home; rehab-friendly,lower-trap; rehab; scapular-control; gym; home; rehab-friendly,true,Dumbbell Y-Raise exercise. equipment: dumbbell; bench. body position: lying-prone|incline. movement pattern: shoulder-abduction; scapular-control. primary muscles: lower traps; rear delts. secondary muscles: rotator cuff; mid back. target areas: rear-delts; traps; upper-back. laterality: bilateral. load type: external. training context: gym; home; rehab-friendly. visual cues: lower-trap; rehab; scapular-control,complete,assets/workout-images/dumbbell-y-raise.png,"Pass: prone Y-raise on bench, full body/equipment, rear-delt/trap emphasis acceptable.",,
eccentric-calf-raise,Eccentric Calf Raise,Eccentric Calf Raise,therapeutic-prehab,rehab,bodyweight-reps,none; floor,varied,plantar-flexion; eccentric,controlled,bilateral,bodyweight,true,calves,,,,ankle,rehab; prehab; therapeutic,rehab; prehab; recovery,rehab; prehab; therapeutic; bodyweight-reps,true,Eccentric Calf Raise exercise. equipment: none; floor. body position: varied. movement pattern: plantar-flexion; eccentric. primary muscles: calves. laterality: bilateral. load type: bodyweight. training context: rehab; prehab; recovery. visual cues: rehab; prehab; therapeutic,complete,assets/workout-images/eccentric-calf-raise.png,"QA pass: eccentric calf raise frame, calves highlighted, clean 1080x1920 anatomy image.",,
elbow-cars,Elbow CARs,elbow controlled articular rotations; Elbow CARs,mobility-drill,mobility,mobility,none; floor,varied,elbow-control,controlled,bilateral,bodyweight,true,biceps; triceps,,,biceps; triceps,elbow,mobility; stretch,mobility; stretch; warmup,mobility; stretch,true,Elbow CARs exercise. equipment: none; floor. body position: varied. movement pattern: elbow-control. primary muscles: biceps; triceps. target areas: biceps; triceps. laterality: bilateral. load type: bodyweight. training context: mobility; stretch; warmup. visual cues: mobility; stretch,complete,assets/workout-images/elbow-cars.png,"QA pass: clear elbow CAR, 1080x1920.",,
elbow-lever-hold,Elbow Lever Hold,Elbow Lever Hold,elbow-lever,skill,hold,floor; parallettes,prone-support,side-lever; straight-arm-push; straight-arm-pull,isometric,bilateral,bodyweight,true,pecs; front delts; abs,core; forearms; serratus,abs; chest; core-stability; front-delts,forearms-wrists,shoulder; scapula; elbow; spine,calisthenics; elbow-lever; balance; beginner-skill,calisthenics; bodyweight; skill-training,calisthenics; bodyweight; elbow-lever; balance; beginner-skill,true,Elbow Lever Hold exercise. equipment: floor; parallettes. body position: prone-support. movement pattern: side-lever; straight-arm-push; straight-arm-pull. primary muscles: pecs; front delts; abs. secondary muscles: core; forearms; serratus. target areas: abs; chest; core-stability; front-delts; forearms-wrists. laterality: bilateral. load type: bodyweight. training context: calisthenics; bodyweight; skill-training. visual cues: calisthenics; elbow-lever; balance; beginner-skill,complete,assets/workout-images/elbow-lever-hold.png,"QA pass after regen: correct elbow bracing, 1080x1920.",,
elliptical,Elliptical,cross trainer; Elliptical,elliptical,cardio,cardio-live,elliptical,standing,locomotion,cyclical,bilateral,none,false,quads; glute max; calves,hamstrings; shoulders,,glutes; quads,hip; knee; ankle; shoulder,low-impact,gym; cardio,low-impact; gym; cardio,true,Elliptical exercise. equipment: elliptical. body position: standing. movement pattern: locomotion. primary muscles: quads; glute max; calves. secondary muscles: hamstrings; shoulders. target areas: glutes; quads. laterality: bilateral. load type: none. training context: gym; cardio. visual cues: low-impact,complete,assets/workout-images/elliptical.png,"QA pass: complete elliptical stride, 1080x1920.",,
explosive-pull-up,Explosive Pull-Up,chest-high pull-up; Explosive Pull-Up,pull-up,calisthenics,bodyweight-reps,pull-up-bar,varied,vertical-pull,dynamic,bilateral,bodyweight,true,lats; biceps; forearms,mid back; core,biceps; forearms-wrists; lats,core-stability; upper-back,shoulder; elbow; scapula,calisthenics; explosive; muscle-up-prep; pull-up-progression,calisthenics; bodyweight; skill-training,calisthenics; bodyweight; explosive; muscle-up-prep; pull-up-progression,true,Explosive Pull-Up exercise. equipment: pull-up-bar. body position: varied. movement pattern: vertical-pull. primary muscles: lats; biceps; forearms. secondary muscles: mid back; core. target areas: biceps; forearms-wrists; lats; core-stability; upper-back. laterality: bilateral. load type: bodyweight. training context: calisthenics; bodyweight; skill-training. visual cues: calisthenics; explosive; muscle-up-prep; pull-up-progression,complete,assets/workout-images/explosive-pull-up.png,QA pass: overhand explosive pull-up grip; 1080x1920.,,
ez-bar-curl-inner-grip,EZ-Bar Curl (Inner Grip),ez bar close grip curl; inside grip ez bar curl; narrow grip ez bar curl,curl,hypertrophy,bilateral-load,ez-bar,standing,elbow-flexion,dynamic,bilateral,external,false,biceps; brachialis,forearms,biceps,forearms-wrists,elbow; wrist,arm-isolation,gym; free-weights,arm-isolation; gym; free-weights,true,EZ-Bar Curl (Inner Grip) exercise. equipment: ez-bar. body position: standing. movement pattern: elbow-flexion. primary muscles: biceps; brachialis. secondary muscles: forearms. target areas: biceps; forearms-wrists. laterality: bilateral. load type: external. training context: gym; free-weights. visual cues: arm-isolation,complete,assets/workout-images/ez-bar-curl-inner-grip.png,"1080x1920; grayscale anatomy style with no colored skin; inner-grip EZ-bar curl, full bar, white background, target overlays only.",,
ez-bar-curl-outer-grip,EZ-Bar Curl (Outer Grip),ez bar wide grip curl; outside grip ez bar curl; wide grip ez bar curl,curl,hypertrophy,bilateral-load,ez-bar,standing,elbow-flexion,dynamic,bilateral,external,false,biceps; brachialis,forearms,biceps,forearms-wrists,elbow; wrist,arm-isolation,gym; free-weights,arm-isolation; gym; free-weights,true,EZ-Bar Curl (Outer Grip) exercise. equipment: ez-bar. body position: standing. movement pattern: elbow-flexion. primary muscles: biceps; brachialis. secondary muscles: forearms. target areas: biceps; forearms-wrists. laterality: bilateral. load type: external. training context: gym; free-weights. visual cues: arm-isolation,complete,assets/workout-images/ez-bar-curl-outer-grip.png,"QA passed: wide outer-grip EZ-bar curl, hands/bar visible, arm targets clear.",,
face-pull,Face Pull,rope face pull; Face Pull,face-pull,rehab,cable-load,cable; rope; cable-machine; rope-handle,standing,horizontal-pull; external-rotation,dynamic,bilateral,cable-stack,false,rear delts; upper back; external rotators,lower traps; rhomboids,rear-delts,traps; upper-back,shoulder; scapula; elbow,scapular-control; shoulder-health; rehab; posture,gym; cable-area; rehab-friendly; cable-station; warmup-friendly,scapular-control; shoulder-health; rehab; posture; gym; cable-area; rehab-friendly; cable-station; warmup-friendly,true,Face Pull exercise. equipment: cable; rope; cable-machine; rope-handle. body position: standing. movement pattern: horizontal-pull; external-rotation. primary muscles: rear delts; upper back; external rotators. secondary muscles: lower traps; rhomboids. target areas: rear-delts; traps; upper-back. laterality: bilateral. load type: cable-stack. training context: gym; cable-area; rehab-friendly; cable-station; warmup-friendly. visual cues: scapular-control; shoulder-health; rehab; posture,complete,assets/workout-images/face-pull.png,"1080x1920, one figure, one movement, no text/panels/watermark, white background, and reference style match. Regeneration fixes the prior arms-extended issue with the rope pulled toward the face and elbows high, accurate cable/rope setup, no crop issues, and appropriate rear-delt/upper-back/trap highlighting.",,
falling-start,Falling Start,Falling Start,agility-drill,conditioning,plyometric,cones,varied,sprint; acceleration,explosive,bilateral,bodyweight,true,quads; glute max; calves,hamstrings; core,glutes; quads,core-stability; hamstrings,hip; knee; ankle,speed; agility; reactive; athletic,speed; agility; athletic-prep,speed; agility; reactive; athletic; conditioning; plyometric,true,Falling Start exercise. equipment: cones. body position: varied. movement pattern: sprint; acceleration. primary muscles: quads; glute max; calves. secondary muscles: hamstrings; core. target areas: glutes; quads; core-stability; hamstrings. laterality: bilateral. load type: bodyweight. training context: speed; agility; athletic-prep. visual cues: speed; agility; reactive; athletic,complete,assets/workout-images/falling-start.png,"QA pass: clear falling start, 1080x1920.",,
false-grip-hang,False-Grip Hang,False-Grip Hang,pull-up,calisthenics,hold,rings; gymnastic-rings,varied,vertical-pull,isometric,bilateral,bodyweight,true,lats; biceps; forearms,mid back; core,biceps; core-stability; forearms-wrists; lats,upper-back,shoulder; elbow; scapula,calisthenics; rings; false-grip; muscle-up-prep; grip,calisthenics; bodyweight; skill-training,calisthenics; bodyweight; rings; false-grip; muscle-up-prep; grip,true,False-Grip Hang exercise. equipment: rings; gymnastic-rings. body position: varied. movement pattern: vertical-pull. primary muscles: lats; biceps; forearms. secondary muscles: mid back; core. target areas: biceps; core-stability; forearms-wrists; lats; upper-back. laterality: bilateral. load type: bodyweight. training context: calisthenics; bodyweight; skill-training. visual cues: calisthenics; rings; false-grip; muscle-up-prep; grip,complete,assets/workout-images/false-grip-hang.png,QA pass: false grip hang with lats/biceps/forearms emphasis; 1080x1920.,,
false-grip-pull-up,False-Grip Pull-Up,False-Grip Pull-Up,pull-up,calisthenics,bodyweight-reps,rings; gymnastic-rings,varied,vertical-pull,dynamic,bilateral,bodyweight,true,lats; biceps; forearms,mid back; core,biceps; forearms-wrists; lats,core-stability; upper-back,shoulder; elbow; scapula,calisthenics; rings; false-grip; muscle-up-prep,calisthenics; bodyweight; skill-training,calisthenics; bodyweight; rings; false-grip; muscle-up-prep,true,False-Grip Pull-Up exercise. equipment: rings; gymnastic-rings. body position: varied. movement pattern: vertical-pull. primary muscles: lats; biceps; forearms. secondary muscles: mid back; core. target areas: biceps; forearms-wrists; lats; core-stability; upper-back. laterality: bilateral. load type: bodyweight. training context: calisthenics; bodyweight; skill-training. visual cues: calisthenics; rings; false-grip; muscle-up-prep,complete,assets/workout-images/false-grip-pull-up.png,QA pass: false grip pull-up contraction and targets clear; 1080x1920.,,
farmers-carry,Farmer Carry,farmers walk; farmer walk; Farmer Carry,farmer-carry,conditioning,carry,dumbbell; kettlebell; farmer-handles; trap-bar,standing,carry,cyclical,bilateral,external,false,grip; upper traps; core,forearms; glute max; calves,forearms-wrists,core-stability; forearms-wrists; glutes; traps,wrist; shoulder; spine; hip; ankle,grip; strongman,gym; home; conditioning,grip; strongman; gym; home; conditioning,false,Farmer Carry exercise. equipment: dumbbell; kettlebell; farmer-handles; trap-bar. body position: standing. movement pattern: carry. primary muscles: grip; upper traps; core. secondary muscles: forearms; glute max; calves. target areas: forearms-wrists; core-stability; forearms-wrists; glutes; traps. laterality: bilateral. load type: external. training context: gym; home; conditioning. visual cues: grip; strongman,complete,assets/workout-images/farmers-carry.png,"QA passed: two-implement farmer carry, full implements visible, grip/core targets clear.",,
farmer-hold,Farmer Hold,double hand hold; static farmer hold,grip-hold,strength,weighted-hold,dumbbell; kettlebell; trap-bar,standing,grip; core-stability,isometric,bilateral,external,false,forearms; grip; upper traps,obliques; lats,forearms-wrists,core-stability; forearms-wrists; lats; obliques; traps,shoulder; wrist; spine,grip; strongman,gym; home,grip; strongman; gym; home,true,Farmer Hold exercise. equipment: dumbbell; kettlebell; trap-bar. body position: standing. movement pattern: grip; core-stability. primary muscles: forearms; grip; upper traps. secondary muscles: obliques; lats. target areas: forearms-wrists; core-stability; forearms-wrists; lats; obliques; traps. laterality: bilateral. load type: external. training context: gym; home. visual cues: grip; strongman,complete,assets/workout-images/farmer-hold.png,"QA pass: static bilateral farmer hold, full implements, forearms-traps-core emphasized.",priority_20_80,32
feet-elevated-inverted-row,Feet-Elevated Inverted Row,Feet-Elevated Inverted Row,row,calisthenics,bodyweight-reps,rings; box; low-bar,varied,horizontal-pull,dynamic,bilateral,bodyweight,true,lats; mid back,biceps; rear delts; forearms,lats; upper-back,biceps; forearms-wrists; rear-delts,shoulder; elbow; scapula,calisthenics; row-progression; horizontal-pull,calisthenics; bodyweight; skill-training,calisthenics; bodyweight; row-progression; horizontal-pull,true,Feet-Elevated Inverted Row exercise. equipment: rings; box; low-bar. body position: varied. movement pattern: horizontal-pull. primary muscles: lats; mid back. secondary muscles: biceps; rear delts; forearms. target areas: lats; upper-back; biceps; forearms-wrists; rear-delts. laterality: bilateral. load type: bodyweight. training context: calisthenics; bodyweight; skill-training. visual cues: calisthenics; row-progression; horizontal-pull,complete,assets/workout-images/feet-elevated-inverted-row.png,"QA passed: feet-elevated row, rings/box visible, lats/upper-back highlighted.",,
feet-elevated-pike-push-up,Feet-Elevated Pike Push-Up,box pike push-up; Feet-Elevated Pike Push-Up,push-up,calisthenics,bodyweight-reps,box; floor,varied,horizontal-push,dynamic,bilateral,bodyweight,true,pecs; triceps; front delts,serratus; core,chest; front-delts; triceps,core-stability,shoulder; elbow; scapula; wrist,calisthenics; overhead-push; handstand-prep; progression,calisthenics; bodyweight; skill-training,calisthenics; bodyweight; overhead-push; handstand-prep; progression,true,Feet-Elevated Pike Push-Up exercise. equipment: box; floor. body position: varied. movement pattern: horizontal-push. primary muscles: pecs; triceps; front delts. secondary muscles: serratus; core. target areas: chest; front-delts; triceps; core-stability. laterality: bilateral. load type: bodyweight. training context: calisthenics; bodyweight; skill-training. visual cues: calisthenics; overhead-push; handstand-prep; progression,complete,assets/workout-images/feet-elevated-pike-push-up.png,"QA pass: feet-elevated pike frame, 1080x1920.",,
flag-kick-up,Flag Kick-Up,Flag Kick-Up,human-flag,skill,bodyweight-reps,vertical-pole; stall-bars,side-hanging,side-lever; straight-arm-push; straight-arm-pull,dynamic,bilateral,bodyweight,true,obliques; lats; side delts,core; forearms; serratus,lats; obliques; side-delts,core-stability; forearms-wrists,shoulder; scapula; elbow; spine,calisthenics; human-flag; entry-drill; progression,calisthenics; bodyweight; skill-training,calisthenics; bodyweight; human-flag; entry-drill; progression,true,Flag Kick-Up exercise. equipment: vertical-pole; stall-bars. body position: side-hanging. movement pattern: side-lever; straight-arm-push; straight-arm-pull. primary muscles: obliques; lats; side delts. secondary muscles: core; forearms; serratus. target areas: lats; obliques; side-delts; core-stability; forearms-wrists. laterality: bilateral. load type: bodyweight. training context: calisthenics; bodyweight; skill-training. visual cues: calisthenics; human-flag; entry-drill; progression,complete,assets/workout-images/flag-kick-up.png,"QA pass: clear pole kick-up, 1080x1920.",,
flexed-arm-hang,Flexed-Arm Hang,chin over bar hold,hang,calisthenics,hold,pull-up-bar; rings,hanging,vertical-pull,isometric,bilateral,bodyweight,true,lats; biceps; mid back,forearms; rear delts,biceps; core-stability; lats; upper-back,forearms-wrists; rear-delts,shoulder; elbow; scapula; wrist,pull-up-progression,gym; home; calisthenics-park,pull-up-progression; gym; home; calisthenics-park,true,Flexed-Arm Hang exercise. equipment: pull-up-bar; rings. body position: hanging. movement pattern: vertical-pull. primary muscles: lats; biceps; mid back. secondary muscles: forearms; rear delts. target areas: biceps; core-stability; lats; upper-back; forearms-wrists; rear-delts. laterality: bilateral. load type: bodyweight. training context: gym; home; calisthenics-park. visual cues: pull-up-progression,complete,assets/workout-images/flexed-arm-hang.png,"QA pass: chin-over-bar hold, one figure, target arms/lats highlighted.",priority_20_80,42
foam-pad-single-leg-balance,Foam Pad Single-Leg Balance,Foam Pad Single-Leg Balance,balance-drill,skill,hold,foam-pad,varied,balance; stability,isometric,unilateral,bodyweight,true,glute max; quads; calves,core; glute med,core-stability; glutes; quads,,hip; knee; ankle,balance; stability; proprioception,balance; stability; athletic-prep,balance; stability; proprioception; skill; hold,true,Foam Pad Single-Leg Balance exercise. equipment: foam-pad. body position: varied. movement pattern: balance; stability. primary muscles: glute max; quads; calves. secondary muscles: core; glute med. target areas: core-stability; glutes; quads. laterality: unilateral. load type: bodyweight. training context: balance; stability; athletic-prep. visual cues: balance; stability; proprioception,complete,assets/workout-images/foam-pad-single-leg-balance.png,"QA passed: single figure on foam pad, clean anatomy style, target muscles correct.",,
freestanding-handstand-kick-up,Freestanding Handstand Kick-Up,Freestanding Handstand Kick-Up,handstand,skill,bodyweight-reps,floor; wall; parallettes,inverted,inversion; overhead-push,dynamic,bilateral,bodyweight,true,front delts; triceps; upper back,core; forearms; serratus,front-delts; triceps,core-stability; forearms-wrists,shoulder; elbow; wrist; scapula,calisthenics; balance; handstand-progression,calisthenics; bodyweight; skill-training,calisthenics; bodyweight; balance; handstand-progression,true,Freestanding Handstand Kick-Up exercise. equipment: floor; wall; parallettes. body position: inverted. movement pattern: inversion; overhead-push. primary muscles: front delts; triceps; upper back. secondary muscles: core; forearms; serratus. target areas: front-delts; triceps; core-stability; forearms-wrists. laterality: bilateral. load type: bodyweight. training context: calisthenics; bodyweight; skill-training. visual cues: calisthenics; balance; handstand-progression,complete,assets/workout-images/freestanding-handstand-kick-up.png,"QA pass: clear free kick-up, 1080x1920.",,
french-press,French Press,seated french press; ez bar overhead extension,triceps-extension,hypertrophy,bilateral-load,ez-bar; dumbbell; bench,seated,elbow-extension,dynamic,bilateral,external,false,triceps,front delts,triceps,front-delts,elbow; shoulder,arm-isolation,gym; home,arm-isolation; gym; home,true,French Press exercise. equipment: ez-bar; dumbbell; bench. body position: seated. movement pattern: elbow-extension. primary muscles: triceps. secondary muscles: front delts. target areas: triceps; front-delts. laterality: bilateral. load type: external. training context: gym; home. visual cues: arm-isolation,complete,assets/workout-images/french-press.png,"1080x1920. One figure on white background, no text/panels/watermark. Seated overhead EZ-bar french press frame is coherent; grip/equipment intact and triceps...",,
frog-stand-hold,Frog Stand,crow stand; frog balance,planche,skill,hold,floor; parallettes,supported,core-stability; horizontal-push,isometric,bilateral,bodyweight,true,shoulders; triceps; abs,wrist flexors; serratus,abs; core-stability; triceps,forearms-wrists,shoulder; wrist; elbow; spine,beginner; balance; gymnastics,home; gym; calisthenics-park,beginner; balance; gymnastics; home; gym; calisthenics-park,true,Frog Stand exercise. equipment: floor; parallettes. body position: supported. movement pattern: core-stability; horizontal-push. primary muscles: shoulders; triceps; abs. secondary muscles: wrist flexors; serratus. target areas: abs; core-stability; triceps; forearms-wrists. laterality: bilateral. load type: bodyweight. training context: home; gym; calisthenics-park. visual cues: beginner; balance; gymnastics,complete,assets/workout-images/frog-stand-hold.png,"QA pass: frog stand on parallettes, one figure, shoulders/core highlighted.",,
frog-stretch,Frog Stretch,Frog Stretch,mobility-drill,mobility,mobility,none; floor,varied,hip-abduction,isometric,bilateral,bodyweight,true,adductors,,,adductors,hip,mobility; stretch,mobility; stretch; warmup,mobility; stretch,true,Frog Stretch exercise. equipment: none; floor. body position: varied. movement pattern: hip-abduction. primary muscles: adductors. target areas: adductors. laterality: bilateral. load type: bodyweight. training context: mobility; stretch; warmup. visual cues: mobility; stretch,complete,assets/workout-images/frog-stretch.png,"QA pass: correct frog stretch, 1080x1920.",,
frogger-jump,Frogger Jump,Frogger Jump,mobility-drill,mobility,plyometric,floor,varied,jump; locomotion,dynamic,bilateral,bodyweight,true,quads; glute max; shoulders,upper back; core,glutes; quads,core-stability,shoulder; wrist; scapula,calisthenics; locomotion; explosive,calisthenics; bodyweight; skill-training,calisthenics; bodyweight; locomotion; explosive,true,Frogger Jump exercise. equipment: floor. body position: varied. movement pattern: jump; locomotion. primary muscles: quads; glute max; shoulders. secondary muscles: upper back; core. target areas: glutes; quads; core-stability. laterality: bilateral. load type: bodyweight. training context: calisthenics; bodyweight; skill-training. visual cues: calisthenics; locomotion; explosive,complete,assets/workout-images/frogger-jump.png,"QA pass: clear airborne frogger, 1080x1920.",,
front-lever-hold,Front Lever Hold,full front lever; Front Lever Hold,front-lever,skill,hold,pull-up-bar; rings,hanging,core-stability; vertical-pull,isometric,bilateral,bodyweight,true,lats; teres major; abs,rear delts; biceps; grip,abs; core-stability; lats,biceps; forearms-wrists; rear-delts,shoulder; elbow; scapula; wrist; spine,elite; gymnastics; advanced; straight-arm-strength,gym; calisthenics-park; niche,elite; gymnastics; advanced; straight-arm-strength; gym; calisthenics-park; niche,true,Front Lever Hold exercise. equipment: pull-up-bar; rings. body position: hanging. movement pattern: core-stability; vertical-pull. primary muscles: lats; teres major; abs. secondary muscles: rear delts; biceps; grip. target areas: abs; core-stability; lats; biceps; forearms-wrists; rear-delts. laterality: bilateral. load type: bodyweight. training context: gym; calisthenics-park; niche. visual cues: elite; gymnastics; advanced; straight-arm-strength,complete,assets/workout-images/front-lever-hold.png,QA pass: straight-body front lever hold; 1080x1920.,,
front-lever-negative,Front Lever Negative,Front Lever Negative,front-lever,skill,bodyweight-reps,pull-up-bar; rings,hanging,straight-arm-pull; horizontal-pull,dynamic,bilateral,bodyweight,true,lats; upper back; core,rear delts; forearms; glutes,core-stability; lats,forearms-wrists; glutes; rear-delts,shoulder; scapula; elbow,calisthenics; front-lever; eccentric; progression,calisthenics; bodyweight; skill-training,calisthenics; bodyweight; front-lever; eccentric; progression,true,Front Lever Negative exercise. equipment: pull-up-bar; rings. body position: hanging. movement pattern: straight-arm-pull; horizontal-pull. primary muscles: lats; upper back; core. secondary muscles: rear delts; forearms; glutes. target areas: core-stability; lats; forearms-wrists; glutes; rear-delts. laterality: bilateral. load type: bodyweight. training context: calisthenics; bodyweight; skill-training. visual cues: calisthenics; front-lever; eccentric; progression,complete,assets/workout-images/front-lever-negative.png,QA pass: front lever negative frame; 1080x1920.,,
front-lever-pull,Front Lever Pull,Front Lever Pull,front-lever,skill,bodyweight-reps,pull-up-bar; rings,hanging,straight-arm-pull; horizontal-pull,dynamic,bilateral,bodyweight,true,lats; upper back; core,rear delts; forearms; glutes,core-stability; lats,forearms-wrists; glutes; rear-delts,shoulder; scapula; elbow,calisthenics; front-lever; dynamic; advanced,calisthenics; bodyweight; skill-training,calisthenics; bodyweight; front-lever; dynamic; advanced,true,Front Lever Pull exercise. equipment: pull-up-bar; rings. body position: hanging. movement pattern: straight-arm-pull; horizontal-pull. primary muscles: lats; upper back; core. secondary muscles: rear delts; forearms; glutes. target areas: core-stability; lats; forearms-wrists; glutes; rear-delts. laterality: bilateral. load type: bodyweight. training context: calisthenics; bodyweight; skill-training. visual cues: calisthenics; front-lever; dynamic; advanced,complete,assets/workout-images/front-lever-pull.png,QA pass: front lever pull frame; 1080x1920.,,
front-lever-raise,Front Lever Raise,Front Lever Raise,front-lever,skill,bodyweight-reps,pull-up-bar; rings,hanging,straight-arm-pull; horizontal-pull,dynamic,bilateral,bodyweight,true,lats; upper back; core,rear delts; forearms; glutes,core-stability; lats,forearms-wrists; glutes; rear-delts,shoulder; scapula; elbow,calisthenics; front-lever; dynamic; advanced,calisthenics; bodyweight; skill-training,calisthenics; bodyweight; front-lever; dynamic; advanced,true,Front Lever Raise exercise. equipment: pull-up-bar; rings. body position: hanging. movement pattern: straight-arm-pull; horizontal-pull. primary muscles: lats; upper back; core. secondary muscles: rear delts; forearms; glutes. target areas: core-stability; lats; forearms-wrists; glutes; rear-delts. laterality: bilateral. load type: bodyweight. training context: calisthenics; bodyweight; skill-training. visual cues: calisthenics; front-lever; dynamic; advanced,complete,assets/workout-images/front-lever-raise.png,"QA passed: 1080x1920; one figure, one movement, white background, no text/panels/watermark, reference anatomy style. Straight-arm front lever raise frame on pull-up bar with rigid near-horizo",,
front-lever-tuck-hold,Front Lever Tuck Hold,tucked front lever,front-lever,skill,hold,pull-up-bar; rings,hanging,core-stability; vertical-pull,isometric,bilateral,bodyweight,true,lats; teres major; abs,rear delts; biceps; grip,abs; core-stability; lats,biceps; forearms-wrists; rear-delts,shoulder; elbow; scapula; wrist; spine,advanced; gymnastics,gym; calisthenics-park; niche,advanced; gymnastics; gym; calisthenics-park; niche,true,Front Lever Tuck Hold exercise. equipment: pull-up-bar; rings. body position: hanging. movement pattern: core-stability; vertical-pull. primary muscles: lats; teres major; abs. secondary muscles: rear delts; biceps; grip. target areas: abs; core-stability; lats; biceps; forearms-wrists; rear-delts. laterality: bilateral. load type: bodyweight. training context: gym; calisthenics-park; niche. visual cues: advanced; gymnastics,complete,assets/workout-images/front-lever-tuck-hold.png,QA pass: tucked front lever hold; 1080x1920.,,
front-rack-carry,Front Rack Carry,rack carry; front rack walk; Front Rack Carry,front-rack-carry,conditioning,carry,kettlebell; dumbbell; sandbag; barbell,standing,carry; core-stability,cyclical,bilateral,external,false,upper back; core; front delts,glutes; forearms,forearms-wrists,core-stability; forearms-wrists; front-delts; glutes,spine; shoulder; elbow; wrist; hip; ankle,bracing; front-rack; core,gym; home; conditioning,bracing; front-rack; core; gym; home; conditioning,false,Front Rack Carry exercise. equipment: kettlebell; dumbbell; sandbag; barbell. body position: standing. movement pattern: carry; core-stability. primary muscles: upper back; core; front delts. secondary muscles: glutes; forearms. target areas: forearms-wrists; core-stability; forearms-wrists; front-delts; glutes. laterality: bilateral. load type: external. training context: gym; home; conditioning. visual cues: bracing; front-rack; core,complete,assets/workout-images/front-rack-carry.png,QA passed: 1080x1920; one uncropped figure in a single front-rack carry movement; exactly two kettlebells held at shoulders; red/orange forearms/wrists target; white anatomy-style background;,,
front-rack-hold,Front Rack Hold,barbell front rack hold,rack-hold,strength,weighted-hold,barbell; rack,standing|front-rack,core-stability,isometric,bilateral,external,false,upper back; abs; front delts,quads; wrist flexors,abs; core-stability; front-delts,forearms-wrists; quads,wrist; elbow; shoulder; spine,front-rack; stability,gym; free-weights,front-rack; stability; gym; free-weights,true,Front Rack Hold exercise. equipment: barbell; rack. body position: standing|front-rack. movement pattern: core-stability. primary muscles: upper back; abs; front delts. secondary muscles: quads; wrist flexors. target areas: abs; core-stability; front-delts; forearms-wrists; quads. laterality: bilateral. load type: external. training context: gym; free-weights. visual cues: front-rack; stability,complete,assets/workout-images/front-rack-hold.png,"QA pass: front rack hold, full bar visible, upper back/front delts emphasized.",,
full-planche-hold,Full Planche Hold,Full Planche Hold,planche,skill,hold,floor; parallettes,plank,straight-arm-push; horizontal-push,isometric,bilateral,bodyweight,true,front delts; pecs; triceps,core; serratus; forearms,chest; core-stability; front-delts; triceps,forearms-wrists,shoulder; elbow; wrist; scapula,calisthenics; planche; full-skill; advanced,calisthenics; bodyweight; skill-training,calisthenics; bodyweight; planche; full-skill; advanced,true,Full Planche Hold exercise. equipment: floor; parallettes. body position: plank. movement pattern: straight-arm-push; horizontal-push. primary muscles: front delts; pecs; triceps. secondary muscles: core; serratus; forearms. target areas: chest; core-stability; front-delts; triceps; forearms-wrists. laterality: bilateral. load type: bodyweight. training context: calisthenics; bodyweight; skill-training. visual cues: calisthenics; planche; full-skill; advanced,complete,assets/workout-images/full-planche-hold.png,"QA pass: full planche hold on parallettes, one figure, shoulders/core highlighted.",,
german-hang,German Hang,skin the cat hang; shoulder extension hang,german-hang,skill,hold,rings; pull-up-bar,hanging,shoulder-extension; mobility,isometric,bilateral,bodyweight,true,biceps tendons; front delts; pecs,lats; forearms,biceps; chest; core-stability; front-delts,forearms-wrists; lats,shoulder; elbow; wrist; scapula,gymnastics; mobility; tendon-prep,gym; calisthenics-park; niche,gymnastics; mobility; tendon-prep; gym; calisthenics-park; niche,true,German Hang exercise. equipment: rings; pull-up-bar. body position: hanging. movement pattern: shoulder-extension; mobility. primary muscles: biceps tendons; front delts; pecs. secondary muscles: lats; forearms. target areas: biceps; chest; core-stability; front-delts; forearms-wrists; lats. laterality: bilateral. load type: bodyweight. training context: gym; calisthenics-park; niche. visual cues: gymnastics; mobility; tendon-prep,complete,assets/workout-images/german-hang.png,QA pass: true German hang frame; full rings; 1080x1920.,,
ghd-hip-extension,GHD Hip Extension,roman chair back extension; 45 degree back extension,back-extension,strength,bodyweight-reps,GHD; roman-chair,supported,hinge; core-extension,dynamic,bilateral,bodyweight,true,glute max; hamstrings; spinal erectors,adductors; core,glutes; hamstrings; lower-back,adductors; core-stability,hip; spine,posterior-chain,gym,posterior-chain; gym,true,GHD Hip Extension exercise. equipment: GHD; roman-chair. body position: supported. movement pattern: hinge; core-extension. primary muscles: glute max; hamstrings; spinal erectors. secondary muscles: adductors; core. target areas: glutes; hamstrings; lower-back; adductors; core-stability. laterality: bilateral. load type: bodyweight. training context: gym. visual cues: posterior-chain,complete,assets/workout-images/ghd-hip-extension.png,"QA passed: GHD hip extension frame, full equipment, posterior-chain targets.",priority_20_80,63
ghd-sit-up,GHD Sit-Up,glute ham sit-up,sit-up,calisthenics,bodyweight-reps,ghd,supported,core-flexion,dynamic,bilateral,bodyweight,true,rectus abdominis; hip flexors,obliques,abs,,spine; hip,advanced; crossfit,gym; crossfit-box,advanced; crossfit; gym; crossfit-box,true,GHD Sit-Up exercise. equipment: ghd. body position: supported. movement pattern: core-flexion. primary muscles: rectus abdominis; hip flexors. secondary muscles: obliques. target areas: abs. laterality: bilateral. load type: bodyweight. training context: gym; crossfit-box. visual cues: advanced; crossfit,complete,assets/workout-images/ghd-sit-up.png,"QA pass: clear GHD sit-up frame, 1080x1920.",,
glute-bridge,Glute Bridge,bodyweight glute bridge,glute-bridge,rehab,bodyweight-reps,none,lying-supine,hinge,dynamic,bilateral,bodyweight,true,glute max,hamstrings; adductors; core,glutes; lower-back,adductors; core-stability; hamstrings,hip; spine,glute-activation; rehab,gym; home; rehab-friendly; warmup-friendly,glute-activation; rehab; gym; home; rehab-friendly; warmup-friendly,true,Glute Bridge exercise. equipment: none. body position: lying-supine. movement pattern: hinge. primary muscles: glute max. secondary muscles: hamstrings; adductors; core. target areas: glutes; lower-back; adductors; core-stability; hamstrings. laterality: bilateral. load type: bodyweight. training context: gym; home; rehab-friendly; warmup-friendly. visual cues: glute-activation; rehab,complete,assets/workout-images/glute-bridge.png,"QA pass: correct floor bridge, 1080x1920.",,
glute-bridge-hold,Glute Bridge Hold,bridge hold,glute-bridge,rehab,hold,floor,lying-supine,hip-extension; core-stability,isometric,bilateral,bodyweight,true,glute max,hamstrings; abs,core-stability; glutes,abs; hamstrings,hip; spine,rehab; glute-focus,home; gym; rehab-friendly,rehab; glute-focus; home; gym; rehab-friendly,true,Glute Bridge Hold exercise. equipment: floor. body position: lying-supine. movement pattern: hip-extension; core-stability. primary muscles: glute max. secondary muscles: hamstrings; abs. target areas: core-stability; glutes; abs; hamstrings. laterality: bilateral. load type: bodyweight. training context: home; gym; rehab-friendly. visual cues: rehab; glute-focus,complete,assets/workout-images/glute-bridge-hold.png,"QA pass: static raised bridge, 1080x1920.",,
glute-drive-machine,Glute Drive Machine,machine hip thrust; glute drive; glute machine hip thrust; booty builder; Glute Drive Machine,hip-thrust,hypertrophy,machine-load,glute-drive-machine,supported,hinge,dynamic,bilateral,machine-stack,false,glute max,hamstrings; adductors,glutes; lower-back,adductors; hamstrings,hip; spine,glute-focus,gym; machine-area,glute-focus; gym; machine-area,true,Glute Drive Machine exercise. equipment: glute-drive-machine. body position: supported. movement pattern: hinge. primary muscles: glute max. secondary muscles: hamstrings; adductors. target areas: glutes; lower-back; adductors; hamstrings. laterality: bilateral. load type: machine-stack. training context: gym; machine-area. visual cues: glute-focus,complete,assets/workout-images/glute-drive-machine.png,"QA pass: glute drive machine hip-extension frame, glutes highlighted.",,
glute-ham-raise,Glute-Ham Raise,GHR; Glute-Ham Raise,leg-curl,strength,bodyweight-reps,GHD; glute-ham-bench; ghd; glute-ham-developer,supported,knee-flexion; hinge,dynamic,bilateral,bodyweight,true,hamstrings; glute max,spinal erectors; calves,glutes; hamstrings; lower-back,,knee; hip,posterior-chain; advanced,gym; niche; machine-area,posterior-chain; advanced; gym; niche; machine-area,true,Glute-Ham Raise exercise. equipment: GHD; glute-ham-bench; ghd; glute-ham-developer. body position: supported. movement pattern: knee-flexion; hinge. primary muscles: hamstrings; glute max. secondary muscles: spinal erectors; calves. target areas: glutes; hamstrings; lower-back. laterality: bilateral. load type: bodyweight. training context: gym; niche; machine-area. visual cues: posterior-chain; advanced,complete,assets/workout-images/glute-ham-raise.png,"1080x1920. One figure, one movement, no text/panels/watermark, white background, and reference style match. GHD equipment and supported body position are accurate; hamstrings, glutes, calves, and posterior-chain highlighting are appropriate.",,
goblet-squat,Goblet Squat,dumbbell goblet squat; kb goblet squat; db goblet squat; goblet squat,squat,hypertrophy,bilateral-load,dumbbell; kettlebell,standing,squat,dynamic,bilateral,external,false,quads; glute max; adductors,upper back; core,adductors; glutes; quads,core-stability,hip; knee; ankle,front-loaded; beginner-friendly; goblet; joint-friendly,gym; home,front-loaded; beginner-friendly; goblet; joint-friendly; gym; home,true,Goblet Squat exercise. equipment: dumbbell; kettlebell. body position: standing. movement pattern: squat. primary muscles: quads; glute max; adductors. secondary muscles: upper back; core. target areas: adductors; glutes; quads; core-stability. laterality: bilateral. load type: external. training context: gym; home. visual cues: front-loaded; beginner-friendly; goblet; joint-friendly,complete,assets/workout-images/goblet-squat.png,"1080x1920, one figure, one movement, no text/panels/watermark, white background, and reference style match. Regeneration fixes the prior upright-posture issue with a clear deep goblet squat, accurate kettlebell/goblet hold, no crop issues, and appropriate quads/glutes/adductors/core highlighting.",,
gorilla-row,Gorilla Row,kettlebell gorilla row,row,conditioning,unilateral-pair,kettlebell,standing,horizontal-pull; hinge,dynamic,alternating,external,false,lats; mid back; rear delts,biceps; forearms; obliques,lats; lower-back; rear-delts; upper-back,biceps; forearms-wrists; obliques,shoulder; elbow; scapula; spine; hip,hinge-row,gym; home,hinge-row; gym; home,true,Gorilla Row exercise. equipment: kettlebell. body position: standing. movement pattern: horizontal-pull; hinge. primary muscles: lats; mid back; rear delts. secondary muscles: biceps; forearms; obliques. target areas: lats; lower-back; rear-delts; upper-back; biceps; forearms-wrists; obliques. laterality: alternating. load type: external. training context: gym; home. visual cues: hinge-row,complete,assets/workout-images/gorilla-row.png,QA passed: wide hinge kettlebell gorilla row with back and rear-delt emphasis.,priority_20_80,14
hack-squat-machine,Hack Squat Machine,hack squat; hack squat machine,squat,hypertrophy,machine-load,hack-squat-machine,supported,squat,dynamic,bilateral,machine-stack,false,quads; glute max,adductors; calves,glutes; quads,adductors,hip; knee; ankle,machine; machine-guided,gym; machine-area,machine; machine-guided; gym; machine-area,true,Hack Squat Machine exercise. equipment: hack-squat-machine. body position: supported. movement pattern: squat. primary muscles: quads; glute max. secondary muscles: adductors; calves. target areas: glutes; quads; adductors. laterality: bilateral. load type: machine-stack. training context: gym; machine-area. visual cues: machine; machine-guided,complete,assets/workout-images/hack-squat-machine.png,1080x1920; correct hack squat machine frame and anatomy style.,,
half-kneeling-pallof-press,Half-Kneeling Pallof Press,Half-Kneeling Pallof Press,pallof-press,skill,bodyweight-reps,cable; resistance-band,half-kneeling,anti-rotation,controlled,unilateral,bodyweight,true,obliques; abs,core; glute med,abs; core-stability; obliques,glutes,hip; knee; ankle,balance; stability; proprioception,balance; stability; athletic-prep,balance; stability; proprioception; skill; bodyweight-reps,true,Half-Kneeling Pallof Press exercise. equipment: cable; resistance-band. body position: half-kneeling. movement pattern: anti-rotation. primary muscles: obliques; abs. secondary muscles: core; glute med. target areas: abs; core-stability; obliques; glutes. laterality: unilateral. load type: bodyweight. training context: balance; stability; athletic-prep. visual cues: balance; stability; proprioception,complete,assets/workout-images/half-kneeling-pallof-press.png,1080x1920 confirmed. One figure on pure white background in reference anatomy style. Shows a correct half-kneeling ca...,,
hamstring-floss,Hamstring Floss,Hamstring Floss,mobility-drill,mobility,mobility,none; floor,varied,nerve-floss; hip-hinge,controlled,bilateral,bodyweight,true,hamstrings,,,hamstrings,hip; knee,mobility; stretch,mobility; stretch; warmup,mobility; stretch,true,Hamstring Floss exercise. equipment: none; floor. body position: varied. movement pattern: nerve-floss; hip-hinge. primary muscles: hamstrings. target areas: hamstrings. laterality: bilateral. load type: bodyweight. training context: mobility; stretch; warmup. visual cues: mobility; stretch,complete,assets/workout-images/hamstring-floss.png,"QA pass: clear hamstring floss, 1080x1920.",,
hamstring-isometric-bridge,Hamstring Isometric Bridge,Hamstring Isometric Bridge,therapeutic-prehab,rehab,hold,none; floor,varied,hip-extension; knee-flexion-isometric,isometric,bilateral,bodyweight,true,hamstrings; glute max,,core-stability; glutes; hamstrings,,knee; hip,rehab; prehab; therapeutic,rehab; prehab; recovery,rehab; prehab; therapeutic; hold,true,Hamstring Isometric Bridge exercise. equipment: none; floor. body position: varied. movement pattern: hip-extension; knee-flexion-isometric. primary muscles: hamstrings; glute max. target areas: core-stability; glutes; hamstrings. laterality: bilateral. load type: bodyweight. training context: rehab; prehab; recovery. visual cues: rehab; prehab; therapeutic,complete,assets/workout-images/hamstring-isometric-bridge.png,"QA pass: long-lever bridge, 1080x1920.",,
hand-over-hand-sled-pull,Hand-Over-Hand Sled Pull,rope sled pull,sled-pull,conditioning,sled,sled; rope,seated|standing,horizontal-pull,dynamic,bilateral,external,false,lats; mid back; forearms,biceps; abs; cardiorespiratory system,forearms-wrists; lats; upper-back,abs; biceps,shoulder; elbow; wrist; spine,grip; conditioning,gym; field; conditioning,grip; conditioning; gym; field,false,Hand-Over-Hand Sled Pull exercise. equipment: sled; rope. body position: seated|standing. movement pattern: horizontal-pull. primary muscles: lats; mid back; forearms. secondary muscles: biceps; abs; cardiorespiratory system. target areas: forearms-wrists; lats; upper-back; abs; biceps. laterality: bilateral. load type: external. training context: gym; field; conditioning. visual cues: grip; conditioning,complete,assets/workout-images/hand-over-hand-sled-pull.png,"QA pass after regen: staggered rope pull, 1080x1920.",,
handstand-hold,Handstand Hold,freestanding handstand,handstand,skill,hold,floor; parallettes,inverted,core-stability; vertical-push,isometric,bilateral,bodyweight,true,shoulders; upper traps; triceps,serratus; core; wrist flexors,core-stability; traps; triceps,forearms-wrists,shoulder; elbow; wrist; scapula; spine,advanced; gymnastics; balance; overhead,gym; home; calisthenics-park; niche,advanced; gymnastics; balance; overhead; gym; home; calisthenics-park; niche,true,Handstand Hold exercise. equipment: floor; parallettes. body position: inverted. movement pattern: core-stability; vertical-push. primary muscles: shoulders; upper traps; triceps. secondary muscles: serratus; core; wrist flexors. target areas: core-stability; traps; triceps; forearms-wrists. laterality: bilateral. load type: bodyweight. training context: gym; home; calisthenics-park; niche. visual cues: advanced; gymnastics; balance; overhead,complete,assets/workout-images/handstand-hold.png,"QA pass: parallette handstand hold, targets visible, 1080x1920.",,
handstand-push-up,Handstand Push-Up,HSPU; wall handstand push up; wall hspu; strict wall handstand push-up,handstand-push-up,skill,bodyweight-reps,wall; parallettes; floor,inverted,vertical-push,dynamic,bilateral,bodyweight,true,front delts; triceps; upper traps,upper chest; core,front-delts; traps; triceps,chest; core-stability,shoulder; elbow; wrist; scapula,advanced; gymnastics; overhead,home; calisthenics-park; niche; gym,advanced; gymnastics; overhead; home; calisthenics-park; niche; gym,true,Handstand Push-Up exercise. equipment: wall; parallettes; floor. body position: inverted. movement pattern: vertical-push. primary muscles: front delts; triceps; upper traps. secondary muscles: upper chest; core. target areas: front-delts; traps; triceps; chest; core-stability. laterality: bilateral. load type: bodyweight. training context: home; calisthenics-park; niche; gym. visual cues: advanced; gymnastics; overhead,complete,assets/workout-images/handstand-push-up.png,"QA pass after 4 regens: clear inverted parallette HSPU, 1080x1920.",,
handstand-shoulder-tap,Handstand Shoulder Tap,Handstand Shoulder Tap,handstand,skill,bodyweight-reps,floor; wall; parallettes,inverted,inversion; overhead-push,dynamic,bilateral,bodyweight,true,front delts; triceps; upper back,core; forearms; serratus,front-delts; triceps,core-stability; forearms-wrists,shoulder; elbow; wrist; scapula,calisthenics; balance; weight-shift; handstand-progression,calisthenics; bodyweight; skill-training,calisthenics; bodyweight; balance; weight-shift; handstand-progression,true,Handstand Shoulder Tap exercise. equipment: floor; wall; parallettes. body position: inverted. movement pattern: inversion; overhead-push. primary muscles: front delts; triceps; upper back. secondary muscles: core; forearms; serratus. target areas: front-delts; triceps; core-stability; forearms-wrists. laterality: bilateral. load type: bodyweight. training context: calisthenics; bodyweight; skill-training. visual cues: calisthenics; balance; weight-shift; handstand-progression,complete,assets/workout-images/handstand-shoulder-tap.png,"QA pass: clear handstand shoulder tap, targets visible, 1080x1920.",,
handstand-walk,Handstand Walk,walking handstand,handstand-walk,skill,bodyweight-reps,floor,inverted,locomotion; core-stability,dynamic,bilateral,bodyweight,true,shoulders; serratus; abs,triceps; forearms,abs,forearms-wrists; triceps,shoulder; wrist; scapula; spine,gymnastics; advanced; overhead,gym; crossfit-box; calisthenics-park,gymnastics; advanced; overhead; gym; crossfit-box; calisthenics-park,false,Handstand Walk exercise. equipment: floor. body position: inverted. movement pattern: locomotion; core-stability. primary muscles: shoulders; serratus; abs. secondary muscles: triceps; forearms. target areas: abs; forearms-wrists; triceps. laterality: bilateral. load type: bodyweight. training context: gym; crossfit-box; calisthenics-park. visual cues: gymnastics; advanced; overhead,complete,assets/workout-images/handstand-walk.png,"QA pass: clear hand-to-hand walk frame, targets visible, 1080x1920.",,
handstand-wall-run,Handstand Wall Run,wall handstand shoulder taps; Handstand Wall Run,handstand,skill,bodyweight-reps,floor; wall; parallettes,inverted,inversion; overhead-push,dynamic,bilateral,bodyweight,true,front delts; triceps; upper back,core; forearms; serratus,front-delts; triceps,core-stability; forearms-wrists,shoulder; elbow; wrist; scapula,calisthenics; conditioning; weight-shift; handstand-progression,calisthenics; bodyweight; skill-training,calisthenics; bodyweight; conditioning; weight-shift; handstand-progression,true,Handstand Wall Run exercise. equipment: floor; wall; parallettes. body position: inverted. movement pattern: inversion; overhead-push. primary muscles: front delts; triceps; upper back. secondary muscles: core; forearms; serratus. target areas: front-delts; triceps; core-stability; forearms-wrists. laterality: bilateral. load type: bodyweight. training context: calisthenics; bodyweight; skill-training. visual cues: calisthenics; conditioning; weight-shift; handstand-progression,complete,assets/workout-images/handstand-wall-run.png,"QA pass: wall-running handstand frame, targets visible, 1080x1920.",,
hanging-knee-raise,Hanging Knee Raise,captains chair knee raise; knee raise; Hanging Knee Raise,leg-raise,calisthenics,bodyweight-reps,pull-up-bar; captains-chair,hanging,core-flexion,dynamic,bilateral,bodyweight,true,hip flexors; rectus abdominis,obliques; lats; grip,abs,forearms-wrists; lats; obliques,hip; spine; shoulder,core; hanging,gym; home; calisthenics-park,core; hanging; gym; home; calisthenics-park,true,Hanging Knee Raise exercise. equipment: pull-up-bar; captains-chair. body position: hanging. movement pattern: core-flexion. primary muscles: hip flexors; rectus abdominis. secondary muscles: obliques; lats; grip. target areas: abs; forearms-wrists; lats; obliques. laterality: bilateral. load type: bodyweight. training context: gym; home; calisthenics-park. visual cues: core; hanging,complete,assets/workout-images/hanging-knee-raise.png,"QA pass: hanging knee-raise contraction, one figure, abs/hip flexors highlighted.",priority_20_80,43
hanging-l-raise,Hanging L-Raise,Hanging L-Raise,l-sit,skill,bodyweight-reps,pull-up-bar; rings,hanging,compression; support-hold,dynamic,bilateral,bodyweight,true,abs; hip flexors; triceps,quads; forearms; front delts,abs; core-stability; triceps,forearms-wrists; front-delts; quads,hip; shoulder; elbow; spine,calisthenics; compression; hanging-core; l-sit,calisthenics; bodyweight; skill-training,calisthenics; bodyweight; compression; hanging-core; l-sit,true,Hanging L-Raise exercise. equipment: pull-up-bar; rings. body position: hanging. movement pattern: compression; support-hold. primary muscles: abs; hip flexors; triceps. secondary muscles: quads; forearms; front delts. target areas: abs; core-stability; triceps; forearms-wrists; front-delts; quads. laterality: bilateral. load type: bodyweight. training context: calisthenics; bodyweight; skill-training. visual cues: calisthenics; compression; hanging-core; l-sit,complete,assets/workout-images/hanging-l-raise.png,"QA pass after regeneration: suspended L-raise, overhead grip, abs/hip flexors highlighted.",,
hanging-leg-raise,Hanging Leg Raise,straight leg raise hanging; Hanging Leg Raise,leg-raise,skill,bodyweight-reps,pull-up-bar,hanging,core-flexion,dynamic,bilateral,bodyweight,true,hip flexors; rectus abdominis,obliques; lats; grip,abs,forearms-wrists; lats; obliques,hip; spine; shoulder,advanced; core; hanging,gym; home; calisthenics-park,advanced; core; hanging; gym; home; calisthenics-park,true,Hanging Leg Raise exercise. equipment: pull-up-bar. body position: hanging. movement pattern: core-flexion. primary muscles: hip flexors; rectus abdominis. secondary muscles: obliques; lats; grip. target areas: abs; forearms-wrists; lats; obliques. laterality: bilateral. load type: bodyweight. training context: gym; home; calisthenics-park. visual cues: advanced; core; hanging,complete,assets/workout-images/hanging-leg-raise.png,"1080x1920, one figure, one movement, no text/panels/watermark, white background, and reference style match. Regeneration fixes the prior straight-down-leg issue with a clear hanging leg raise, accurate pull-up bar setup, no crop issues, and acceptable abs/hip flexor plus supporting grip/lats highlighting.",,
harop-curl,Harop Curl,Harop Curl,nordic-curl,calisthenics,bodyweight-reps,floor; anchor; pad,standing,knee-flexion,dynamic,bilateral,bodyweight,true,hamstrings,hamstrings; adductors; core,hamstrings,adductors; core-stability,hip; knee; ankle,calisthenics; nordic; advanced; hamstrings,calisthenics; bodyweight; skill-training,calisthenics; bodyweight; nordic; advanced; hamstrings,true,Harop Curl exercise. equipment: floor; anchor; pad. body position: standing. movement pattern: knee-flexion. primary muscles: hamstrings. secondary muscles: hamstrings; adductors; core. target areas: hamstrings; adductors; core-stability. laterality: bilateral. load type: bodyweight. training context: calisthenics; bodyweight; skill-training. visual cues: calisthenics; nordic; advanced; hamstrings,complete,assets/workout-images/harop-curl.png,"QA passed: anchored curl setup, hamstrings highlighted.",,
heel-slide,Heel Slide,Heel Slide,therapeutic-prehab,rehab,bodyweight-reps,none; floor,varied,knee-flexion,controlled,bilateral,bodyweight,true,hamstrings; quads,,hamstrings; quads,,knee; hip,rehab; prehab; therapeutic,rehab; prehab; recovery,rehab; prehab; therapeutic; bodyweight-reps,true,Heel Slide exercise. equipment: none; floor. body position: varied. movement pattern: knee-flexion. primary muscles: hamstrings; quads. target areas: hamstrings; quads. laterality: bilateral. load type: bodyweight. training context: rehab; prehab; recovery. visual cues: rehab; prehab; therapeutic,complete,assets/workout-images/heel-slide.png,"QA pass: supine heel-slide frame, targets visible, 1080x1920.",,
high-knees,High Knees,High Knees,agility-drill,conditioning,plyometric,none,varied,running-drill; coordination,explosive,bilateral,bodyweight,true,quads; glute max; calves,hamstrings; core,glutes; quads,core-stability; hamstrings,hip; knee; ankle,speed; agility; reactive; athletic,speed; agility; athletic-prep,speed; agility; reactive; athletic; conditioning; plyometric,true,High Knees exercise. equipment: none. body position: varied. movement pattern: running-drill; coordination. primary muscles: quads; glute max; calves. secondary muscles: hamstrings; core. target areas: glutes; quads; core-stability; hamstrings. laterality: bilateral. load type: bodyweight. training context: speed; agility; athletic-prep. visual cues: speed; agility; reactive; athletic,complete,assets/workout-images/high-knees.png,"QA pass: hip-height high-knees frame, targets visible, 1080x1920.",,
high-pull-up,High Pull-Up,explosive pull-up; sternum pull-up,pull-up,skill,bodyweight-reps,pull-up-bar,hanging,vertical-pull,explosive,bilateral,bodyweight,true,lats; biceps; mid back,rear delts; forearms; core,biceps; lats; upper-back,core-stability; forearms-wrists; rear-delts,shoulder; elbow; scapula; wrist,explosive; muscle-up-progression,gym; home; calisthenics-park,explosive; muscle-up-progression; gym; home; calisthenics-park,true,High Pull-Up exercise. equipment: pull-up-bar. body position: hanging. movement pattern: vertical-pull. primary muscles: lats; biceps; mid back. secondary muscles: rear delts; forearms; core. target areas: biceps; lats; upper-back; core-stability; forearms-wrists; rear-delts. laterality: bilateral. load type: bodyweight. training context: gym; home; calisthenics-park. visual cues: explosive; muscle-up-progression,complete,assets/workout-images/high-pull-up.png,"QA pass: high chest-to-bar pull-up frame, one figure, lats/arms highlighted.",priority_20_80,44
hiking,Hike,trail hike,hiking,cardio,cardio-live,outdoor; trail,standing,locomotion,cyclical,bilateral,bodyweight,true,glute max; calves; quads,hamstrings; cardiorespiratory system; core,,glutes; quads,hip; knee; ankle,endurance; terrain,outdoor; cardio,endurance; terrain; outdoor; cardio,true,Hike exercise. equipment: outdoor; trail. body position: standing. movement pattern: locomotion. primary muscles: glute max; calves; quads. secondary muscles: hamstrings; cardiorespiratory system; core. target areas: glutes; quads. laterality: bilateral. load type: bodyweight. training context: outdoor; cardio. visual cues: endurance; terrain,complete,assets/workout-images/hiking.png,"QA pass: uphill hiking stride with backpack, targets visible, 1080x1920.",,
hip-abduction-machine,Hip Abduction Machine,abductor machine; hip abduction machine; outer thigh machine,hip-abduction,hypertrophy,machine-load,abductor-machine,machine-seated,hip-abduction,dynamic,bilateral,machine-stack,false,glute med; glute min,TFL,glutes,,hip,glute-focus; glute-med-focus,gym; machine-area,glute-focus; glute-med-focus; gym; machine-area,true,Hip Abduction Machine exercise. equipment: abductor-machine. body position: machine-seated. movement pattern: hip-abduction. primary muscles: glute med; glute min. secondary muscles: TFL. target areas: glutes. laterality: bilateral. load type: machine-stack. training context: gym; machine-area. visual cues: glute-focus; glute-med-focus,complete,assets/workout-images/hip-abduction-machine.png,"QA pass after regen: seated abductor machine, side glutes highlighted, white background.",,
hip-adduction-machine,Hip Adduction Machine,adductor machine; hip adduction machine; inner thigh machine,hip-adduction,hypertrophy,machine-load,adductor-machine,machine-seated,hip-adduction,dynamic,bilateral,machine-stack,false,adductors,glute max,adductors,glutes,hip,groin; adductor-isolation,gym; machine-area,groin; adductor-isolation; gym; machine-area,true,Hip Adduction Machine exercise. equipment: adductor-machine. body position: machine-seated. movement pattern: hip-adduction. primary muscles: adductors. secondary muscles: glute max. target areas: adductors; glutes. laterality: bilateral. load type: machine-stack. training context: gym; machine-area. visual cues: groin; adductor-isolation,complete,assets/workout-images/hip-adduction-machine.png,"QA pass: seated adductor machine, inward pad action, adductors highlighted.",,
hip-airplane,Hip Airplane,single leg hip airplane,hip-airplane,mobility,bodyweight-reps,none,standing,hip-rotation; core-stability,dynamic,unilateral,bodyweight,true,glute med; glute max,adductors; obliques,glutes,adductors; obliques,hip; ankle; spine,mobility; balance; rehab,gym; home; rehab-friendly; warmup-friendly,mobility; balance; rehab; gym; home; rehab-friendly; warmup-friendly,true,Hip Airplane exercise. equipment: none. body position: standing. movement pattern: hip-rotation; core-stability. primary muscles: glute med; glute max. secondary muscles: adductors; obliques. target areas: glutes; adductors; obliques. laterality: unilateral. load type: bodyweight. training context: gym; home; rehab-friendly; warmup-friendly. visual cues: mobility; balance; rehab,complete,assets/workout-images/hip-airplane.png,"QA pass: unilateral hip airplane, glutes/adductors/obliques highlighted.",,
hip-cars,Hip CARs,hip controlled articular rotations; Hip CARs,mobility-drill,mobility,mobility,none; floor,varied,hip-circles,controlled,bilateral,bodyweight,true,glute max; hip flexors,,,glutes,hip,mobility; stretch,mobility; stretch; warmup,mobility; stretch,true,Hip CARs exercise. equipment: none; floor. body position: varied. movement pattern: hip-circles. primary muscles: glute max; hip flexors. target areas: glutes. laterality: bilateral. load type: bodyweight. training context: mobility; stretch; warmup. visual cues: mobility; stretch,complete,assets/workout-images/hip-cars.png,"QA pass: quadruped hip CAR frame, glutes visible, 1080x1920.",,
hip-flexor-stretch,Hip Flexor Stretch,Hip Flexor Stretch,mobility-drill,mobility,mobility,none; floor,varied,hip-extension,isometric,bilateral,bodyweight,true,hip flexors; quads,,,quads,hip,mobility; stretch,mobility; stretch; warmup,mobility; stretch,true,Hip Flexor Stretch exercise. equipment: none; floor. body position: varied. movement pattern: hip-extension. primary muscles: hip flexors; quads. target areas: quads. laterality: bilateral. load type: bodyweight. training context: mobility; stretch; warmup. visual cues: mobility; stretch,complete,assets/workout-images/hip-flexor-stretch.png,"QA pass: half-kneeling hip-flexor stretch, targets visible, 1080x1920.",,
hollow-body-hold,Hollow Body Hold,hollow hold; banana hold; boat hold; Hollow Body Hold,hollow-hold,skill,hold,none; floor,lying-supine,core-stability,isometric,bilateral,bodyweight,true,rectus abdominis; transverse abdominis; hip flexors,serratus,abs; core-stability,,spine; hip; shoulder,gymnastics; core,gym; home; calisthenics-park,gymnastics; core; gym; home; calisthenics-park,true,Hollow Body Hold exercise. equipment: none; floor. body position: lying-supine. movement pattern: core-stability. primary muscles: rectus abdominis; transverse abdominis; hip flexors. secondary muscles: serratus. target areas: abs; core-stability. laterality: bilateral. load type: bodyweight. training context: gym; home; calisthenics-park. visual cues: gymnastics; core,complete,assets/workout-images/hollow-body-hold.png,QA passed: full hollow hold and core highlights.,,
hollow-rock,Hollow Rock,Hollow Rock,core-compression,calisthenics,bodyweight-reps,none; floor,floor,compression; trunk-flexion,dynamic,bilateral,bodyweight,true,abs; hip flexors,quads; obliques,abs; core-stability,obliques; quads,hip; spine,calisthenics; hollow-body; body-line; core,calisthenics; bodyweight; skill-training,calisthenics; bodyweight; hollow-body; body-line; core,true,Hollow Rock exercise. equipment: none; floor. body position: floor. movement pattern: compression; trunk-flexion. primary muscles: abs; hip flexors. secondary muscles: quads; obliques. target areas: abs; core-stability; obliques; quads. laterality: bilateral. load type: bodyweight. training context: calisthenics; bodyweight; skill-training. visual cues: calisthenics; hollow-body; body-line; core,complete,assets/workout-images/hollow-rock.png,"QA pass: hollow body rock frame, abs/core highlighted.",,
human-flag-hold,Human Flag Hold,flag hold,human-flag,skill,hold,pole; stall-bars,side-supported,anti-lateral-flexion; vertical-push; vertical-pull,isometric,bilateral,bodyweight,true,obliques; lats; shoulders,triceps; grip; glute med,core-stability; lats; obliques,forearms-wrists; glutes; triceps,shoulder; elbow; wrist; spine,elite; gymnastics; street-workout,calisthenics-park; niche,elite; gymnastics; street-workout; calisthenics-park; niche,true,Human Flag Hold exercise. equipment: pole; stall-bars. body position: side-supported. movement pattern: anti-lateral-flexion; vertical-push; vertical-pull. primary muscles: obliques; lats; shoulders. secondary muscles: triceps; grip; glute med. target areas: core-stability; lats; obliques; forearms-wrists; glutes; triceps. laterality: bilateral. load type: bodyweight. training context: calisthenics-park; niche. visual cues: elite; gymnastics; street-workout,complete,assets/workout-images/human-flag-hold.png,QA passed: correct pole grip and flag frame.,,
human-flag-negative,Human Flag Negative,Human Flag Negative,human-flag,skill,bodyweight-reps,vertical-pole; stall-bars,side-hanging,side-lever; straight-arm-push; straight-arm-pull,dynamic,bilateral,bodyweight,true,obliques; lats; side delts,core; forearms; serratus,lats; obliques; side-delts,core-stability; forearms-wrists,shoulder; scapula; elbow; spine,calisthenics; human-flag; eccentric; advanced,calisthenics; bodyweight; skill-training,calisthenics; bodyweight; human-flag; eccentric; advanced,true,Human Flag Negative exercise. equipment: vertical-pole; stall-bars. body position: side-hanging. movement pattern: side-lever; straight-arm-push; straight-arm-pull. primary muscles: obliques; lats; side delts. secondary muscles: core; forearms; serratus. target areas: lats; obliques; side-delts; core-stability; forearms-wrists. laterality: bilateral. load type: bodyweight. training context: calisthenics; bodyweight; skill-training. visual cues: calisthenics; human-flag; eccentric; advanced,complete,assets/workout-images/human-flag-negative.png,QA passed: clear descending flag-negative frame.,,
incline-crunch,Incline Crunch,incline bench crunch; bench crunch,crunch,calisthenics,bodyweight-reps,incline-bench; bench,lying-supine,core-flexion,dynamic,bilateral,bodyweight,true,rectus abdominis,obliques; hip flexors,abs,,spine; hip,upper-abs; core,home; gym,upper-abs; core; home; gym,true,Incline Crunch exercise. equipment: incline-bench; bench. body position: lying-supine. movement pattern: core-flexion. primary muscles: rectus abdominis. secondary muscles: obliques; hip flexors. target areas: abs. laterality: bilateral. load type: bodyweight. training context: home; gym. visual cues: upper-abs; core,complete,assets/workout-images/incline-crunch.png,"QA pass: incline bench crunch contraction, rectus abdominis highlighted.",,
incline-push-up,Incline Push-Up,elevated push-up; bench push-up,push-up,calisthenics,bodyweight-reps,bench; box,supported,horizontal-push,dynamic,bilateral,bodyweight,true,pecs; triceps; front delts,serratus; abs,chest; front-delts; triceps,abs,shoulder; elbow; wrist; spine,beginner; regression,home; gym; warmup-friendly,beginner; regression; home; gym; warmup-friendly,true,Incline Push-Up exercise. equipment: bench; box. body position: supported. movement pattern: horizontal-push. primary muscles: pecs; triceps; front delts. secondary muscles: serratus; abs. target areas: chest; front-delts; triceps; abs. laterality: bilateral. load type: bodyweight. training context: home; gym; warmup-friendly. visual cues: beginner; regression,complete,assets/workout-images/incline-push-up.png,"QA passed: incline push-up on bench with pecs, triceps, and front delts emphasized.",priority_20_80,17
inverted-row,Inverted Row,body row; australian pull up; bar row; Inverted Row,row,calisthenics,bodyweight-reps,barbell; rings; trx; rack,supported,horizontal-pull,dynamic,bilateral,bodyweight,true,mid back; lats; rear delts,biceps; forearms; core,lats; rear-delts; upper-back,biceps; core-stability; forearms-wrists,shoulder; elbow; scapula,beginner-friendly; bodyweight; compound,gym; home; calisthenics-park,beginner-friendly; bodyweight; compound; gym; home; calisthenics-park,true,Inverted Row exercise. equipment: barbell; rings; trx; rack. body position: supported. movement pattern: horizontal-pull. primary muscles: mid back; lats; rear delts. secondary muscles: biceps; forearms; core. target areas: lats; rear-delts; upper-back; biceps; core-stability; forearms-wrists. laterality: bilateral. load type: bodyweight. training context: gym; home; calisthenics-park. visual cues: beginner-friendly; bodyweight; compound,complete,assets/workout-images/inverted-row.png,Pass; correct inverted row on rack bar with accurate grip and full-body framing.,,
jefferson-curl,Jefferson Curl,loaded spinal flexion curl,jefferson-curl,mobility,bilateral-load,barbell; dumbbell; kettlebell; plate,standing,core-flexion; hinge,dynamic,bilateral,external,false,spinal erectors; hamstrings,glute max; abs,hamstrings; lower-back,abs; glutes,spine; hip; knee,mobility; advanced,gym; home; niche,mobility; advanced; gym; home; niche,true,Jefferson Curl exercise. equipment: barbell; dumbbell; kettlebell; plate. body position: standing. movement pattern: core-flexion; hinge. primary muscles: spinal erectors; hamstrings. secondary muscles: glute max; abs. target areas: hamstrings; lower-back; abs; glutes. laterality: bilateral. load type: external. training context: gym; home; niche. visual cues: mobility; advanced,complete,assets/workout-images/jefferson-curl.png,"Pass after direct regen; clear bilateral Jefferson curl hinge with plate, full body visible.",,
jm-press,JM Press,jm bench; jm press bench,jm-press,strength,bilateral-load,barbell; bench; rack,lying-supine,horizontal-push; elbow-extension,dynamic,bilateral,external,false,triceps; pecs,front delts,chest; triceps,front-delts,elbow; shoulder; wrist,triceps-focus; powerlifting-assistance,gym; bench-area,triceps-focus; powerlifting-assistance; gym; bench-area,true,JM Press exercise. equipment: barbell; bench; rack. body position: lying-supine. movement pattern: horizontal-push; elbow-extension. primary muscles: triceps; pecs. secondary muscles: front delts. target areas: chest; triceps; front-delts. laterality: bilateral. load type: external. training context: gym; bench-area. visual cues: triceps-focus; powerlifting-assistance,complete,assets/workout-images/jm-press.png,White background and reference anatomy render style are consistent with the batch.,,
jump-rope,Jump Rope,skipping rope; rope skip; Jump Rope,jump-rope,conditioning,cardio-manual,jump-rope,standing,locomotion; calf,cyclical,bilateral,bodyweight,true,calves; shoulders; forearms,quads; core,,forearms-wrists,ankle; wrist; shoulder,conditioning; coordination,gym; home; cardio,conditioning; coordination; gym; home; cardio,true,Jump Rope exercise. equipment: jump-rope. body position: standing. movement pattern: locomotion; calf. primary muscles: calves; shoulders; forearms. secondary muscles: quads; core. target areas: forearms-wrists. laterality: bilateral. load type: bodyweight. training context: gym; home; cardio. visual cues: conditioning; coordination,complete,assets/workout-images/jump-rope.png,QA passed: visible rope loop and airborne frame.,,
jump-squat,Jump Squat,bodyweight jump squat; Jump Squat,jump-squat,conditioning,plyometric,none,standing,squat; jump,explosive,bilateral,bodyweight,true,quads; glute max; calves,hamstrings; core,glutes; quads,core-stability; hamstrings,hip; knee; ankle,explosive,gym; home,explosive; gym; home,true,Jump Squat exercise. equipment: none. body position: standing. movement pattern: squat; jump. primary muscles: quads; glute max; calves. secondary muscles: hamstrings; core. target areas: glutes; quads; core-stability; hamstrings. laterality: bilateral. load type: bodyweight. training context: gym; home. visual cues: explosive,complete,assets/workout-images/jump-squat.png,QA pass: anatomy style; airborne squat-jump frame; target muscles visible; no text/cropping.,priority_20_80,100
kettlebell-clean,Kettlebell Clean,KB clean; single arm kb clean; Kettlebell Clean,clean,strength,unilateral-pair,kettlebell,standing,hinge; vertical-pull,explosive,unilateral,external,false,glute max; hamstrings; upper back,forearms; front delts; core,glutes; hamstrings,core-stability; forearms-wrists; front-delts,hip; knee; ankle; shoulder,explosive; rack-position; power; grip,gym; home,explosive; rack-position; power; grip; gym; home,true,Kettlebell Clean exercise. equipment: kettlebell. body position: standing. movement pattern: hinge; vertical-pull. primary muscles: glute max; hamstrings; upper back. secondary muscles: forearms; front delts; core. target areas: glutes; hamstrings; core-stability; forearms-wrists; front-delts. laterality: unilateral. load type: external. training context: gym; home. visual cues: explosive; rack-position; power; grip,complete,assets/workout-images/kettlebell-clean.png,QA passed: clear one-arm rack-catch frame.,,
kettlebell-clean-and-press,Kettlebell Clean and Press,KB clean and press; single arm kb clean and press; Kettlebell Clean and Press,clean-and-press,strength,unilateral-pair,kettlebell,standing,hinge; vertical-push,mixed,unilateral,external,false,front delts; triceps; glute max,hamstrings; upper back; core,front-delts; glutes; triceps,core-stability; hamstrings,hip; knee; ankle; shoulder; elbow,explosive; overhead; power; grip,gym; home,explosive; overhead; power; grip; gym; home,true,Kettlebell Clean and Press exercise. equipment: kettlebell. body position: standing. movement pattern: hinge; vertical-push. primary muscles: front delts; triceps; glute max. secondary muscles: hamstrings; upper back; core. target areas: front-delts; glutes; triceps; core-stability; hamstrings. laterality: unilateral. load type: external. training context: gym; home. visual cues: explosive; overhead; power; grip,complete,assets/workout-images/kettlebell-clean-and-press.png,"QA pass after regen: single-arm kettlebell press, full body, target muscles acceptable.",priority_20_80,77
kettlebell-deadlift,Kettlebell Deadlift,KB deadlift,deadlift,strength,bilateral-load,kettlebell,standing,hinge,dynamic,bilateral,external,false,glute max; hamstrings; quads,spinal erectors; forearms,glutes; hamstrings; lower-back; quads,forearms-wrists,hip; knee; spine,beginner-friendly; hinge,gym; home,beginner-friendly; hinge; gym; home,true,Kettlebell Deadlift exercise. equipment: kettlebell. body position: standing. movement pattern: hinge. primary muscles: glute max; hamstrings; quads. secondary muscles: spinal erectors; forearms. target areas: glutes; hamstrings; lower-back; quads; forearms-wrists. laterality: bilateral. load type: external. training context: gym; home. visual cues: beginner-friendly; hinge,complete,assets/workout-images/kettlebell-deadlift.png,QA pass: kettlebell hinge frame and grip read correctly.,,
kettlebell-front-rack-squat,Kettlebell Front Rack Squat,single kettlebell front squat,squat,strength,unilateral-pair,kettlebell,standing,squat; anti-lateral-flexion,dynamic,unilateral,external,false,quads; glute max; adductors,core; upper back,adductors; glutes; quads,core-stability,hip; knee; ankle; spine,front-loaded,gym; home,front-loaded; gym; home,true,Kettlebell Front Rack Squat exercise. equipment: kettlebell. body position: standing. movement pattern: squat; anti-lateral-flexion. primary muscles: quads; glute max; adductors. secondary muscles: core; upper back. target areas: adductors; glutes; quads; core-stability. laterality: unilateral. load type: external. training context: gym; home. visual cues: front-loaded,complete,assets/workout-images/kettlebell-front-rack-squat.png,QA pass: front-rack squat frame and highlights correct.,,
kettlebell-goblet-squat,Kettlebell Goblet Squat,kb goblet squat,squat,mixed,bilateral-load,kettlebell,standing,squat,dynamic,bilateral,external,false,quads; glute max; adductors,abs; upper back,adductors; glutes; quads,abs,hip; knee; ankle,goblet; joint-friendly,gym; home,goblet; joint-friendly; gym; home,true,Kettlebell Goblet Squat exercise. equipment: kettlebell. body position: standing. movement pattern: squat. primary muscles: quads; glute max; adductors. secondary muscles: abs; upper back. target areas: adductors; glutes; quads; abs. laterality: bilateral. load type: external. training context: gym; home. visual cues: goblet; joint-friendly,complete,assets/workout-images/kettlebell-goblet-squat.png,QA passed: single goblet squat frame with correct kettlebell grip and target muscles.,priority_20_80,12
kettlebell-halo,Kettlebell Halo,halo; kb halo,halo,mobility,bilateral-load,kettlebell,standing|kneeling,rotation; shoulder-mobility; core-stability,dynamic,bilateral,external,false,shoulders; serratus; obliques,triceps; upper back,obliques,triceps,shoulder; scapula; spine,mobility; overhead; core,gym; home; warmup-friendly,mobility; overhead; core; gym; home; warmup-friendly,true,Kettlebell Halo exercise. equipment: kettlebell. body position: standing|kneeling. movement pattern: rotation; shoulder-mobility; core-stability. primary muscles: shoulders; serratus; obliques. secondary muscles: triceps; upper back. target areas: obliques; triceps. laterality: bilateral. load type: external. training context: gym; home; warmup-friendly. visual cues: mobility; overhead; core,complete,assets/workout-images/kettlebell-halo.png,QA passed after retry: clear two-hand halo grip.,,
kettlebell-push-press,Kettlebell Push Press,KB push press,overhead-press,strength,unilateral-pair,kettlebell,standing,vertical-push,mixed,unilateral,external,false,front delts; triceps; quads,glute max; core,front-delts; quads; triceps,core-stability; glutes,hip; knee; ankle; shoulder; elbow,explosive; overhead,gym; home,explosive; overhead; gym; home,true,Kettlebell Push Press exercise. equipment: kettlebell. body position: standing. movement pattern: vertical-push. primary muscles: front delts; triceps; quads. secondary muscles: glute max; core. target areas: front-delts; quads; triceps; core-stability; glutes. laterality: unilateral. load type: external. training context: gym; home. visual cues: explosive; overhead,complete,assets/workout-images/kettlebell-push-press.png,QA pass: overhead push-press frame reads clearly.,,
kettlebell-reverse-lunge,Kettlebell Reverse Lunge,KB reverse lunge,lunge,hypertrophy,unilateral-pair,kettlebell,standing,squat; locomotion,dynamic,unilateral,external,false,quads; glute max; adductors,hamstrings; glute med; core,adductors; glutes; quads,core-stability; hamstrings,hip; knee; ankle,single-leg,gym; home,single-leg; gym; home,true,Kettlebell Reverse Lunge exercise. equipment: kettlebell. body position: standing. movement pattern: squat; locomotion. primary muscles: quads; glute max; adductors. secondary muscles: hamstrings; glute med; core. target areas: adductors; glutes; quads; core-stability; hamstrings. laterality: unilateral. load type: external. training context: gym; home. visual cues: single-leg,complete,assets/workout-images/kettlebell-reverse-lunge.png,"QA passed: reverse lunge frame, full feet/kettlebells, leg overlays.",priority_20_80,7
kettlebell-row,Kettlebell Row,single arm KB row,row,hypertrophy,unilateral-pair,kettlebell; bench,supported,horizontal-pull,dynamic,unilateral,external,false,lats; mid back,rear delts; biceps; forearms,lats; upper-back,biceps; forearms-wrists; rear-delts,shoulder; elbow; scapula,single-arm,gym; home,single-arm; gym; home,true,Kettlebell Row exercise. equipment: kettlebell; bench. body position: supported. movement pattern: horizontal-pull. primary muscles: lats; mid back. secondary muscles: rear delts; biceps; forearms. target areas: lats; upper-back; biceps; forearms-wrists; rear-delts. laterality: unilateral. load type: external. training context: gym; home. visual cues: single-arm,complete,assets/workout-images/kettlebell-row.png,"Pass: supported single-arm kettlebell row, bench/kettlebell visible, lats-mid-back emphasis correct.",,
kettlebell-single-leg-romanian-deadlift,Kettlebell Single-Leg Romanian Deadlift,single leg KB RDL,hinge,hypertrophy,unilateral-pair,kettlebell,standing,hinge,dynamic,unilateral,external,false,hamstrings; glute max; glute med,spinal erectors; forearms; core,glutes; hamstrings; lower-back,core-stability; forearms-wrists,hip; ankle; spine; knee,balance; single-leg,gym; home,balance; single-leg; gym; home,true,Kettlebell Single-Leg Romanian Deadlift exercise. equipment: kettlebell. body position: standing. movement pattern: hinge. primary muscles: hamstrings; glute max; glute med. secondary muscles: spinal erectors; forearms; core. target areas: glutes; hamstrings; lower-back; core-stability; forearms-wrists. laterality: unilateral. load type: external. training context: gym; home. visual cues: balance; single-leg,complete,assets/workout-images/kettlebell-single-leg-romanian-deadlift.png,"QA passed: single-leg hinge, full figure/kettlebell, posterior-chain overlays.",priority_20_80,8
kettlebell-snatch,Kettlebell Snatch,KB snatch; single arm kb snatch; Kettlebell Snatch,snatch,conditioning,unilateral-pair,kettlebell,standing,hinge; vertical-pull; vertical-push,explosive,unilateral,external,false,glute max; hamstrings; upper back,front delts; traps; core,glutes; hamstrings,core-stability; front-delts; traps,hip; knee; ankle; shoulder,explosive; overhead; power; grip,gym; home,explosive; overhead; power; grip; gym; home,true,Kettlebell Snatch exercise. equipment: kettlebell. body position: standing. movement pattern: hinge; vertical-pull; vertical-push. primary muscles: glute max; hamstrings; upper back. secondary muscles: front delts; traps; core. target areas: glutes; hamstrings; core-stability; front-delts; traps. laterality: unilateral. load type: external. training context: gym; home. visual cues: explosive; overhead; power; grip,complete,assets/workout-images/kettlebell-snatch.png,QA passed: clear overhead lockout and targets.,,
kettlebell-swing,Kettlebell Swing,two hand kettlebell swing; KB swing; russian kettlebell swing; russian swing; Kettlebell Swing,swing,conditioning,bilateral-load,kettlebell,standing,hinge,explosive,bilateral,external,false,glute max; hamstrings; spinal erectors,lats; forearms; core,glutes; hamstrings; lower-back,core-stability; forearms-wrists; lats,hip; spine; shoulder,explosive; posterior-chain; conditioning,gym; home,explosive; posterior-chain; conditioning; gym; home,true,Kettlebell Swing exercise. equipment: kettlebell. body position: standing. movement pattern: hinge. primary muscles: glute max; hamstrings; spinal erectors. secondary muscles: lats; forearms; core. target areas: glutes; hamstrings; lower-back; core-stability; forearms-wrists; lats. laterality: bilateral. load type: external. training context: gym; home. visual cues: explosive; posterior-chain; conditioning,complete,assets/workout-images/kettlebell-swing.png,QA passed after regeneration: single hip-hinge kettlebell swing with posterior-chain emphasis.,priority_20_80,15
kettlebell-windmill,Kettlebell Windmill,KB windmill; Kettlebell Windmill,windmill,skill,unilateral-pair,kettlebell,standing,rotation; hinge; overhead,dynamic,unilateral,external,false,obliques; glute med; shoulders,hamstrings; serratus; adductors,glutes; lower-back; obliques,adductors; hamstrings,shoulder; hip; spine,mobility; overhead; coordination,gym; home; niche,mobility; overhead; coordination; gym; home; niche,true,Kettlebell Windmill exercise. equipment: kettlebell. body position: standing. movement pattern: rotation; hinge; overhead. primary muscles: obliques; glute med; shoulders. secondary muscles: hamstrings; serratus; adductors. target areas: glutes; lower-back; obliques; adductors; hamstrings. laterality: unilateral. load type: external. training context: gym; home; niche. visual cues: mobility; overhead; coordination,complete,assets/workout-images/kettlebell-windmill.png,QA passed: clear overhead windmill frame.,,
kipping-pull-up,Kipping Pull-Up,crossfit pull-up,pull-up,skill,bodyweight-reps,pull-up-bar,hanging,vertical-pull,dynamic,bilateral,bodyweight,true,lats; biceps; abs,hip flexors; forearms; shoulders,lats; biceps,core-stability,shoulder; elbow; scapula; hip,crossfit; advanced; kip,gym; crossfit-box,crossfit; advanced; kip; gym; crossfit-box,true,Kipping Pull-Up exercise. equipment: pull-up-bar. body position: hanging. movement pattern: vertical-pull. primary muscles: lats; biceps; abs. secondary muscles: hip flexors; forearms; shoulders. target areas: lats; biceps; core-stability. laterality: bilateral. load type: bodyweight. training context: gym; crossfit-box. visual cues: crossfit; advanced; kip,complete,assets/workout-images/kipping-pull-up.png,"QA pass: dynamic kipping pull-up frame, one figure, lats/shoulders/core highlighted.",priority_20_80,45
knee-cars,Knee CARs,knee controlled articular rotations; Knee CARs,mobility-drill,mobility,mobility,none; floor,varied,knee-control,controlled,bilateral,bodyweight,true,quads; hamstrings,,,hamstrings; quads,knee,mobility; stretch,mobility; stretch; warmup,mobility; stretch,true,Knee CARs exercise. equipment: none; floor. body position: varied. movement pattern: knee-control. primary muscles: quads; hamstrings. target areas: hamstrings; quads. laterality: bilateral. load type: bodyweight. training context: mobility; stretch; warmup. visual cues: mobility; stretch,complete,assets/workout-images/knee-cars.png,"QA pass: single knee rotation frame, target overlay, 1080x1920.",,
kneeling-push-up,Kneeling Push-Up,knee push-up; knee pushup,push-up,calisthenics,bodyweight-reps,floor,kneeling,horizontal-push,dynamic,bilateral,bodyweight,true,pecs; triceps; front delts,serratus; abs,chest; front-delts; triceps,abs,shoulder; elbow; wrist; spine,beginner; regression,home; gym; warmup-friendly,beginner; regression; home; gym; warmup-friendly,true,Kneeling Push-Up exercise. equipment: floor. body position: kneeling. movement pattern: horizontal-push. primary muscles: pecs; triceps; front delts. secondary muscles: serratus; abs. target areas: chest; front-delts; triceps; abs. laterality: bilateral. load type: bodyweight. training context: home; gym; warmup-friendly. visual cues: beginner; regression,complete,assets/workout-images/kneeling-push-up.png,QA passed: full kneeling push-up contraction; chest front delts triceps.,,
kneeling-sissy-squat,Kneeling Sissy Squat,Kneeling Sissy Squat,single-leg-squat,calisthenics,bodyweight-reps,floor; pad,standing,squat,dynamic,bilateral,bodyweight,true,quads; glute max,hamstrings; adductors; core,glutes; quads,adductors; core-stability; hamstrings,hip; knee; ankle,calisthenics; sissy-squat; regression; quad-focus,calisthenics; bodyweight; skill-training,calisthenics; bodyweight; sissy-squat; regression; quad-focus,true,Kneeling Sissy Squat exercise. equipment: floor; pad. body position: standing. movement pattern: squat. primary muscles: quads; glute max. secondary muscles: hamstrings; adductors; core. target areas: glutes; quads; adductors; core-stability; hamstrings. laterality: bilateral. load type: bodyweight. training context: calisthenics; bodyweight; skill-training. visual cues: calisthenics; sissy-squat; regression; quad-focus,complete,assets/workout-images/kneeling-sissy-squat.png,"QA passed: kneeling sissy squat frame, glutes/quads highlighted.",,
korean-dip,Korean Dip,straight bar korean dip,dip,skill,bodyweight-reps,straight-bar,supported,vertical-push; shoulder-extension,dynamic,bilateral,bodyweight,true,triceps; lower pecs; front delts,serratus; core,chest; front-delts; triceps,core-stability,shoulder; elbow; wrist; scapula,advanced; street-workout,calisthenics-park; niche,advanced; street-workout; calisthenics-park; niche,true,Korean Dip exercise. equipment: straight-bar. body position: supported. movement pattern: vertical-push; shoulder-extension. primary muscles: triceps; lower pecs; front delts. secondary muscles: serratus; core. target areas: chest; front-delts; triceps; core-stability. laterality: bilateral. load type: bodyweight. training context: calisthenics-park; niche. visual cues: advanced; street-workout,complete,assets/workout-images/korean-dip.png,"QA pass after regen: complete straight bar, clear dip frame, target chest/triceps/delts.",priority_20_80,72
l-sit-chin-up,L-Sit Chin-Up,L-Sit Chin-Up,pull-up,calisthenics,bodyweight-reps,pull-up-bar,varied,vertical-pull,dynamic,bilateral,bodyweight,true,lats; biceps; forearms,mid back; core,biceps; forearms-wrists; lats,core-stability; upper-back,shoulder; elbow; scapula,calisthenics; compression; pull-up-progression; l-sit,calisthenics; bodyweight; skill-training,calisthenics; bodyweight; compression; pull-up-progression; l-sit,true,L-Sit Chin-Up exercise. equipment: pull-up-bar. body position: varied. movement pattern: vertical-pull. primary muscles: lats; biceps; forearms. secondary muscles: mid back; core. target areas: biceps; forearms-wrists; lats; core-stability; upper-back. laterality: bilateral. load type: bodyweight. training context: calisthenics; bodyweight; skill-training. visual cues: calisthenics; compression; pull-up-progression; l-sit,complete,assets/workout-images/l-sit-chin-up.png,"QA passed after style correction: 1080x1920; grayscale/white anatomy body matches reference style; one L-sit chin-up frame; red/orange biceps, forearms, and lats; no text/panels/watermark/cropping.",,
l-sit-hold,L-Sit Hold,L sit; parallette L sit; hanging l-sit; L-Sit Hold,l-sit,skill,hold,parallettes; dip-bars; floor; rings,supported,core-flexion; hip-flexion,isometric,bilateral,bodyweight,true,hip flexors; rectus abdominis; triceps,serratus; quads,abs; core-stability; triceps,quads,hip; spine; shoulder; elbow; wrist,gymnastics; compression; advanced,gym; home; calisthenics-park,gymnastics; compression; advanced; gym; home; calisthenics-park,true,L-Sit Hold exercise. equipment: parallettes; dip-bars; floor; rings. body position: supported. movement pattern: core-flexion; hip-flexion. primary muscles: hip flexors; rectus abdominis; triceps. secondary muscles: serratus; quads. target areas: abs; core-stability; triceps; quads. laterality: bilateral. load type: bodyweight. training context: gym; home; calisthenics-park. visual cues: gymnastics; compression; advanced,complete,assets/workout-images/l-sit-hold.png,"QA passed: L-sit hold on parallettes, clean anatomy style, no cropping.",priority_20_80,57
l-sit-pull-up,L-Sit Pull-Up,l sit chin up; l sit pullup,pull-up,skill,bodyweight-reps,pull-up-bar; rings,hanging,vertical-pull; core-flexion,dynamic,bilateral,bodyweight,true,lats; biceps; hip flexors; rectus abdominis,mid back; forearms; grip,lats; biceps,abs,shoulder; elbow; scapula; wrist; hip; spine,advanced; gymnastics; compression,gym; home; calisthenics-park,advanced; gymnastics; compression; gym; home; calisthenics-park,true,L-Sit Pull-Up exercise. equipment: pull-up-bar; rings. body position: hanging. movement pattern: vertical-pull; core-flexion. primary muscles: lats; biceps; hip flexors; rectus abdominis. secondary muscles: mid back; forearms; grip. target areas: lats; biceps; abs. laterality: bilateral. load type: bodyweight. training context: gym; home; calisthenics-park. visual cues: advanced; gymnastics; compression,complete,assets/workout-images/l-sit-pull-up.png,"QA pass: L-sit pull-up on bar, full body, lats-biceps-abs emphasized.",priority_20_80,33
ladder-ickey-shuffle,Ladder Ickey Shuffle,Ladder Ickey Shuffle,agility-drill,conditioning,plyometric,agility-ladder,varied,quick-feet; coordination,explosive,bilateral,bodyweight,true,quads; glute max; calves,hamstrings; core,glutes; quads,core-stability; hamstrings,hip; knee; ankle,speed; agility; reactive; athletic,speed; agility; athletic-prep,speed; agility; reactive; athletic; conditioning; plyometric,true,Ladder Ickey Shuffle exercise. equipment: agility-ladder. body position: varied. movement pattern: quick-feet; coordination. primary muscles: quads; glute max; calves. secondary muscles: hamstrings; core. target areas: glutes; quads; core-stability; hamstrings. laterality: bilateral. load type: bodyweight. training context: speed; agility; athletic-prep. visual cues: speed; agility; reactive; athletic,complete,assets/workout-images/ladder-ickey-shuffle.png,QA passed: clear Ickey shuffle phase; glutes quads.,,
ladder-in-in-out-out,Ladder In-In-Out-Out,Ladder In-In-Out-Out,agility-drill,conditioning,plyometric,agility-ladder,varied,quick-feet; coordination,explosive,bilateral,bodyweight,true,quads; glute max; calves,hamstrings; core,glutes; quads,core-stability; hamstrings,hip; knee; ankle,speed; agility; reactive; athletic,speed; agility; athletic-prep,speed; agility; reactive; athletic; conditioning; plyometric,true,Ladder In-In-Out-Out exercise. equipment: agility-ladder. body position: varied. movement pattern: quick-feet; coordination. primary muscles: quads; glute max; calves. secondary muscles: hamstrings; core. target areas: glutes; quads; core-stability; hamstrings. laterality: bilateral. load type: bodyweight. training context: speed; agility; athletic-prep. visual cues: speed; agility; reactive; athletic,complete,assets/workout-images/ladder-in-in-out-out.png,QA passed: clear in-in ladder step; glutes quads.,,
landmine-press,Landmine Press,two hand landmine press; landmine shoulder press; standing landmine press; Landmine Press,landmine-press,strength,bilateral-load,barbell; landmine,standing,vertical-push; diagonal-push,dynamic,bilateral,external,false,front delts; upper chest; triceps,serratus; core,chest; front-delts; triceps,core-stability,shoulder; elbow; scapula,overhead-friendly; landmine; overhead; joint-friendly,gym; landmine; free-weights,overhead-friendly; landmine; overhead; joint-friendly; gym; free-weights,true,Landmine Press exercise. equipment: barbell; landmine. body position: standing. movement pattern: vertical-push; diagonal-push. primary muscles: front delts; upper chest; triceps. secondary muscles: serratus; core. target areas: chest; front-delts; triceps; core-stability. laterality: bilateral. load type: external. training context: gym; landmine; free-weights. visual cues: overhead-friendly; landmine; overhead; joint-friendly,complete,assets/workout-images/landmine-press.png,"QA pass: full landmine setup, correct press frame.",,
landmine-reverse-lunge,Landmine Reverse Lunge,landmine split squat reverse lunge,lunge,strength,bilateral-load,barbell; landmine,standing,squat; locomotion,dynamic,unilateral,external,false,quads; glute max; adductors,glute med; core; hamstrings,adductors; glutes; quads,core-stability; hamstrings,hip; knee; ankle,single-leg; front-loaded,gym; landmine,single-leg; front-loaded; gym; landmine,true,Landmine Reverse Lunge exercise. equipment: barbell; landmine. body position: standing. movement pattern: squat; locomotion. primary muscles: quads; glute max; adductors. secondary muscles: glute med; core; hamstrings. target areas: adductors; glutes; quads; core-stability; hamstrings. laterality: unilateral. load type: external. training context: gym; landmine. visual cues: single-leg; front-loaded,complete,assets/workout-images/landmine-reverse-lunge.png,1080x1920; clear landmine reverse lunge frame and target muscles.,,
landmine-squat,Landmine Squat,barbell landmine squat,squat,mixed,bilateral-load,barbell; landmine,standing,squat,dynamic,bilateral,external,false,quads; glute max; adductors,abs; upper back,adductors; glutes; quads,abs,hip; knee; ankle; shoulder,landmine; joint-friendly,gym; free-weights,landmine; joint-friendly; gym; free-weights,true,Landmine Squat exercise. equipment: barbell; landmine. body position: standing. movement pattern: squat. primary muscles: quads; glute max; adductors. secondary muscles: abs; upper back. target areas: adductors; glutes; quads; abs. laterality: bilateral. load type: external. training context: gym; free-weights. visual cues: landmine; joint-friendly,complete,assets/workout-images/landmine-squat.png,Pass; clear landmine squat bottom position with full setup and target muscle overlays.,,
landmine-twist,Landmine Twist,landmine rotation; full contact twist,landmine-twist,conditioning,bilateral-load,barbell; landmine,standing,rotation,dynamic,bilateral,external,false,obliques; serratus; abs,front delts; hips,abs; obliques,front-delts,spine; hip; shoulder,rotation; athletic,gym; landmine,rotation; athletic; gym; landmine,true,Landmine Twist exercise. equipment: barbell; landmine. body position: standing. movement pattern: rotation. primary muscles: obliques; serratus; abs. secondary muscles: front delts; hips. target areas: abs; obliques; front-delts. laterality: bilateral. load type: external. training context: gym; landmine. visual cues: rotation; athletic,complete,assets/workout-images/landmine-twist.png,"QA pass: landmine rotation frame, obliques/abs/serratus highlighted.",,
lat-stretch,Lat Stretch,Lat Stretch,mobility-drill,mobility,mobility,bench; wall,varied,shoulder-flexion,isometric,bilateral,bodyweight,true,lats,,,lats,shoulder; spine,mobility; stretch,mobility; stretch; warmup,mobility; stretch,true,Lat Stretch exercise. equipment: bench; wall. body position: varied. movement pattern: shoulder-flexion. primary muscles: lats. target areas: lats. laterality: bilateral. load type: bodyweight. training context: mobility; stretch; warmup. visual cues: mobility; stretch,complete,assets/workout-images/lat-stretch.png,"QA pass after regen: complete bench visible, lat stretch frame, lats highlighted.",,
lateral-bound,Lateral Bound,Lateral Bound,agility-drill,conditioning,plyometric,none,varied,lateral-bound; single-leg,explosive,bilateral,bodyweight,true,quads; glute max; calves,hamstrings; core,glutes; quads,core-stability; hamstrings,hip; knee; ankle,speed; agility; reactive; athletic,speed; agility; athletic-prep,speed; agility; reactive; athletic; conditioning; plyometric,true,Lateral Bound exercise. equipment: none. body position: varied. movement pattern: lateral-bound; single-leg. primary muscles: quads; glute max; calves. secondary muscles: hamstrings; core. target areas: glutes; quads; core-stability; hamstrings. laterality: bilateral. load type: bodyweight. training context: speed; agility; athletic-prep. visual cues: speed; agility; reactive; athletic,complete,assets/workout-images/lateral-bound.png,"QA passed: lateral bound frame, clean anatomy style, target muscles correct.",,
lateral-hop-and-stick,Lateral Hop and Stick,Lateral Hop and Stick,balance-drill,skill,bodyweight-reps,none,varied,lateral-hop; landing; balance,explosive,unilateral,bodyweight,true,glute max; quads; calves,core; glute med,glutes; quads,core-stability,hip; knee; ankle,balance; stability; landing,balance; stability; athletic-prep,balance; stability; landing; skill; bodyweight-reps,true,Lateral Hop and Stick exercise. equipment: none. body position: varied. movement pattern: lateral-hop; landing; balance. primary muscles: glute max; quads; calves. secondary muscles: core; glute med. target areas: glutes; quads; core-stability. laterality: unilateral. load type: bodyweight. training context: balance; stability; athletic-prep. visual cues: balance; stability; landing,complete,assets/workout-images/lateral-hop-and-stick.png,QA passed: clear single-leg lateral landing stick; glutes quads.,,
lateral-pogo-jump,Lateral Pogo Jump,Lateral Pogo Jump,agility-drill,conditioning,plyometric,none,varied,lateral-hop; ankle-stiffness,explosive,bilateral,bodyweight,true,quads; glute max; calves,hamstrings; core,glutes; quads,core-stability; hamstrings,hip; knee; ankle,speed; agility; reactive; athletic,speed; agility; athletic-prep,speed; agility; reactive; athletic; conditioning; plyometric,true,Lateral Pogo Jump exercise. equipment: none. body position: varied. movement pattern: lateral-hop; ankle-stiffness. primary muscles: quads; glute max; calves. secondary muscles: hamstrings; core. target areas: glutes; quads; core-stability; hamstrings. laterality: bilateral. load type: bodyweight. training context: speed; agility; athletic-prep. visual cues: speed; agility; reactive; athletic,complete,assets/workout-images/lateral-pogo-jump.png,"QA pass: single lateral pogo hop, lower-body targets, 1080x1920.",,
left-neck-lateral-flexion,Left Neck Lateral Flexion,left neck side raise; left side neck raise; left lateral neck raise; left side-lying neck raise,neck-lateral-flexion,rehab,bodyweight-reps,bench; none,side-lying,neck-lateral-flexion,dynamic,unilateral,bodyweight,true,neck lateral flexors,upper traps,neck,traps,cervical spine,rehab; combat-sports,gym; home; rehab-friendly,rehab; combat-sports; gym; home; rehab-friendly,true,Left Neck Lateral Flexion exercise. equipment: bench; none. body position: side-lying. movement pattern: neck-lateral-flexion. primary muscles: neck lateral flexors. secondary muscles: upper traps. target areas: neck; traps. laterality: unilateral. load type: bodyweight. training context: gym; home; rehab-friendly. visual cues: rehab; combat-sports,complete,assets/workout-images/left-neck-lateral-flexion.png,"QA passed: side-lying bodyweight neck lateral flexion, neck/traps highlighted.",,
leg-extension,Leg Extension,quad extension; machine leg extension; Leg Extension,leg-extension,hypertrophy,machine-load,leg-extension-machine,machine-seated,knee-extension,dynamic,bilateral,machine-stack,false,quads; VMO,hip flexors,quads,,knee,quad-isolation,gym; machine-area,quad-isolation; gym; machine-area,true,Leg Extension exercise. equipment: leg-extension-machine. body position: machine-seated. movement pattern: knee-extension. primary muscles: quads; VMO. secondary muscles: hip flexors. target areas: quads. laterality: bilateral. load type: machine-stack. training context: gym; machine-area. visual cues: quad-isolation,complete,assets/workout-images/leg-extension.png,"1080x1920. One figure, one movement, no text/panels/watermark, white background, and reference style match. Seated leg-extension machine and extended-knee posture are accurate. Quad highlighting is correct.",,
leg-press,Leg Press,sled leg press; 45 degree leg press; seated leg press; machine leg press; Leg Press,leg-press,hypertrophy,machine-load,leg-press-machine,machine-seated,squat,dynamic,bilateral,machine-stack,false,quads; glute max; adductors,hamstrings; calves,adductors; glutes; quads,hamstrings,hip; knee; ankle,machine; machine-guided,gym; machine-area,machine; machine-guided; gym; machine-area,true,Leg Press exercise. equipment: leg-press-machine. body position: machine-seated. movement pattern: squat. primary muscles: quads; glute max; adductors. secondary muscles: hamstrings; calves. target areas: adductors; glutes; quads; hamstrings. laterality: bilateral. load type: machine-stack. training context: gym; machine-area. visual cues: machine; machine-guided,complete,assets/workout-images/leg-press.png,"1080x1920. One figure, one movement, no text/panels/watermark, white background, and reference style match. Leg press machine and seated press posture are accurate. Target highlighting is acceptable for quads, glutes, hamstrings, and adductors.",,
line-hops,Line Hops,Line Hops,agility-drill,conditioning,plyometric,line,varied,hop; quick-feet,explosive,bilateral,bodyweight,true,quads; glute max; calves,hamstrings; core,glutes; quads,core-stability; hamstrings,hip; knee; ankle,speed; agility; reactive; athletic,speed; agility; athletic-prep,speed; agility; reactive; athletic; conditioning; plyometric,true,Line Hops exercise. equipment: line. body position: varied. movement pattern: hop; quick-feet. primary muscles: quads; glute max; calves. secondary muscles: hamstrings; core. target areas: glutes; quads; core-stability; hamstrings. laterality: bilateral. load type: bodyweight. training context: speed; agility; athletic-prep. visual cues: speed; agility; reactive; athletic,complete,assets/workout-images/line-hops.png,QA passed: clear two-foot airborne line hop; glutes quads calves.,,
loaded-beast-to-down-dog,Loaded Beast to Down Dog,loaded beast down dog; Loaded Beast to Down Dog,mobility-drill,mobility,mobility,none; floor,varied,locomotion; mobility,controlled,bilateral,bodyweight,true,shoulders; calves; core,,,core-stability,shoulder; hip; ankle,mobility; stretch,mobility; stretch; warmup,mobility; stretch,true,Loaded Beast to Down Dog exercise. equipment: none; floor. body position: varied. movement pattern: locomotion; mobility. primary muscles: shoulders; calves; core. target areas: core-stability. laterality: bilateral. load type: bodyweight. training context: mobility; stretch; warmup. visual cues: mobility; stretch,complete,assets/workout-images/loaded-beast-to-down-dog.png,QA passed: clear hands-and-feet transition; core stability.,,
log-press,Log Press,strongman log press; clean and press log,log-press,strength,other,log-implement,standing,vertical-push,mixed,bilateral,external,false,front delts; triceps; upper chest,upper back; core; quads,chest; front-delts; triceps,core-stability; quads,shoulder; elbow; wrist; hip; knee; ankle,strongman; overhead,gym; strongman; niche,strongman; overhead; gym; niche,true,Log Press exercise. equipment: log-implement. body position: standing. movement pattern: vertical-push. primary muscles: front delts; triceps; upper chest. secondary muscles: upper back; core; quads. target areas: chest; front-delts; triceps; core-stability; quads. laterality: bilateral. load type: external. training context: gym; strongman; niche. visual cues: strongman; overhead,complete,assets/workout-images/log-press.png,"QA passed: clear log press, chest/front-delts/triceps highlighted.",,
low-ring-muscle-up-transition,Low-Ring Muscle-Up Transition,Low-Ring Muscle-Up Transition,rings,skill,bodyweight-reps,rings; gymnastic-rings,supported,ring-support; stability,dynamic,bilateral,bodyweight,true,pecs; triceps; lats,core; forearms; serratus,chest; lats; triceps,core-stability; forearms-wrists,shoulder; elbow; scapula; wrist,calisthenics; rings; muscle-up; beginner; transition,calisthenics; bodyweight; skill-training,calisthenics; bodyweight; rings; muscle-up; beginner; transition,true,Low-Ring Muscle-Up Transition exercise. equipment: rings; gymnastic-rings. body position: supported. movement pattern: ring-support; stability. primary muscles: pecs; triceps; lats. secondary muscles: core; forearms; serratus. target areas: chest; lats; triceps; core-stability; forearms-wrists. laterality: bilateral. load type: bodyweight. training context: calisthenics; bodyweight; skill-training. visual cues: calisthenics; rings; muscle-up; beginner; transition,complete,assets/workout-images/low-ring-muscle-up-transition.png,QA passed: clear forward ring turnover; chest lats triceps.,,
lu-raise,Lu Raise,lu lateral raise,lateral-raise,skill,dumbbell-pair,dumbbell,standing,shoulder-abduction; overhead,dynamic,bilateral,external,false,lateral delts; front delts,upper traps; serratus,front-delts; lats; side-delts,traps,shoulder; scapula,olympic-lifting; shoulder,gym; free-weights; niche,olympic-lifting; shoulder; gym; free-weights; niche,true,Lu Raise exercise. equipment: dumbbell. body position: standing. movement pattern: shoulder-abduction; overhead. primary muscles: lateral delts; front delts. secondary muscles: upper traps; serratus. target areas: front-delts; lats; side-delts; traps. laterality: bilateral. load type: external. training context: gym; free-weights; niche. visual cues: olympic-lifting; shoulder,complete,assets/workout-images/lu-raise.png,1080x1920 exact; one figure; one movement; no text panels or watermark; pure white background verified at sampled edg...,,
lying-barbell-triceps-extension,Lying Barbell Triceps Extension,skull crusher; lying triceps extension; ez bar skull crusher; Barbell Skull Crusher,triceps-extension,hypertrophy,bilateral-load,barbell; ez-bar; bench; flat-bench,lying-supine,elbow-extension,dynamic,bilateral,external,false,triceps,front delts,triceps,front-delts,elbow; shoulder,arm-isolation,gym; bench-area; free-weights,arm-isolation; gym; bench-area; free-weights,true,Lying Barbell Triceps Extension exercise. equipment: barbell; ez-bar; bench; flat-bench. body position: lying-supine. movement pattern: elbow-extension. primary muscles: triceps. secondary muscles: front delts. target areas: triceps; front-delts. laterality: bilateral. load type: external. training context: gym; bench-area; free-weights. visual cues: arm-isolation,complete,assets/workout-images/lying-barbell-triceps-extension.png,"QA pass: supine bench skull-crusher frame, EZ-bar visible, triceps highlighted.",,
lying-leg-curl,Lying Leg Curl,prone leg curl; lying hamstring curl; Lying Leg Curl,leg-curl,hypertrophy,machine-load,leg-curl-machine; lying-leg-curl-machine,lying-prone,knee-flexion,dynamic,bilateral,machine-stack,false,hamstrings,calves,hamstrings,,knee,hamstring-isolation,gym; machine-area,hamstring-isolation; gym; machine-area,true,Lying Leg Curl exercise. equipment: leg-curl-machine; lying-leg-curl-machine. body position: lying-prone. movement pattern: knee-flexion. primary muscles: hamstrings. secondary muscles: calves. target areas: hamstrings. laterality: bilateral. load type: machine-stack. training context: gym; machine-area. visual cues: hamstring-isolation,complete,assets/workout-images/lying-leg-curl.png,"1080x1920. One figure, one movement, no text/panels/watermark, white background, and reference style match. Prone leg-curl machine and ankle roller are accurate; hamstring highlighting is correct. Pose is closer to the extended/start phase but still reads as lying leg curl.",,
lying-leg-raise,Lying Leg Raise,floor leg raise; supine leg raise,leg-raise,calisthenics,bodyweight-reps,none,lying-supine,core-flexion,dynamic,bilateral,bodyweight,true,hip flexors; rectus abdominis,obliques,abs,obliques,hip; spine,core; regression,gym; home,core; regression; gym; home,true,Lying Leg Raise exercise. equipment: none. body position: lying-supine. movement pattern: core-flexion. primary muscles: hip flexors; rectus abdominis. secondary muscles: obliques. target areas: abs; obliques. laterality: bilateral. load type: bodyweight. training context: gym; home. visual cues: core; regression,complete,assets/workout-images/lying-leg-raise.png,"QA pass: single figure, lying leg raise frame, core/hip-flexor highlight, clean frame.",,
machine-ab-crunch,Machine Ab Crunch,ab crunch machine,crunch,hypertrophy,machine-load,ab-crunch-machine,machine-seated,core-flexion,dynamic,bilateral,machine-stack,false,rectus abdominis,obliques; hip flexors,abs,,spine; hip,ab-isolation,gym; machine-area,ab-isolation; gym; machine-area,true,Machine Ab Crunch exercise. equipment: ab-crunch-machine. body position: machine-seated. movement pattern: core-flexion. primary muscles: rectus abdominis. secondary muscles: obliques; hip flexors. target areas: abs. laterality: bilateral. load type: machine-stack. training context: gym; machine-area. visual cues: ab-isolation,complete,assets/workout-images/machine-ab-crunch.png,"Pass: seated ab-crunch machine flexion frame, pads/handles visible, abs emphasized correctly.",,
machine-back-extension,Machine Back Extension,low back extension machine,back-extension,hypertrophy,machine-load,back-extension-machine,machine-seated,core-extension; hinge,dynamic,bilateral,machine-stack,false,spinal erectors; glute max,hamstrings,glutes; lower-back,hamstrings,spine; hip,posterior-chain,gym; machine-area,posterior-chain; gym; machine-area,true,Machine Back Extension exercise. equipment: back-extension-machine. body position: machine-seated. movement pattern: core-extension; hinge. primary muscles: spinal erectors; glute max. secondary muscles: hamstrings. target areas: glutes; lower-back; hamstrings. laterality: bilateral. load type: machine-stack. training context: gym; machine-area. visual cues: posterior-chain,complete,assets/workout-images/machine-back-extension.png,"QA pass: back-extension machine frame, spinal erectors/glutes highlighted.",,
machine-chest-press,Machine Chest Press,selectorized chest press; machine chest press; Chest Press Machine,chest-press,hypertrophy,machine-load,chest-press-machine,machine-seated,horizontal-push,dynamic,bilateral,machine-stack,false,pecs; triceps; front delts,serratus,chest; front-delts; triceps,,shoulder; elbow; scapula,machine; machine-guided,gym; machine-area,machine; machine-guided; gym; machine-area,true,Machine Chest Press exercise. equipment: chest-press-machine. body position: machine-seated. movement pattern: horizontal-push. primary muscles: pecs; triceps; front delts. secondary muscles: serratus. target areas: chest; front-delts; triceps. laterality: bilateral. load type: machine-stack. training context: gym; machine-area. visual cues: machine; machine-guided,complete,assets/workout-images/machine-chest-press.png,"1080x1920. One figure, one movement, no text/panels/watermark, white background, and reference style match. Chest press machine, seated posture, and handle position are accurate. Target highlighting covers chest, front delts, and triceps as expected.",,
machine-pullover,Machine Pullover,nautilus pullover; selectorized pullover,pullover,hypertrophy,machine-load,pullover-machine,machine-seated,shoulder-extension,dynamic,bilateral,machine-stack,false,lats; teres major,serratus; triceps long head,lats,triceps,shoulder; scapula; elbow,lat-isolation,gym; machine-area,lat-isolation; gym; machine-area,true,Machine Pullover exercise. equipment: pullover-machine. body position: machine-seated. movement pattern: shoulder-extension. primary muscles: lats; teres major. secondary muscles: serratus; triceps long head. target areas: lats; triceps. laterality: bilateral. load type: machine-stack. training context: gym; machine-area. visual cues: lat-isolation,complete,assets/workout-images/machine-pullover.png,"QA pass: pullover machine contraction, lats/teres highlighted.",,
machine-shoulder-press,Machine Shoulder Press,selectorized shoulder press,overhead-press,hypertrophy,machine-load,shoulder-press-machine,machine-seated,vertical-push,dynamic,bilateral,machine-stack,false,front delts; triceps,lateral delts; upper chest,front-delts; triceps,chest; lats; side-delts,shoulder; elbow; scapula,machine,gym; machine-area,machine; gym; machine-area,true,Machine Shoulder Press exercise. equipment: shoulder-press-machine. body position: machine-seated. movement pattern: vertical-push. primary muscles: front delts; triceps. secondary muscles: lateral delts; upper chest. target areas: front-delts; triceps; chest; lats; side-delts. laterality: bilateral. load type: machine-stack. training context: gym; machine-area. visual cues: machine,complete,assets/workout-images/machine-shoulder-press.png,"Exact 1080x1920, one figure, one movement, no text/panels/watermark, white background, and reference style match. Shoulder-press machine, seated pressing posture, front/side delt and triceps emphasis, and crop are acceptable.",,
machine-assisted-pull-up,Machine-Assisted Pull-Up,assisted pull up; machine assisted pull-up,pull-up,calisthenics,assisted-bodyweight,assisted-pull-up-machine; assisted-dip-chin-machine,supported,vertical-pull,dynamic,bilateral,assisted-bodyweight,true,lats; biceps; teres major,mid back; forearms,biceps; lats,forearms-wrists; upper-back,shoulder; elbow; scapula; wrist,regression; beginner,gym; machine-area,regression; beginner; gym; machine-area,true,Machine-Assisted Pull-Up exercise. equipment: assisted-pull-up-machine; assisted-dip-chin-machine. body position: supported. movement pattern: vertical-pull. primary muscles: lats; biceps; teres major. secondary muscles: mid back; forearms. target areas: biceps; lats; forearms-wrists; upper-back. laterality: bilateral. load type: assisted-bodyweight. training context: gym; machine-area. visual cues: regression; beginner,complete,assets/workout-images/machine-assisted-pull-up.png,1080x1920 PNG; one figure shown performing one assisted pull-up movement; no text panels or watermark; pure white bac...,,
manna-lean,Manna Lean,Manna Lean,manna,skill,hold,parallettes; dip-bars; floor; rings,supported,compression; support-hold,isometric,bilateral,bodyweight,true,abs; hip flexors; triceps,quads; forearms; front delts,abs; core-stability; triceps,forearms-wrists; front-delts; quads,hip; shoulder; elbow; spine,calisthenics; manna; compression; advanced,calisthenics; bodyweight; skill-training,calisthenics; bodyweight; manna; compression; advanced,true,Manna Lean exercise. equipment: parallettes; dip-bars; floor; rings. body position: supported. movement pattern: compression; support-hold. primary muscles: abs; hip flexors; triceps. secondary muscles: quads; forearms; front delts. target areas: abs; core-stability; triceps; forearms-wrists; front-delts; quads. laterality: bilateral. load type: bodyweight. training context: calisthenics; bodyweight; skill-training. visual cues: calisthenics; manna; compression; advanced,complete,assets/workout-images/manna-lean.png,"QA passed after regen: manna lean with full parallette visibility, no cropping.",priority_20_80,58
mcgill-curl-up,McGill Curl-Up,modified curl-up; McGill Curl-Up,therapeutic-prehab,rehab,bodyweight-reps,none; floor,varied,core-stability,controlled,bilateral,bodyweight,true,abs,,abs,,spine,rehab; prehab; therapeutic; mcgill-big-3,rehab; prehab; recovery,rehab; prehab; therapeutic; mcgill-big-3; bodyweight-reps,true,McGill Curl-Up exercise. equipment: none; floor. body position: varied. movement pattern: core-stability. primary muscles: abs. target areas: abs. laterality: bilateral. load type: bodyweight. training context: rehab; prehab; recovery. visual cues: rehab; prehab; therapeutic; mcgill-big-3,complete,assets/workout-images/mcgill-curl-up.png,"QA passed: one-knee curl-up frame, abs highlighted, no equipment.",priority_20_80,82
meadows-row,Meadows Row,single arm landmine row,row,hypertrophy,unilateral-pair,barbell; landmine,standing,horizontal-pull,dynamic,unilateral,external,false,lats; lower traps; rear delts,biceps; forearms; obliques,lats; rear-delts; traps,biceps; forearms-wrists; obliques,shoulder; elbow; scapula; spine,single-arm; landmine,gym; landmine; niche,single-arm; landmine; gym; niche,true,Meadows Row exercise. equipment: barbell; landmine. body position: standing. movement pattern: horizontal-pull. primary muscles: lats; lower traps; rear delts. secondary muscles: biceps; forearms; obliques. target areas: lats; rear-delts; traps; biceps; forearms-wrists; obliques. laterality: unilateral. load type: external. training context: gym; landmine; niche. visual cues: single-arm; landmine,complete,assets/workout-images/meadows-row.png,Pass after direct regen; clear anatomy-style Meadows row with full landmine setup visible.,,
medicine-ball-broad-jump,Medicine Ball Broad Jump,weighted broad jump,broad-jump,conditioning,plyometric,medicine-ball,standing,jump; locomotion,explosive,bilateral,external,false,glute max; quads; calves,hamstrings; core,glutes; quads,core-stability; hamstrings,hip; knee; ankle,explosive; athletic,gym; field; niche,explosive; athletic; gym; field; niche,true,Medicine Ball Broad Jump exercise. equipment: medicine-ball. body position: standing. movement pattern: jump; locomotion. primary muscles: glute max; quads; calves. secondary muscles: hamstrings; core. target areas: glutes; quads; core-stability; hamstrings. laterality: bilateral. load type: external. training context: gym; field; niche. visual cues: explosive; athletic,complete,assets/workout-images/medicine-ball-broad-jump.png,QA passed: clear loaded broad-jump takeoff; glutes quads.,,
medicine-ball-clean,Medicine Ball Clean,med ball clean,clean,conditioning,other,medicine-ball,standing,hinge; pull; squat,explosive,bilateral,external,false,quads; glute max; upper back,hamstrings; abs; biceps,glutes; quads,abs; biceps; hamstrings,hip; knee; ankle; shoulder; elbow,crossfit; power,gym; home; conditioning,crossfit; power; gym; home; conditioning,true,Medicine Ball Clean exercise. equipment: medicine-ball. body position: standing. movement pattern: hinge; pull; squat. primary muscles: quads; glute max; upper back. secondary muscles: hamstrings; abs; biceps. target areas: glutes; quads; abs; biceps; hamstrings. laterality: bilateral. load type: external. training context: gym; home; conditioning. visual cues: crossfit; power,complete,assets/workout-images/medicine-ball-clean.png,"QA pass: clean catch frame, full medicine ball/body, quads-glutes emphasized.",priority_20_80,31
medicine-ball-slam,Medicine Ball Slam,med ball slam; slam ball; Medicine Ball Slam,med-ball-slam,conditioning,plyometric,medicine-ball; slam-ball,standing,core-flexion; vertical-pull,explosive,bilateral,external,false,lats; rectus abdominis; triceps,front delts; glute max,abs; lats; triceps,front-delts; glutes,shoulder; elbow; spine; hip,explosive; conditioning,gym; home; conditioning,explosive; conditioning; gym; home,true,Medicine Ball Slam exercise. equipment: medicine-ball; slam-ball. body position: standing. movement pattern: core-flexion; vertical-pull. primary muscles: lats; rectus abdominis; triceps. secondary muscles: front delts; glute max. target areas: abs; lats; triceps; front-delts; glutes. laterality: bilateral. load type: external. training context: gym; home; conditioning. visual cues: explosive; conditioning,complete,assets/workout-images/medicine-ball-slam.png,QA passed: clear bottom medicine-ball slam; core lats triceps.,,
mirror-drill,Mirror Drill,Mirror Drill,agility-drill,conditioning,plyometric,partner,varied,reactive-agility; shuffle,explosive,bilateral,bodyweight,true,quads; glute max; calves,hamstrings; core,glutes; quads,core-stability; hamstrings,hip; knee; ankle,speed; agility; reactive; athletic,speed; agility; athletic-prep,speed; agility; reactive; athletic; conditioning; plyometric,true,Mirror Drill exercise. equipment: partner. body position: varied. movement pattern: reactive-agility; shuffle. primary muscles: quads; glute max; calves. secondary muscles: hamstrings; core. target areas: glutes; quads; core-stability; hamstrings. laterality: bilateral. load type: bodyweight. training context: speed; agility; athletic-prep. visual cues: speed; agility; reactive; athletic,complete,assets/workout-images/mirror-drill.png,"QA pass: single reactive shuffle with cones, targets, 1080x1920.",,
mobility,Mobility,Mobility,mobility,hold,mobility,none,,mobility,,bilateral,none,false,other,,,core-stability,,,quick-log,quick-log,true,Mobility exercise. equipment: none. movement pattern: mobility. primary muscles: other. target areas: core-stability. laterality: bilateral. load type: none. training context: quick-log,complete,assets/workout-images/mobility.png,"QA pass: single squat-and-rotate mobility frame, 1080x1920.",,
monkey-walk,Monkey Walk,Monkey Walk,mobility-drill,mobility,bodyweight-reps,floor,varied,locomotion,dynamic,bilateral,bodyweight,true,quads; shoulders; core,upper back; core,core-stability; quads,,shoulder; wrist; scapula,calisthenics; locomotion; mobility,calisthenics; bodyweight; skill-training,calisthenics; bodyweight; locomotion; mobility,true,Monkey Walk exercise. equipment: floor. body position: varied. movement pattern: locomotion. primary muscles: quads; shoulders; core. secondary muscles: upper back; core. target areas: core-stability; quads. laterality: bilateral. load type: bodyweight. training context: calisthenics; bodyweight; skill-training. visual cues: calisthenics; locomotion; mobility,complete,assets/workout-images/monkey-walk.png,QA passed: clear low quadrupedal monkey-walk stride; shoulders core quads.,,
mountain-climber,Mountain Climber,mountain climbers,mountain-climber,conditioning,bodyweight-reps,none,plank,locomotion; core-stability,cyclical,alternating,bodyweight,true,hip flexors; shoulders; rectus abdominis,serratus; triceps; obliques,abs,obliques; triceps,shoulder; wrist; hip; spine,conditioning; core,gym; home; cardio,conditioning; core; gym; home; cardio,true,Mountain Climber exercise. equipment: none. body position: plank. movement pattern: locomotion; core-stability. primary muscles: hip flexors; shoulders; rectus abdominis. secondary muscles: serratus; triceps; obliques. target areas: abs; obliques; triceps. laterality: alternating. load type: bodyweight. training context: gym; home; cardio. visual cues: conditioning; core,complete,assets/workout-images/mountain-climber.png,"QA pass: knee-drive plank frame, one figure, abs/hip flexors highlighted.",,
muscle-up-360,Muscle-Up 360,360 muscle-up; bar spin muscle-up,muscle-up,skill,bodyweight-reps,pull-up-bar,hanging,vertical-pull; vertical-push,explosive,bilateral,bodyweight,true,lats; triceps; pecs,biceps; front delts; core,chest; lats; triceps,biceps; core-stability; front-delts,shoulder; elbow; wrist; scapula,freestyle; street-workout; advanced,calisthenics-park; niche,freestyle; street-workout; advanced; calisthenics-park; niche,true,Muscle-Up 360 exercise. equipment: pull-up-bar. body position: hanging. movement pattern: vertical-pull; vertical-push. primary muscles: lats; triceps; pecs. secondary muscles: biceps; front delts; core. target areas: chest; lats; triceps; biceps; core-stability; front-delts. laterality: bilateral. load type: bodyweight. training context: calisthenics-park; niche. visual cues: freestyle; street-workout; advanced,complete,assets/workout-images/muscle-up-360.png,"QA pass: bar muscle-up support frame, one figure, upper-body targets highlighted.",priority_20_80,46
natural-leg-extension,Natural Leg Extension,kneeling leg extension,natural-leg-extension,rehab,bodyweight-reps,none,kneeling,knee-extension,dynamic,bilateral,bodyweight,true,quads; rectus femoris,hip flexors; core,quads,core-stability,knee; hip,quad-focus; rehab,gym; home; rehab-friendly,quad-focus; rehab; gym; home; rehab-friendly,true,Natural Leg Extension exercise. equipment: none. body position: kneeling. movement pattern: knee-extension. primary muscles: quads; rectus femoris. secondary muscles: hip flexors; core. target areas: quads; core-stability. laterality: bilateral. load type: bodyweight. training context: gym; home; rehab-friendly. visual cues: quad-focus; rehab,complete,assets/workout-images/natural-leg-extension.png,"QA pass: clear kneeling leg extension, full body, quad emphasis.",priority_20_80,73
neck-cars,Neck CARs,neck controlled articular rotations; Neck CARs,mobility-drill,mobility,mobility,none; floor,varied,neck-circles,controlled,bilateral,bodyweight,true,neck flexors; neck extensors,,,neck,cervical spine,mobility; stretch,mobility; stretch; warmup,mobility; stretch,true,Neck CARs exercise. equipment: none; floor. body position: varied. movement pattern: neck-circles. primary muscles: neck flexors; neck extensors. target areas: neck. laterality: bilateral. load type: bodyweight. training context: mobility; stretch; warmup. visual cues: mobility; stretch,complete,assets/workout-images/neck-cars.png,"QA pass: single neck CAR frame, targets visible, 1080x1920.",,
neck-extension,Neck Extension,lying neck extension,neck,rehab,bodyweight-reps,bench; none,lying-prone|seated,neck-extension,dynamic,bilateral,bodyweight,true,neck extensors,upper traps,neck,traps,cervical spine,rehab; combat-sports,gym; home; rehab-friendly,rehab; combat-sports; gym; home; rehab-friendly,true,Neck Extension exercise. equipment: bench; none. body position: lying-prone|seated. movement pattern: neck-extension. primary muscles: neck extensors. secondary muscles: upper traps. target areas: neck; traps. laterality: bilateral. load type: bodyweight. training context: gym; home; rehab-friendly. visual cues: rehab; combat-sports,complete,assets/workout-images/neck-extension.png,QA pass after regen: posterior neck extensors/upper traps highlighted.,,
neck-flexion,Neck Flexion,neck curl; lying neck curl,neck,rehab,bodyweight-reps,bench; none,lying-supine|seated,neck-flexion,dynamic,bilateral,bodyweight,true,neck flexors,upper traps,neck,traps,cervical spine,rehab; combat-sports,gym; home; rehab-friendly,rehab; combat-sports; gym; home; rehab-friendly,true,Neck Flexion exercise. equipment: bench; none. body position: lying-supine|seated. movement pattern: neck-flexion. primary muscles: neck flexors. secondary muscles: upper traps. target areas: neck; traps. laterality: bilateral. load type: bodyweight. training context: gym; home; rehab-friendly. visual cues: rehab; combat-sports,complete,assets/workout-images/neck-flexion.png,"QA passed: bodyweight neck flexion, one figure, neck/trap targets.",priority_20_80,68
negative-muscle-up,Negative Muscle-Up,eccentric muscle-up; muscle-up negative,muscle-up,skill,bodyweight-reps,pull-up-bar; rings,hanging|support,vertical-pull; vertical-push,dynamic,bilateral,bodyweight,true,lats; triceps; pecs,biceps; front delts; core,chest; lats; triceps,biceps; core-stability; front-delts,shoulder; elbow; wrist; scapula,advanced; eccentric; muscle-up-progression,gym; calisthenics-park; niche,advanced; eccentric; muscle-up-progression; gym; calisthenics-park; niche,true,Negative Muscle-Up exercise. equipment: pull-up-bar; rings. body position: hanging|support. movement pattern: vertical-pull; vertical-push. primary muscles: lats; triceps; pecs. secondary muscles: biceps; front delts; core. target areas: chest; lats; triceps; biceps; core-stability; front-delts. laterality: bilateral. load type: bodyweight. training context: gym; calisthenics-park; niche. visual cues: advanced; eccentric; muscle-up-progression,complete,assets/workout-images/negative-muscle-up.png,"QA pass: controlled muscle-up descent frame, one figure, upper-body targets highlighted.",priority_20_80,47
negative-pull-up,Negative Pull-Up,eccentric pull-up; pull-up negative,pull-up,calisthenics,bodyweight-reps,pull-up-bar,hanging,vertical-pull,dynamic,bilateral,bodyweight,true,lats; biceps; teres major,mid back; forearms; rear delts,biceps; lats,forearms-wrists; rear-delts; upper-back,shoulder; elbow; scapula; wrist,beginner; eccentric,gym; home; calisthenics-park,beginner; eccentric; gym; home; calisthenics-park,true,Negative Pull-Up exercise. equipment: pull-up-bar. body position: hanging. movement pattern: vertical-pull. primary muscles: lats; biceps; teres major. secondary muscles: mid back; forearms; rear delts. target areas: biceps; lats; forearms-wrists; rear-delts; upper-back. laterality: bilateral. load type: bodyweight. training context: gym; home; calisthenics-park. visual cues: beginner; eccentric,complete,assets/workout-images/negative-pull-up.png,"QA pass: controlled top pull-up descent frame, one figure, lats/arms highlighted.",priority_20_80,48
negative-straight-bar-dip,Negative Straight-Bar Dip,Negative Straight-Bar Dip,dip,calisthenics,bodyweight-reps,straight-bar; pull-up-bar,varied,vertical-push,dynamic,bilateral,bodyweight,true,pecs; triceps; front delts,serratus; core,chest; front-delts; triceps,core-stability,shoulder; elbow; scapula,calisthenics; eccentric; straight-bar; muscle-up-prep,calisthenics; bodyweight; skill-training,calisthenics; bodyweight; eccentric; straight-bar; muscle-up-prep,true,Negative Straight-Bar Dip exercise. equipment: straight-bar; pull-up-bar. body position: varied. movement pattern: vertical-push. primary muscles: pecs; triceps; front delts. secondary muscles: serratus; core. target areas: chest; front-delts; triceps; core-stability. laterality: bilateral. load type: bodyweight. training context: calisthenics; bodyweight; skill-training. visual cues: calisthenics; eccentric; straight-bar; muscle-up-prep,complete,assets/workout-images/negative-straight-bar-dip.png,"QA pass: straight-bar lowering dip frame, chest-delts-triceps-core emphasized.",priority_20_80,34
neutral-grip-cable-lat-pulldown,Neutral-Grip Cable Lat Pulldown,close neutral pulldown; v bar pulldown; neutral grip pulldown; Close-Grip Lat Pulldown,pull-down,hypertrophy,cable-load,cable; neutral-handle; lat-pulldown-machine,seated,vertical-pull,dynamic,bilateral,cable-stack,false,lats; teres major,biceps; mid back; rear delts,lats,biceps; rear-delts; upper-back,shoulder; elbow; scapula,back-width; constant-tension,gym; cable-area; cable-station,back-width; constant-tension; gym; cable-area; cable-station,true,Neutral-Grip Cable Lat Pulldown exercise. equipment: cable; neutral-handle; lat-pulldown-machine. body position: seated. movement pattern: vertical-pull. primary muscles: lats; teres major. secondary muscles: biceps; mid back; rear delts. target areas: lats; biceps; rear-delts; upper-back. laterality: bilateral. load type: cable-stack. training context: gym; cable-area; cable-station. visual cues: back-width; constant-tension,complete,assets/workout-images/neutral-grip-cable-lat-pulldown.png,The earlier off-white/gradient background failure appears resolved to a clean white presentation. Neutral-grip seated pulldown setup and handle position remain acceptable.,,
neutral-grip-pull-up,Neutral-Grip Pull-Up,parallel grip pull up; neutral pull-up; Neutral-Grip Pull-Up,pull-up,calisthenics,bodyweight-reps,neutral-grip-bar; pull-up-bar; neutral-handles,hanging,vertical-pull,dynamic,bilateral,bodyweight,true,lats; biceps; brachialis,mid back; forearms,biceps; lats,forearms-wrists; upper-back,shoulder; elbow; scapula; wrist,neutral-grip; compound,gym; home; calisthenics-park,neutral-grip; compound; gym; home; calisthenics-park,true,Neutral-Grip Pull-Up exercise. equipment: neutral-grip-bar; pull-up-bar; neutral-handles. body position: hanging. movement pattern: vertical-pull. primary muscles: lats; biceps; brachialis. secondary muscles: mid back; forearms. target areas: biceps; lats; forearms-wrists; upper-back. laterality: bilateral. load type: bodyweight. training context: gym; home; calisthenics-park. visual cues: neutral-grip; compound,complete,assets/workout-images/neutral-grip-pull-up.png,"QA pass after regen: overhead parallel neutral grip pull-up, correct targets.",priority_20_80,27
ninja-quintuple-steps,Ninja Quintuple Steps,Ninja Quintuple Steps,agility-drill,conditioning,plyometric,ninja-steps,varied,precision-jump; lateral-bound,explosive,bilateral,bodyweight,true,quads; glute max; calves,hamstrings; core,glutes; quads,core-stability; hamstrings,hip; knee; ankle,speed; agility; reactive; athletic,speed; agility; athletic-prep,speed; agility; reactive; athletic; conditioning; plyometric,true,Ninja Quintuple Steps exercise. equipment: ninja-steps. body position: varied. movement pattern: precision-jump; lateral-bound. primary muscles: quads; glute max; calves. secondary muscles: hamstrings; core. target areas: glutes; quads; core-stability; hamstrings. laterality: bilateral. load type: bodyweight. training context: speed; agility; athletic-prep. visual cues: speed; agility; reactive; athletic,complete,assets/workout-images/ninja-quintuple-steps.png,"QA pass: single hurdle step, leg targets, 1080x1920.",,
nordic-curl-negative,Nordic Curl Negative,Nordic Curl Negative,nordic-curl,calisthenics,bodyweight-reps,floor; anchor; pad,standing,knee-flexion,dynamic,bilateral,bodyweight,true,hamstrings,hamstrings; adductors; core,hamstrings,adductors; core-stability,hip; knee; ankle,calisthenics; nordic; eccentric; hamstrings,calisthenics; bodyweight; skill-training,calisthenics; bodyweight; nordic; eccentric; hamstrings,true,Nordic Curl Negative exercise. equipment: floor; anchor; pad. body position: standing. movement pattern: knee-flexion. primary muscles: hamstrings. secondary muscles: hamstrings; adductors; core. target areas: hamstrings; adductors; core-stability. laterality: bilateral. load type: bodyweight. training context: calisthenics; bodyweight; skill-training. visual cues: calisthenics; nordic; eccentric; hamstrings,complete,assets/workout-images/nordic-curl-negative.png,"QA passed: Nordic negative with anchor/pad, hamstrings highlighted.",,
nordic-hamstring-curl,Nordic Hamstring Curl,nordic curl; natural leg curl; partner glute ham raise; Nordic Hamstring Curl,leg-curl,strength,bodyweight-reps,nordic-bench; partner-anchor,kneeling,knee-flexion,dynamic,bilateral,bodyweight,true,hamstrings,glutes; calves,hamstrings,glutes,knee; hip,advanced; eccentric; rehab,gym; home; rehab-friendly,advanced; eccentric; rehab; gym; home; rehab-friendly,true,Nordic Hamstring Curl exercise. equipment: nordic-bench; partner-anchor. body position: kneeling. movement pattern: knee-flexion. primary muscles: hamstrings. secondary muscles: glutes; calves. target areas: hamstrings; glutes. laterality: bilateral. load type: bodyweight. training context: gym; home; rehab-friendly. visual cues: advanced; eccentric; rehab,complete,assets/workout-images/nordic-hamstring-curl.png,"1080x1920, one figure, one movement, no text/panels/watermark, white background, and reference style match. Regeneration fixes the prior upright-kneeling issue with a clear forward Nordic lean, accurate ankle anchor/bench setup, no crop issues, and hamstring-dominant highlighting.",,
one-arm-dumbbell-row,One-Arm Dumbbell Row,single arm dumbbell row; db row,row,hypertrophy,unilateral-pair,dumbbell; bench,supported,horizontal-pull,dynamic,unilateral,external,false,lats; mid back,rear delts; biceps; forearms; obliques,lats; upper-back,biceps; forearms-wrists; obliques; rear-delts,shoulder; elbow; scapula; spine,unilateral; grip,gym; free-weights; home,unilateral; grip; gym; free-weights; home,true,One-Arm Dumbbell Row exercise. equipment: dumbbell; bench. body position: supported. movement pattern: horizontal-pull. primary muscles: lats; mid back. secondary muscles: rear delts; biceps; forearms; obliques. target areas: lats; upper-back; biceps; forearms-wrists; obliques; rear-delts. laterality: unilateral. load type: external. training context: gym; free-weights; home. visual cues: unilateral; grip,complete,assets/workout-images/one-arm-dumbbell-row.png,"1080x1920. One figure and one supported dumbbell-row frame, no text/panels/watermark, white background, no visible cropping. Grip, bench support, anatomy sty...",,
one-arm-handstand-weight-shift,One-Arm Handstand Weight Shift,One-Arm Handstand Weight Shift,handstand,skill,bodyweight-reps,floor; wall; parallettes,inverted,inversion; overhead-push,dynamic,bilateral,bodyweight,true,front delts; triceps; upper back,core; forearms; serratus,front-delts; triceps,core-stability; forearms-wrists,shoulder; elbow; wrist; scapula,calisthenics; one-arm-handstand; weight-shift; advanced,calisthenics; bodyweight; skill-training,calisthenics; bodyweight; one-arm-handstand; weight-shift; advanced,true,One-Arm Handstand Weight Shift exercise. equipment: floor; wall; parallettes. body position: inverted. movement pattern: inversion; overhead-push. primary muscles: front delts; triceps; upper back. secondary muscles: core; forearms; serratus. target areas: front-delts; triceps; core-stability; forearms-wrists. laterality: bilateral. load type: bodyweight. training context: calisthenics; bodyweight; skill-training. visual cues: calisthenics; one-arm-handstand; weight-shift; advanced,complete,assets/workout-images/one-arm-handstand-weight-shift.png,"QA pass after 2 regens: two parallettes, front delt/triceps targets, 1080x1920.",,
one-arm-kettlebell-swing,One-Arm Kettlebell Swing,single arm KB swing,swing,conditioning,unilateral-pair,kettlebell,standing,hinge; anti-rotation,explosive,alternating,external,false,glute max; hamstrings; obliques,lats; forearms; spinal erectors,core-stability; glutes; hamstrings; obliques,core-stability; forearms-wrists; lats; lower-back,hip; spine; shoulder,explosive; anti-rotation,gym; home,explosive; anti-rotation; gym; home,true,One-Arm Kettlebell Swing exercise. equipment: kettlebell. body position: standing. movement pattern: hinge; anti-rotation. primary muscles: glute max; hamstrings; obliques. secondary muscles: lats; forearms; spinal erectors. target areas: core-stability; glutes; hamstrings; obliques; core-stability; forearms-wrists; lats; lower-back. laterality: alternating. load type: external. training context: gym; home. visual cues: explosive; anti-rotation,complete,assets/workout-images/one-arm-kettlebell-swing.png,"QA pass: single-arm swing frame, full kettlebell, posterior chain/core visible.",priority_20_80,37
one-arm-pull-up,One-Arm Pull-Up,One-Arm Pull-Up,pull-up,calisthenics,bodyweight-reps,pull-up-bar,varied,vertical-pull,dynamic,unilateral,bodyweight,true,lats; biceps; forearms,mid back; core,biceps; forearms-wrists; lats,core-stability; upper-back,shoulder; elbow; scapula,calisthenics; one-arm-pull-up; advanced,calisthenics; bodyweight; skill-training,calisthenics; bodyweight; one-arm-pull-up; advanced,true,One-Arm Pull-Up exercise. equipment: pull-up-bar. body position: varied. movement pattern: vertical-pull. primary muscles: lats; biceps; forearms. secondary muscles: mid back; core. target areas: biceps; forearms-wrists; lats; core-stability; upper-back. laterality: unilateral. load type: bodyweight. training context: calisthenics; bodyweight; skill-training. visual cues: calisthenics; one-arm-pull-up; advanced,complete,assets/workout-images/one-arm-pull-up.png,"QA pass: one-arm pull-up grip/frame, targets visible, 1080x1920.",,
one-arm-pull-up-negative,One-Arm Pull-Up Negative,One-Arm Pull-Up Negative,pull-up,calisthenics,bodyweight-reps,pull-up-bar,varied,vertical-pull,dynamic,unilateral,bodyweight,true,lats; biceps; forearms,mid back; core,biceps; forearms-wrists; lats,core-stability; upper-back,shoulder; elbow; scapula,calisthenics; eccentric; one-arm-pull-up; advanced,calisthenics; bodyweight; skill-training,calisthenics; bodyweight; eccentric; one-arm-pull-up; advanced,true,One-Arm Pull-Up Negative exercise. equipment: pull-up-bar. body position: varied. movement pattern: vertical-pull. primary muscles: lats; biceps; forearms. secondary muscles: mid back; core. target areas: biceps; forearms-wrists; lats; core-stability; upper-back. laterality: unilateral. load type: bodyweight. training context: calisthenics; bodyweight; skill-training. visual cues: calisthenics; eccentric; one-arm-pull-up; advanced,complete,assets/workout-images/one-arm-pull-up-negative.png,"QA pass: eccentric one-arm lowering frame, targets visible, 1080x1920.",,
one-arm-push-up,One-Arm Push-Up,single arm push up; OAPU,push-up,skill,bodyweight-reps,none,plank,horizontal-push; anti-rotation,dynamic,unilateral,bodyweight,true,pecs; triceps; front delts,serratus; obliques; core,chest; core-stability; front-delts; triceps,obliques,shoulder; elbow; wrist; scapula; spine,advanced; unilateral,gym; home; niche,advanced; unilateral; gym; home; niche,true,One-Arm Push-Up exercise. equipment: none. body position: plank. movement pattern: horizontal-push; anti-rotation. primary muscles: pecs; triceps; front delts. secondary muscles: serratus; obliques; core. target areas: chest; core-stability; front-delts; triceps; obliques. laterality: unilateral. load type: bodyweight. training context: gym; home; niche. visual cues: advanced; unilateral,complete,assets/workout-images/one-arm-push-up.png,"QA pass: one-arm bottom frame, one figure, chest/core highlighted.",,
one-arm-ring-row,One-Arm Ring Row,One-Arm Ring Row,row,calisthenics,bodyweight-reps,rings; gymnastic-rings,varied,horizontal-pull,dynamic,unilateral,bodyweight,true,lats; mid back,biceps; rear delts; forearms,lats; upper-back,biceps; forearms-wrists; rear-delts,shoulder; elbow; scapula,calisthenics; rings; unilateral; advanced,calisthenics; bodyweight; skill-training,calisthenics; bodyweight; rings; unilateral; advanced,true,One-Arm Ring Row exercise. equipment: rings; gymnastic-rings. body position: varied. movement pattern: horizontal-pull. primary muscles: lats; mid back. secondary muscles: biceps; rear delts; forearms. target areas: lats; upper-back; biceps; forearms-wrists; rear-delts. laterality: unilateral. load type: bodyweight. training context: calisthenics; bodyweight; skill-training. visual cues: calisthenics; rings; unilateral; advanced,complete,assets/workout-images/one-arm-ring-row.png,"QA passed: full strap/ring visible, lats/upper-back highlighted.",,
one-leg-back-lever-hold,One-Leg Back Lever Hold,One-Leg Back Lever Hold,back-lever,skill,hold,rings; pull-up-bar,hanging,straight-arm-pull; shoulder-extension,isometric,bilateral,bodyweight,true,pecs; front delts; core,lats; forearms; glutes,chest; core-stability; front-delts,forearms-wrists; glutes; lats,shoulder; scapula; elbow,calisthenics; back-lever; one-leg; progression,calisthenics; bodyweight; skill-training,calisthenics; bodyweight; back-lever; one-leg; progression,true,One-Leg Back Lever Hold exercise. equipment: rings; pull-up-bar. body position: hanging. movement pattern: straight-arm-pull; shoulder-extension. primary muscles: pecs; front delts; core. secondary muscles: lats; forearms; glutes. target areas: chest; core-stability; front-delts; forearms-wrists; glutes; lats. laterality: bilateral. load type: bodyweight. training context: calisthenics; bodyweight; skill-training. visual cues: calisthenics; back-lever; one-leg; progression,complete,assets/workout-images/one-leg-back-lever-hold.png,"QA pass: single figure, ring back lever variation, chest/core highlight, clean frame.",,
one-leg-front-lever-hold,One-Leg Front Lever Hold,One-Leg Front Lever Hold,front-lever,skill,hold,pull-up-bar; rings,hanging,straight-arm-pull; horizontal-pull,isometric,bilateral,bodyweight,true,lats; upper back; core,rear delts; forearms; glutes,core-stability; lats,forearms-wrists; glutes; rear-delts,shoulder; scapula; elbow,calisthenics; front-lever; one-leg; progression,calisthenics; bodyweight; skill-training,calisthenics; bodyweight; front-lever; one-leg; progression,true,One-Leg Front Lever Hold exercise. equipment: pull-up-bar; rings. body position: hanging. movement pattern: straight-arm-pull; horizontal-pull. primary muscles: lats; upper back; core. secondary muscles: rear delts; forearms; glutes. target areas: core-stability; lats; forearms-wrists; glutes; rear-delts. laterality: bilateral. load type: bodyweight. training context: calisthenics; bodyweight; skill-training. visual cues: calisthenics; front-lever; one-leg; progression,complete,assets/workout-images/one-leg-front-lever-hold.png,"QA pass: single figure, one-leg front lever hold, core/back highlight, clean frame.",,
one-leg-human-flag-hold,One-Leg Human Flag Hold,One-Leg Human Flag Hold,human-flag,skill,hold,vertical-pole; stall-bars,side-hanging,side-lever; straight-arm-push; straight-arm-pull,isometric,bilateral,bodyweight,true,obliques; lats; side delts,core; forearms; serratus,core-stability; lats; obliques; side-delts,forearms-wrists,shoulder; scapula; elbow; spine,calisthenics; human-flag; one-leg; progression,calisthenics; bodyweight; skill-training,calisthenics; bodyweight; human-flag; one-leg; progression,true,One-Leg Human Flag Hold exercise. equipment: vertical-pole; stall-bars. body position: side-hanging. movement pattern: side-lever; straight-arm-push; straight-arm-pull. primary muscles: obliques; lats; side delts. secondary muscles: core; forearms; serratus. target areas: core-stability; lats; obliques; side-delts; forearms-wrists. laterality: bilateral. load type: bodyweight. training context: calisthenics; bodyweight; skill-training. visual cues: calisthenics; human-flag; one-leg; progression,complete,assets/workout-images/one-leg-human-flag-hold.png,"QA passed: stall-bar human flag frame, clean anatomy style, target muscles correct.",,
one-leg-l-sit-hold,One-Leg L-Sit Hold,One-Leg L-Sit Hold,l-sit,skill,hold,parallettes; dip-bars; floor; rings,supported,compression; support-hold,isometric,bilateral,bodyweight,true,abs; hip flexors; triceps,quads; forearms; front delts,abs; core-stability; triceps,forearms-wrists; front-delts; quads,hip; shoulder; elbow; spine,calisthenics; l-sit; one-leg; progression,calisthenics; bodyweight; skill-training,calisthenics; bodyweight; l-sit; one-leg; progression,true,One-Leg L-Sit Hold exercise. equipment: parallettes; dip-bars; floor; rings. body position: supported. movement pattern: compression; support-hold. primary muscles: abs; hip flexors; triceps. secondary muscles: quads; forearms; front delts. target areas: abs; core-stability; triceps; forearms-wrists; front-delts; quads. laterality: bilateral. load type: bodyweight. training context: calisthenics; bodyweight; skill-training. visual cues: calisthenics; l-sit; one-leg; progression,complete,assets/workout-images/one-leg-l-sit-hold.png,"QA pass: single figure, floor one-leg L-sit hold, core/triceps highlight, clean frame.",,
one-leg-planche-hold,One-Leg Planche Hold,One-Leg Planche Hold,planche,skill,hold,floor; parallettes,plank,straight-arm-push; horizontal-push,isometric,bilateral,bodyweight,true,front delts; pecs; triceps,core; serratus; forearms,chest; core-stability; front-delts; triceps,forearms-wrists,shoulder; elbow; wrist; scapula,calisthenics; planche; one-leg; progression,calisthenics; bodyweight; skill-training,calisthenics; bodyweight; planche; one-leg; progression,true,One-Leg Planche Hold exercise. equipment: floor; parallettes. body position: plank. movement pattern: straight-arm-push; horizontal-push. primary muscles: front delts; pecs; triceps. secondary muscles: core; serratus; forearms. target areas: chest; core-stability; front-delts; triceps; forearms-wrists. laterality: bilateral. load type: bodyweight. training context: calisthenics; bodyweight; skill-training. visual cues: calisthenics; planche; one-leg; progression,complete,assets/workout-images/one-leg-planche-hold.png,"QA passed: parallettes one-leg planche frame, clean anatomy style, target muscles correct.",,
outdoor-cycle,Outdoor Ride,bike ride; cycling; road ride,cycling,cardio,cardio-live,bicycle; outdoor,seated,locomotion,cyclical,bilateral,external,false,quads; glute max,hamstrings; calves; cardiorespiratory system,,glutes; quads,hip; knee; ankle,endurance,outdoor; cardio,endurance; outdoor; cardio,true,Outdoor Ride exercise. equipment: bicycle; outdoor. body position: seated. movement pattern: locomotion. primary muscles: quads; glute max. secondary muscles: hamstrings; calves; cardiorespiratory system. target areas: glutes; quads. laterality: bilateral. load type: external. training context: outdoor; cardio. visual cues: endurance,complete,assets/workout-images/outdoor-cycle.png,"QA pass: single cyclist and full road bike, targets, 1080x1920.",,
outdoor-run,Outdoor Run,run; jog; road run; easy run; Outdoor Run,running,cardio,cardio-live,none; outdoor; shoes,standing,locomotion,cyclical,bilateral,bodyweight,true,quads; glute max; calves,hamstrings; hip flexors; core,,glutes; quads,hip; knee; ankle,endurance,outdoors; cardio; outdoor,endurance; outdoors; cardio; outdoor,true,Outdoor Run exercise. equipment: none; outdoor; shoes. body position: standing. movement pattern: locomotion. primary muscles: quads; glute max; calves. secondary muscles: hamstrings; hip flexors; core. target areas: glutes; quads. laterality: bilateral. load type: bodyweight. training context: outdoors; cardio; outdoor. visual cues: endurance,complete,assets/workout-images/outdoor-run.png,"QA pass: single running stride, lower-body targets, 1080x1920.",,
outdoor-walk,Outdoor Walk,walk; brisk walk,walking,cardio,cardio-live,none,standing,locomotion,cyclical,bilateral,bodyweight,true,calves; glute max,quads; hip flexors; core,,glutes,hip; knee; ankle,low-impact,outdoors; cardio; warmup-friendly,low-impact; outdoors; cardio; warmup-friendly,true,Outdoor Walk exercise. equipment: none. body position: standing. movement pattern: locomotion. primary muscles: calves; glute max. secondary muscles: quads; hip flexors; core. target areas: glutes. laterality: bilateral. load type: bodyweight. training context: outdoors; cardio; warmup-friendly. visual cues: low-impact,complete,assets/workout-images/outdoor-walk.png,"QA pass: single walking stride, glute/calf targets, 1080x1920.",,
overhead-barbell-hold,Overhead Barbell Hold,barbell overhead hold; lockout hold,overhead-hold,strength,weighted-hold,barbell; rack,standing|overhead,core-stability; overhead,isometric,bilateral,external,false,shoulders; triceps; upper traps,abs; serratus,core-stability; traps; triceps,abs,shoulder; elbow; wrist; spine; scapula,overhead; stability,gym; free-weights,overhead; stability; gym; free-weights,true,Overhead Barbell Hold exercise. equipment: barbell; rack. body position: standing|overhead. movement pattern: core-stability; overhead. primary muscles: shoulders; triceps; upper traps. secondary muscles: abs; serratus. target areas: core-stability; traps; triceps; abs. laterality: bilateral. load type: external. training context: gym; free-weights. visual cues: overhead; stability,complete,assets/workout-images/overhead-barbell-hold.png,"QA pass: overhead barbell hold, shoulders/triceps/upper traps emphasized.",,
overhead-carry,Overhead Carry,barbell overhead carry; double overhead carry; Overhead Carry,overhead-carry,conditioning,carry,barbell; dumbbell; kettlebell,standing,carry; overhead,cyclical,bilateral,external,false,shoulders; triceps; upper traps,serratus; core; grip,forearms-wrists,core-stability; forearms-wrists; traps; triceps,shoulder; elbow; wrist; scapula; spine; hip; ankle,overhead; strongman; core,gym; home; conditioning,overhead; strongman; core; gym; home; conditioning,false,Overhead Carry exercise. equipment: barbell; dumbbell; kettlebell. body position: standing. movement pattern: carry; overhead. primary muscles: shoulders; triceps; upper traps. secondary muscles: serratus; core; grip. target areas: forearms-wrists; core-stability; forearms-wrists; traps; triceps. laterality: bilateral. load type: external. training context: gym; home; conditioning. visual cues: overhead; strongman; core,complete,assets/workout-images/overhead-carry.png,"QA pass: overhead carry stance, shoulders/triceps/traps and core/grip clear.",,
overhead-dumbbell-triceps-extension,Overhead Dumbbell Triceps Extension,db overhead triceps extension,triceps-extension,hypertrophy,bilateral-load,dumbbell,seated,elbow-extension,dynamic,bilateral,external,false,triceps,abs,triceps,abs,elbow; shoulder; wrist,arm-isolation,gym; free-weights; home,arm-isolation; gym; free-weights; home,true,Overhead Dumbbell Triceps Extension exercise. equipment: dumbbell. body position: seated. movement pattern: elbow-extension. primary muscles: triceps. secondary muscles: abs. target areas: triceps; abs. laterality: bilateral. load type: external. training context: gym; free-weights; home. visual cues: arm-isolation,complete,assets/workout-images/overhead-dumbbell-triceps-extension.png,"QA pass: overhead dumbbell extension frame, triceps highlighted.",,
pallof-press,Pallof Press,anti rotation press; cable pallof press,pallof-press,rehab,cable-load,cable; band; single-handle,standing,anti-rotation,dynamic,bilateral,cable-stack,false,obliques; transverse abdominis,glute med; serratus,abs; core-stability; obliques,glutes,spine; shoulder; hip,core-stability; rehab,gym; home; rehab-friendly,core-stability; rehab; gym; home; rehab-friendly,true,Pallof Press exercise. equipment: cable; band; single-handle. body position: standing. movement pattern: anti-rotation. primary muscles: obliques; transverse abdominis. secondary muscles: glute med; serratus. target areas: abs; core-stability; obliques; glutes. laterality: bilateral. load type: cable-stack. training context: gym; home; rehab-friendly. visual cues: core-stability; rehab,complete,assets/workout-images/pallof-press.png,"1080x1920; grayscale anatomy style with no colored skin; side-loaded cable Pallof press, cable stack/handle visible, white background, target overlays only.",,
pallof-press-hold,Pallof Press Hold,anti-rotation hold; isometric pallof press,anti-rotation,rehab,hold,cable-machine; resistance-band,standing|half-kneeling,anti-rotation,isometric,bilateral,cable-stack,false,obliques; transverse abdominis,serratus; glutes; shoulders,abs; core-stability; obliques,glutes,spine; shoulder; hip,rehab; anti-rotation; core,gym; home; rehab-friendly; warmup-friendly,rehab; anti-rotation; core; gym; home; rehab-friendly; warmup-friendly,true,Pallof Press Hold exercise. equipment: cable-machine; resistance-band. body position: standing|half-kneeling. movement pattern: anti-rotation. primary muscles: obliques; transverse abdominis. secondary muscles: serratus; glutes; shoulders. target areas: abs; core-stability; obliques; glutes. laterality: bilateral. load type: cable-stack. training context: gym; home; rehab-friendly; warmup-friendly. visual cues: rehab; anti-rotation; core,complete,assets/workout-images/pallof-press-hold.png,"Pass: standing cable anti-rotation hold, full machine visible, oblique/core emphasis correct.",,
pancake-good-morning,Pancake Good Morning,Pancake Good Morning,mobility-drill,mobility,mobility,none; floor,varied,hip-hinge; straddle,controlled,bilateral,bodyweight,true,adductors; hamstrings,,,adductors; hamstrings,hip; spine,mobility; stretch,mobility; stretch; warmup,mobility; stretch,true,Pancake Good Morning exercise. equipment: none; floor. body position: varied. movement pattern: hip-hinge; straddle. primary muscles: adductors; hamstrings. target areas: adductors; hamstrings. laterality: bilateral. load type: bodyweight. training context: mobility; stretch; warmup. visual cues: mobility; stretch,complete,assets/workout-images/pancake-good-morning.png,QA passed: clear straddle hinge and target muscles,,
partner-callout-sprint,Partner Callout Sprint,Partner Callout Sprint,agility-drill,conditioning,plyometric,partner; cones,varied,reaction; sprint,explosive,bilateral,bodyweight,true,quads; glute max; calves,hamstrings; core,glutes; quads,core-stability; hamstrings,hip; knee; ankle,speed; agility; reactive; athletic,speed; agility; athletic-prep,speed; agility; reactive; athletic; conditioning; plyometric,true,Partner Callout Sprint exercise. equipment: partner; cones. body position: varied. movement pattern: reaction; sprint. primary muscles: quads; glute max; calves. secondary muscles: hamstrings; core. target areas: glutes; quads; core-stability; hamstrings. laterality: bilateral. load type: bodyweight. training context: speed; agility; athletic-prep. visual cues: speed; agility; reactive; athletic,complete,assets/workout-images/partner-callout-sprint.png,QA pass: sprint reaction with cone and partner cue; 1080x1920.,,
pec-deck,Pec Deck,machine fly; pec fly; pec deck fly; Pec Deck,fly,hypertrophy,machine-load,pec-deck-machine,machine-seated,horizontal-push,dynamic,bilateral,machine-stack,false,pecs,front delts,chest,front-delts,shoulder; elbow,chest-isolation,gym; machine-area,chest-isolation; gym; machine-area,true,Pec Deck exercise. equipment: pec-deck-machine. body position: machine-seated. movement pattern: horizontal-push. primary muscles: pecs. secondary muscles: front delts. target areas: chest; front-delts. laterality: bilateral. load type: machine-stack. training context: gym; machine-area. visual cues: chest-isolation,complete,assets/workout-images/pec-deck.png,QA pass after front-delt emphasis + white background correction.,,
pelican-curl,Pelican Curl,Pelican Curl,pelican-curl,calisthenics,bodyweight-reps,rings; gymnastic-rings,varied,shoulder-extension; elbow-flexion,dynamic,bilateral,bodyweight,true,biceps; pecs,front delts; forearms,biceps; chest,forearms-wrists; front-delts,shoulder; elbow; scapula,calisthenics; rings; biceps; advanced,calisthenics; bodyweight; skill-training,calisthenics; bodyweight; rings; biceps; advanced,true,Pelican Curl exercise. equipment: rings; gymnastic-rings. body position: varied. movement pattern: shoulder-extension; elbow-flexion. primary muscles: biceps; pecs. secondary muscles: front delts; forearms. target areas: biceps; chest; forearms-wrists; front-delts. laterality: bilateral. load type: bodyweight. training context: calisthenics; bodyweight; skill-training. visual cues: calisthenics; rings; biceps; advanced,complete,assets/workout-images/pelican-curl.png,"QA passed: rings/grip accurate, clean anatomy style, target muscles correct.",,
pelican-push-up,Pelican Push-Up,Pelican Push-Up,pelican-push-up,calisthenics,bodyweight-reps,rings; gymnastic-rings,varied,vertical-push,dynamic,bilateral,bodyweight,true,pecs; triceps; front delts,serratus; core,chest; front-delts; triceps,core-stability,shoulder; elbow; scapula,calisthenics; rings; shoulder-extension; advanced,calisthenics; bodyweight; skill-training,calisthenics; bodyweight; rings; shoulder-extension; advanced,true,Pelican Push-Up exercise. equipment: rings; gymnastic-rings. body position: varied. movement pattern: vertical-push. primary muscles: pecs; triceps; front delts. secondary muscles: serratus; core. target areas: chest; front-delts; triceps; core-stability. laterality: bilateral. load type: bodyweight. training context: calisthenics; bodyweight; skill-training. visual cues: calisthenics; rings; shoulder-extension; advanced,complete,assets/workout-images/pelican-push-up.png,QA passed: forward ring lean and chest triceps delts,,
pendlay-row,Pendlay Row,dead stop row; pendlay row,row,strength,bilateral-load,barbell; plates,standing,horizontal-pull,dynamic,bilateral,external,false,mid back; lats; rear delts,biceps; forearms; spinal erectors,lats; rear-delts; upper-back,biceps; forearms-wrists; lower-back,shoulder; elbow; scapula; spine,power-row; power; from-floor,gym; platform; free-weights; niche,power-row; power; from-floor; gym; platform; free-weights; niche,true,Pendlay Row exercise. equipment: barbell; plates. body position: standing. movement pattern: horizontal-pull. primary muscles: mid back; lats; rear delts. secondary muscles: biceps; forearms; spinal erectors. target areas: lats; rear-delts; upper-back; biceps; forearms-wrists; lower-back. laterality: bilateral. load type: external. training context: gym; platform; free-weights; niche. visual cues: power-row; power; from-floor,complete,assets/workout-images/pendlay-row.png,QA pass: floor-start Pendlay row frame reads clearly.,,
pendulum-squat,Pendulum Squat,pendulum squat machine,squat,hypertrophy,machine-load,pendulum-squat-machine,supported,squat,dynamic,bilateral,machine-stack,false,quads; glute max,adductors; calves,glutes; quads,adductors,hip; knee; ankle,machine; quad-focus,gym; machine-area; niche,machine; quad-focus; gym; machine-area; niche,true,Pendulum Squat exercise. equipment: pendulum-squat-machine. body position: supported. movement pattern: squat. primary muscles: quads; glute max. secondary muscles: adductors; calves. target areas: glutes; quads; adductors. laterality: bilateral. load type: machine-stack. training context: gym; machine-area; niche. visual cues: machine; quad-focus,complete,assets/workout-images/pendulum-squat.png,1080x1920 exact; single figure and single movement; no text panels or watermark; pure white background; reference ana...,,
pigeon-stretch,Pigeon Stretch,Pigeon Stretch,mobility-drill,mobility,mobility,none; floor,varied,hip-external-rotation,isometric,bilateral,bodyweight,true,glute max; hip external rotators,,,glutes,hip,mobility; stretch,mobility; stretch; warmup,mobility; stretch,true,Pigeon Stretch exercise. equipment: none; floor. body position: varied. movement pattern: hip-external-rotation. primary muscles: glute max; hip external rotators. target areas: glutes. laterality: bilateral. load type: bodyweight. training context: mobility; stretch; warmup. visual cues: mobility; stretch,complete,assets/workout-images/pigeon-stretch.png,QA passed: correct pigeon pose and glute emphasis,,
pike-push-up,Pike Push-Up,pike press; bodyweight pike press; Pike Push-Up,handstand-push-up,calisthenics,bodyweight-reps,none; floor; box,pike,vertical-push,dynamic,bilateral,bodyweight,true,front delts; triceps; upper traps,upper chest; core,front-delts; traps; triceps,chest; core-stability,shoulder; elbow; scapula; wrist,overhead; gymnastics-progression; progression,home; calisthenics-park; gym,overhead; gymnastics-progression; progression; home; calisthenics-park; gym,true,Pike Push-Up exercise. equipment: none; floor; box. body position: pike. movement pattern: vertical-push. primary muscles: front delts; triceps; upper traps. secondary muscles: upper chest; core. target areas: front-delts; traps; triceps; chest; core-stability. laterality: bilateral. load type: bodyweight. training context: home; calisthenics-park; gym. visual cues: overhead; gymnastics-progression; progression,complete,assets/workout-images/pike-push-up.png,"QA pass: clear pike push-up frame, full body, target delts/triceps/traps.",priority_20_80,71
pistol-squat,Pistol Squat,single leg squat; one leg squat; Pistol Squat,single-leg-squat,skill,bodyweight-reps,none; box,standing,squat,dynamic,unilateral,bodyweight,true,quads; glute max; adductors,glute med; calves; core,adductors; glutes; quads,core-stability,hip; knee; ankle,advanced; single-leg; balance; unilateral,home; calisthenics-park; niche; gym,advanced; single-leg; balance; unilateral; home; calisthenics-park; niche; gym,true,Pistol Squat exercise. equipment: none; box. body position: standing. movement pattern: squat. primary muscles: quads; glute max; adductors. secondary muscles: glute med; calves; core. target areas: adductors; glutes; quads; core-stability. laterality: unilateral. load type: bodyweight. training context: home; calisthenics-park; niche; gym. visual cues: advanced; single-leg; balance; unilateral,complete,assets/workout-images/pistol-squat.png,"QA passed: unsupported deep pistol squat, one figure, target muscles highlighted.",priority_20_80,62
pistol-squat-negative,Pistol Squat Negative,Pistol Squat Negative,single-leg-squat,calisthenics,bodyweight-reps,none; floor,standing,squat,dynamic,unilateral,bodyweight,true,quads; glute max,hamstrings; adductors; core,glutes; quads,adductors; core-stability; hamstrings,hip; knee; ankle,calisthenics; pistol; eccentric; single-leg,calisthenics; bodyweight; skill-training,calisthenics; bodyweight; pistol; eccentric; single-leg,true,Pistol Squat Negative exercise. equipment: none; floor. body position: standing. movement pattern: squat. primary muscles: quads; glute max. secondary muscles: hamstrings; adductors; core. target areas: glutes; quads; adductors; core-stability; hamstrings. laterality: unilateral. load type: bodyweight. training context: calisthenics; bodyweight; skill-training. visual cues: calisthenics; pistol; eccentric; single-leg,complete,assets/workout-images/pistol-squat-negative.png,"QA passed: clear pistol negative, glutes/quads highlighted.",,
planche-lean,Planche Lean,lean hold; planche lean hold; Planche Lean,planche,skill,hold,floor; parallettes,plank,horizontal-push; core-stability,isometric,bilateral,bodyweight,true,front delts; serratus; triceps,pecs; core; wrist flexors,core-stability; front-delts; triceps,chest; forearms-wrists,shoulder; elbow; wrist; scapula,advanced; gymnastics; straight-arm-strength,gym; home; niche; calisthenics-park,advanced; gymnastics; straight-arm-strength; gym; home; niche; calisthenics-park,true,Planche Lean exercise. equipment: floor; parallettes. body position: plank. movement pattern: horizontal-push; core-stability. primary muscles: front delts; serratus; triceps. secondary muscles: pecs; core; wrist flexors. target areas: core-stability; front-delts; triceps; chest; forearms-wrists. laterality: bilateral. load type: bodyweight. training context: gym; home; niche; calisthenics-park. visual cues: advanced; gymnastics; straight-arm-strength,complete,assets/workout-images/planche-lean.png,"QA pass: grounded-toe planche lean, one figure, shoulders/chest highlighted.",,
planche-lean-push-up,Planche Lean Push-Up,Planche Lean Push-Up,planche,skill,bodyweight-reps,floor; parallettes,plank,straight-arm-push; horizontal-push,dynamic,bilateral,bodyweight,true,front delts; pecs; triceps,core; serratus; forearms,chest; front-delts; triceps,core-stability; forearms-wrists,shoulder; elbow; wrist; scapula,calisthenics; planche; dynamic; progression,calisthenics; bodyweight; skill-training,calisthenics; bodyweight; planche; dynamic; progression,true,Planche Lean Push-Up exercise. equipment: floor; parallettes. body position: plank. movement pattern: straight-arm-push; horizontal-push. primary muscles: front delts; pecs; triceps. secondary muscles: core; serratus; forearms. target areas: chest; front-delts; triceps; core-stability; forearms-wrists. laterality: bilateral. load type: bodyweight. training context: calisthenics; bodyweight; skill-training. visual cues: calisthenics; planche; dynamic; progression,complete,assets/workout-images/planche-lean-push-up.png,"QA pass: bottom planche-lean push-up, one figure, shoulders/chest highlighted.",,
planche-push-up,Planche Push-Up,Planche Push-Up,planche,calisthenics,bodyweight-reps,floor; parallettes,varied,horizontal-push,dynamic,bilateral,bodyweight,true,pecs; triceps; front delts,serratus; core,chest; front-delts; triceps,core-stability,shoulder; elbow; scapula; wrist,calisthenics; planche; advanced; straight-arm-strength,calisthenics; bodyweight; skill-training,calisthenics; bodyweight; planche; advanced; straight-arm-strength,true,Planche Push-Up exercise. equipment: floor; parallettes. body position: varied. movement pattern: horizontal-push. primary muscles: pecs; triceps; front delts. secondary muscles: serratus; core. target areas: chest; front-delts; triceps; core-stability. laterality: bilateral. load type: bodyweight. training context: calisthenics; bodyweight; skill-training. visual cues: calisthenics; planche; advanced; straight-arm-strength,complete,assets/workout-images/planche-push-up.png,QA passed: horizontal parallette push frame and targets,,
plank,Plank,Plank,plank,hold,hold,none,plank,core-stability,isometric,bilateral,bodyweight,true,core,,abs; core-stability,,,,quick-log,quick-log,true,Plank exercise. equipment: none. body position: plank. movement pattern: core-stability. primary muscles: core. target areas: abs; core-stability. laterality: bilateral. load type: bodyweight. training context: quick-log,complete,assets/workout-images/plank.png,"Exact 1080x1920, one figure, one movement, no text/panels/watermark, white background, and reference style match. Forearm plank posture, no-equipment setup, core emphasis, and crop are acceptable; shoulders are also highlighted but not enough to require regeneration.",,
plate-pinch-carry,Plate Pinch Carry,pinch grip carry,pinch-carry,conditioning,carry,weight-plate,standing,carry; grip,cyclical,bilateral,external,false,thumbs; forearms; grip,upper traps; core,forearms-wrists,core-stability; forearms-wrists; traps,wrist; elbow; shoulder; spine; hip; ankle,grip,gym; home,grip; gym; home,false,Plate Pinch Carry exercise. equipment: weight-plate. body position: standing. movement pattern: carry; grip. primary muscles: thumbs; forearms; grip. secondary muscles: upper traps; core. target areas: forearms-wrists; core-stability; forearms-wrists; traps. laterality: bilateral. load type: external. training context: gym; home. visual cues: grip,complete,assets/workout-images/plate-pinch-carry.png,QA passed: stride with vertical plates and pinch grip,,
plate-pinch-hold,Plate Pinch Hold,pinch grip hold,pinch-hold,strength,weighted-hold,weight-plate,standing,grip,isometric,bilateral,external,false,thumbs; forearms; grip,wrist flexors,core-stability; forearms-wrists,,wrist; elbow,grip,gym; home,grip; gym; home,true,Plate Pinch Hold exercise. equipment: weight-plate. body position: standing. movement pattern: grip. primary muscles: thumbs; forearms; grip. secondary muscles: wrist flexors. target areas: core-stability; forearms-wrists. laterality: bilateral. load type: external. training context: gym; home. visual cues: grip,complete,assets/workout-images/plate-pinch-hold.png,QA passed: static vertical plates and pinch grip,,
pogo-jump,Pogo Jump,Pogo Jump,agility-drill,conditioning,plyometric,none,varied,ankle-stiffness; jump,explosive,bilateral,bodyweight,true,quads; glute max; calves,hamstrings; core,glutes; quads,core-stability; hamstrings,hip; knee; ankle,speed; agility; reactive; athletic,speed; agility; athletic-prep,speed; agility; reactive; athletic; conditioning; plyometric,true,Pogo Jump exercise. equipment: none. body position: varied. movement pattern: ankle-stiffness; jump. primary muscles: quads; glute max; calves. secondary muscles: hamstrings; core. target areas: glutes; quads; core-stability; hamstrings. laterality: bilateral. load type: bodyweight. training context: speed; agility; athletic-prep. visual cues: speed; agility; reactive; athletic,complete,assets/workout-images/pogo-jump.png,QA passed: airborne ankle rebound and leg targets,,
preacher-curl,Preacher Curl,ez bar preacher curl; dumbbell preacher curl; machine preacher curl,curl,hypertrophy,bilateral-load,ez-bar; dumbbell; preacher-curl-bench; preacher-curl-machine,seated,elbow-flexion,dynamic,bilateral,mixed,false,biceps; brachialis,forearms,biceps,forearms-wrists,elbow; wrist,arm-isolation,gym,arm-isolation; gym,true,Preacher Curl exercise. equipment: ez-bar; dumbbell; preacher-curl-bench; preacher-curl-machine. body position: seated. movement pattern: elbow-flexion. primary muscles: biceps; brachialis. secondary muscles: forearms. target areas: biceps; forearms-wrists. laterality: bilateral. load type: mixed. training context: gym. visual cues: arm-isolation,complete,assets/workout-images/preacher-curl.png,"1080x1920. One figure, one movement, no text/panels/watermark, white background, and reference style match. Preacher bench and EZ-bar setup are accurate; seated curl posture and biceps/forearm highlighting are appropriate.",,
precision-jump,Precision Jump,Precision Jump,agility-drill,conditioning,plyometric,box; platform,varied,jump; landing; precision,explosive,bilateral,bodyweight,true,quads; glute max; calves,hamstrings; core,glutes; quads,core-stability; hamstrings,hip; knee; ankle,speed; agility; reactive; athletic,speed; agility; athletic-prep,speed; agility; reactive; athletic; conditioning; plyometric,true,Precision Jump exercise. equipment: box; platform. body position: varied. movement pattern: jump; landing; precision. primary muscles: quads; glute max; calves. secondary muscles: hamstrings; core. target areas: glutes; quads; core-stability; hamstrings. laterality: bilateral. load type: bodyweight. training context: speed; agility; athletic-prep. visual cues: speed; agility; reactive; athletic,complete,assets/workout-images/precision-jump.png,QA passed: controlled box landing and leg targets,,
press-to-handstand-negative,Press to Handstand Negative,Press to Handstand Negative,handstand,skill,bodyweight-reps,floor; wall; parallettes,inverted,inversion; overhead-push,dynamic,bilateral,bodyweight,true,front delts; triceps; upper back,core; forearms; serratus,front-delts; triceps,core-stability; forearms-wrists,shoulder; elbow; wrist; scapula,calisthenics; eccentric; press-handstand; advanced,calisthenics; bodyweight; skill-training,calisthenics; bodyweight; eccentric; press-handstand; advanced,true,Press to Handstand Negative exercise. equipment: floor; wall; parallettes. body position: inverted. movement pattern: inversion; overhead-push. primary muscles: front delts; triceps; upper back. secondary muscles: core; forearms; serratus. target areas: front-delts; triceps; core-stability; forearms-wrists. laterality: bilateral. load type: bodyweight. training context: calisthenics; bodyweight; skill-training. visual cues: calisthenics; eccentric; press-handstand; advanced,complete,assets/workout-images/press-to-handstand-negative.png,"QA pass: inverted press-negative frame, targets visible, 1080x1920.",,
pseudo-planche-lean-hold,Pseudo Planche Lean Hold,Pseudo Planche Lean Hold,planche,skill,hold,floor; parallettes,plank,straight-arm-push; horizontal-push,isometric,bilateral,bodyweight,true,front delts; pecs; triceps,core; serratus; forearms,chest; core-stability; front-delts; triceps,forearms-wrists,shoulder; elbow; wrist; scapula,calisthenics; planche; beginner; straight-arm-strength,calisthenics; bodyweight; skill-training,calisthenics; bodyweight; planche; beginner; straight-arm-strength,true,Pseudo Planche Lean Hold exercise. equipment: floor; parallettes. body position: plank. movement pattern: straight-arm-push; horizontal-push. primary muscles: front delts; pecs; triceps. secondary muscles: core; serratus; forearms. target areas: chest; core-stability; front-delts; triceps; forearms-wrists. laterality: bilateral. load type: bodyweight. training context: calisthenics; bodyweight; skill-training. visual cues: calisthenics; planche; beginner; straight-arm-strength,complete,assets/workout-images/pseudo-planche-lean-hold.png,"QA pass: straight-arm planche lean hold on parallettes, full body/equipment visible.",,
pseudo-planche-push-up,Pseudo Planche Push-Up,PPPU; planche push-up progression,push-up,skill,bodyweight-reps,none,plank,horizontal-push; core-stability,dynamic,bilateral,bodyweight,true,front delts; serratus; pecs; triceps,core; wrist flexors,chest; front-delts; triceps,core-stability; forearms-wrists,shoulder; elbow; wrist; scapula,planche-progression; gymnastics,gym; home; calisthenics-park,planche-progression; gymnastics; gym; home; calisthenics-park,true,Pseudo Planche Push-Up exercise. equipment: none. body position: plank. movement pattern: horizontal-push; core-stability. primary muscles: front delts; serratus; pecs; triceps. secondary muscles: core; wrist flexors. target areas: chest; front-delts; triceps; core-stability; forearms-wrists. laterality: bilateral. load type: bodyweight. training context: gym; home; calisthenics-park. visual cues: planche-progression; gymnastics,complete,assets/workout-images/pseudo-planche-push-up.png,"QA pass: bottom pseudo planche push-up, no equipment, full body visible.",,
pull-up,Pull-Up,Pull-Up,pull-up,strength,calisthenics,pull-up-bar,hanging,vertical-pull,dynamic,bilateral,bodyweight,true,lats; biceps,,biceps; lats,,,,quick-log,quick-log,true,Pull-Up exercise. equipment: pull-up-bar. body position: hanging. movement pattern: vertical-pull. primary muscles: lats; biceps. target areas: biceps; lats. laterality: bilateral. load type: bodyweight. training context: quick-log,complete,assets/workout-images/pull-up.png,"Exact 1080x1920, one figure, one pull-up-bar movement, no text/panels/watermark, white background, no crop issues, and reference style is consistent. Shown at the dead-hang start; lats and biceps are highlighted acceptably, though a pulled-up phase would communicate the movement better.",,
push-up,Push-Up,Push-Up,push-up,strength,calisthenics,none,plank,horizontal-push,dynamic,bilateral,bodyweight,true,pecs; triceps; front delts,,chest; front-delts; triceps,,,,quick-log,quick-log,true,Push-Up exercise. equipment: none. body position: plank. movement pattern: horizontal-push. primary muscles: pecs; triceps; front delts. target areas: chest; front-delts; triceps. laterality: bilateral. load type: bodyweight. training context: quick-log,complete,assets/workout-images/push-up.png,"Exact 1080x1920, one figure, one movement, no text/panels/watermark, white background, and reference style match. Push-up plank posture, bodyweight equipment accuracy, chest/front-delt/triceps emphasis, and crop are acceptable.",,
quad-set,Quad Set,Quad Set,therapeutic-prehab,rehab,hold,none; floor,varied,knee-extension-isometric,isometric,bilateral,bodyweight,true,quads,,core-stability; quads,,knee,rehab; prehab; therapeutic,rehab; prehab; recovery,rehab; prehab; therapeutic; hold,true,Quad Set exercise. equipment: none; floor. body position: varied. movement pattern: knee-extension-isometric. primary muscles: quads. target areas: core-stability; quads. laterality: bilateral. load type: bodyweight. training context: rehab; prehab; recovery. visual cues: rehab; prehab; therapeutic,complete,assets/workout-images/quad-set.png,QA passed: seated quad contraction with highlighted quads,,
reactive-ball-drop,Reactive Ball Drop,Reactive Ball Drop,agility-drill,conditioning,plyometric,ball; partner,varied,reaction; acceleration,explosive,bilateral,bodyweight,true,quads; glute max; calves,hamstrings; core,glutes; quads,core-stability; hamstrings,hip; knee; ankle,speed; agility; reactive; athletic,speed; agility; athletic-prep,speed; agility; reactive; athletic; conditioning; plyometric,true,Reactive Ball Drop exercise. equipment: ball; partner. body position: varied. movement pattern: reaction; acceleration. primary muscles: quads; glute max; calves. secondary muscles: hamstrings; core. target areas: glutes; quads; core-stability; hamstrings. laterality: bilateral. load type: bodyweight. training context: speed; agility; athletic-prep. visual cues: speed; agility; reactive; athletic,complete,assets/workout-images/reactive-ball-drop.png,QA pass: one-figure ball reaction and lower-body/core activation.,,
renegade-row,Renegade Row,plank row,row,mixed,unilateral-pair,dumbbell; floor,plank,horizontal-pull; anti-rotation,dynamic,unilateral,external,false,lats; abs; obliques,rear delts; triceps; glutes,abs; core-stability; lats; obliques,glutes; rear-delts; triceps,shoulder; elbow; wrist; spine,core; anti-rotation,gym; home,core; anti-rotation; gym; home,true,Renegade Row exercise. equipment: dumbbell; floor. body position: plank. movement pattern: horizontal-pull; anti-rotation. primary muscles: lats; abs; obliques. secondary muscles: rear delts; triceps; glutes. target areas: abs; core-stability; lats; obliques; glutes; rear-delts; triceps. laterality: unilateral. load type: external. training context: gym; home. visual cues: core; anti-rotation,complete,assets/workout-images/renegade-row.png,"QA pass: plank row frame, full body visible.",,
reverse-crunch,Reverse Crunch,lying reverse crunch; hip lift crunch,reverse-crunch,calisthenics,bodyweight-reps,none,lying-supine,core-flexion,dynamic,bilateral,bodyweight,true,rectus abdominis; hip flexors,obliques,abs,obliques,spine; hip,core; regression,gym; home,core; regression; gym; home,true,Reverse Crunch exercise. equipment: none. body position: lying-supine. movement pattern: core-flexion. primary muscles: rectus abdominis; hip flexors. secondary muscles: obliques. target areas: abs; obliques. laterality: bilateral. load type: bodyweight. training context: gym; home. visual cues: core; regression,complete,assets/workout-images/reverse-crunch.png,QA pass: anatomy style; correct reverse crunch frame; abs/hip flexors highlighted; no text/cropping.,priority_20_80,93
reverse-curl,Reverse Curl,barbell reverse curl; ez bar reverse curl,curl,hypertrophy,bilateral-load,barbell; ez-bar; dumbbell,standing,elbow-flexion,dynamic,bilateral,external,false,brachioradialis; forearms; wrist extensors,biceps; brachialis,forearms-wrists,biceps,elbow; wrist,arm-isolation; forearm,gym; home,arm-isolation; forearm; gym; home,true,Reverse Curl exercise. equipment: barbell; ez-bar; dumbbell. body position: standing. movement pattern: elbow-flexion. primary muscles: brachioradialis; forearms; wrist extensors. secondary muscles: biceps; brachialis. target areas: forearms-wrists; biceps. laterality: bilateral. load type: external. training context: gym; home. visual cues: arm-isolation; forearm,complete,assets/workout-images/reverse-curl.png,Pure white background and consistent reference anatomy style.,,
reverse-hyperextension,Reverse Hyperextension,reverse hyper,back-extension,rehab,machine-load,reverse-hyper-machine,supported|lying-prone,hip-extension; core-extension,dynamic,bilateral,machine-stack,false,glute max; spinal erectors,hamstrings,glutes; lower-back,hamstrings,hip; spine,posterior-chain; rehab,gym; machine-area; rehab-friendly,posterior-chain; rehab; gym; machine-area; rehab-friendly,true,Reverse Hyperextension exercise. equipment: reverse-hyper-machine. body position: supported|lying-prone. movement pattern: hip-extension; core-extension. primary muscles: glute max; spinal erectors. secondary muscles: hamstrings. target areas: glutes; lower-back; hamstrings. laterality: bilateral. load type: machine-stack. training context: gym; machine-area; rehab-friendly. visual cues: posterior-chain; rehab,complete,assets/workout-images/reverse-hyperextension.png,"QA pass: reverse-hyper machine frame, correct posterior highlights",,
reverse-lunge,Reverse Lunge,bodyweight reverse lunge,lunge,mixed,bodyweight-reps,none,standing,squat; locomotion,dynamic,unilateral,bodyweight,true,quads; glute max; adductors,hamstrings; glute med; core,adductors; glutes; quads,core-stability; hamstrings,hip; knee; ankle,single-leg,gym; home; warmup-friendly,single-leg; gym; home; warmup-friendly,true,Reverse Lunge exercise. equipment: none. body position: standing. movement pattern: squat; locomotion. primary muscles: quads; glute max; adductors. secondary muscles: hamstrings; glute med; core. target areas: adductors; glutes; quads; core-stability; hamstrings. laterality: unilateral. load type: bodyweight. training context: gym; home; warmup-friendly. visual cues: single-leg,complete,assets/workout-images/reverse-lunge.png,"Pass: reverse lunge bottom position, uncropped, quads/glutes/adductors highlighted correctly.",,
reverse-nordic,Reverse Nordic,reverse nordic curl; kneeling quad extension; Reverse Nordic,quad-extension,mobility,bodyweight-reps,none; floor; pad,kneeling,knee-extension; hip-extension,dynamic,bilateral,bodyweight,true,quads; hip flexors,core,quads,core-stability,knee; hip,mobility; quad-focus; rehab,gym; home; rehab-friendly,mobility; quad-focus; rehab; gym; home; rehab-friendly,true,Reverse Nordic exercise. equipment: none; floor; pad. body position: kneeling. movement pattern: knee-extension; hip-extension. primary muscles: quads; hip flexors. secondary muscles: core. target areas: quads; core-stability. laterality: bilateral. load type: bodyweight. training context: gym; home; rehab-friendly. visual cues: mobility; quad-focus; rehab,complete,assets/workout-images/reverse-nordic.png,"QA pass: kneeling reverse nordic lean, quads/hip flexors highlighted.",,
reverse-pec-deck,Reverse Pec Deck,rear delt machine fly; reverse pec deck; rear delt fly machine,rear-delt-fly,hypertrophy,machine-load,reverse-pec-deck-machine; rear-delt-machine,machine-seated,horizontal-pull; shoulder-horizontal-abduction,dynamic,bilateral,machine-stack,false,rear delts; mid back,rhomboids; lower traps,rear-delts; upper-back,traps,shoulder; scapula,rear-delt; rear-delt-focus,gym; machine-area,rear-delt; rear-delt-focus; gym; machine-area,true,Reverse Pec Deck exercise. equipment: reverse-pec-deck-machine; rear-delt-machine. body position: machine-seated. movement pattern: horizontal-pull; shoulder-horizontal-abduction. primary muscles: rear delts; mid back. secondary muscles: rhomboids; lower traps. target areas: rear-delts; upper-back; traps. laterality: bilateral. load type: machine-stack. training context: gym; machine-area. visual cues: rear-delt; rear-delt-focus,complete,assets/workout-images/reverse-pec-deck.png,"1080x1920; grayscale anatomy style with no colored skin; reverse pec deck machine frame, rear-delt/upper-back overlays, white background.",,
reverse-plank-hold,Reverse Plank Hold,Reverse Plank Hold,core-compression,calisthenics,hold,none; floor,floor,hip-extension; support-hold,isometric,bilateral,bodyweight,true,glute max; hamstrings; spinal erectors,triceps; rear delts,abs; core-stability; glutes; hamstrings; lower-back,rear-delts; triceps,hip; spine,calisthenics; posterior-chain; support,calisthenics; bodyweight; skill-training,calisthenics; bodyweight; posterior-chain; support,true,Reverse Plank Hold exercise. equipment: none; floor. body position: floor. movement pattern: hip-extension; support-hold. primary muscles: glute max; hamstrings; spinal erectors. secondary muscles: triceps; rear delts. target areas: abs; core-stability; glutes; hamstrings; lower-back; rear-delts; triceps. laterality: bilateral. load type: bodyweight. training context: calisthenics; bodyweight; skill-training. visual cues: calisthenics; posterior-chain; support,complete,assets/workout-images/reverse-plank-hold.png,"QA passed: reverse plank hold, posterior chain and triceps highlighted.",priority_20_80,83
reverse-wrist-curl,Reverse Wrist Curl,reverse wrist curl; wrist extension curl,wrist-extension,hypertrophy,bilateral-load,barbell; dumbbell; bench,seated,wrist-extension,dynamic,bilateral,external,false,wrist extensors; forearms,grip,forearms-wrists,,wrist; elbow,forearm,gym; home,forearm; gym; home,true,Reverse Wrist Curl exercise. equipment: barbell; dumbbell; bench. body position: seated. movement pattern: wrist-extension. primary muscles: wrist extensors; forearms. secondary muscles: grip. target areas: forearms-wrists. laterality: bilateral. load type: external. training context: gym; home. visual cues: forearm,complete,assets/workout-images/reverse-wrist-curl.png,Reference anatomy style is consistent and the seated reverse wrist curl setup with barbell and bench reads clearly.,,
right-neck-lateral-flexion,Right Neck Lateral Flexion,right neck side raise; right side neck raise; right lateral neck raise; right side-lying neck raise,neck-lateral-flexion,rehab,bodyweight-reps,bench; none,side-lying,neck-lateral-flexion,dynamic,unilateral,bodyweight,true,neck lateral flexors,upper traps,neck,traps,cervical spine,rehab; combat-sports,gym; home; rehab-friendly,rehab; combat-sports; gym; home; rehab-friendly,true,Right Neck Lateral Flexion exercise. equipment: bench; none. body position: side-lying. movement pattern: neck-lateral-flexion. primary muscles: neck lateral flexors. secondary muscles: upper traps. target areas: neck; traps. laterality: unilateral. load type: bodyweight. training context: gym; home; rehab-friendly. visual cues: rehab; combat-sports,complete,assets/workout-images/right-neck-lateral-flexion.png,"QA passed: mirrored side-lying bodyweight neck lateral flexion, neck/traps highlighted.",,
ring-archer-pull-up,Ring Archer Pull-Up,archer pull-up on rings; Ring Archer Pull-Up,pull-up,calisthenics,bodyweight-reps,rings; gymnastic-rings,hanging,vertical-pull; unilateral-pull,dynamic,bilateral,bodyweight,true,lats; biceps; forearms,mid back; rear delts; core,biceps; forearms-wrists; lats,core-stability; rear-delts; upper-back,shoulder; elbow; scapula; wrist,rings; archer; pull-up; unilateral-progression,calisthenics; rings,calisthenics; rings; bodyweight; archer; pull-up; unilateral-progression,true,Ring Archer Pull-Up exercise. equipment: rings; gymnastic-rings. body position: hanging. movement pattern: vertical-pull; unilateral-pull. primary muscles: lats; biceps; forearms. secondary muscles: mid back; rear delts; core. target areas: biceps; forearms-wrists; lats; core-stability; rear-delts; upper-back. laterality: bilateral. load type: bodyweight. training context: calisthenics; rings. visual cues: rings; archer; pull-up; unilateral-progression,complete,assets/workout-images/ring-archer-pull-up.png,"QA pass after regen: rings, archer frame, back/lats visible, 1080x1920.",,
ring-biceps-curl,Ring Biceps Curl,bodyweight ring curl; Ring Biceps Curl,biceps-curl,calisthenics,bodyweight-reps,rings; gymnastic-rings,leaning,elbow-flexion,dynamic,bilateral,bodyweight,true,biceps,forearms; front delts; core,biceps,core-stability; forearms-wrists; front-delts,shoulder; elbow; scapula; wrist,rings; biceps; bodyweight-isolation,calisthenics; rings,calisthenics; rings; bodyweight; biceps; bodyweight-isolation,true,Ring Biceps Curl exercise. equipment: rings; gymnastic-rings. body position: leaning. movement pattern: elbow-flexion. primary muscles: biceps. secondary muscles: forearms; front delts; core. target areas: biceps; core-stability; forearms-wrists; front-delts. laterality: bilateral. load type: bodyweight. training context: calisthenics; rings. visual cues: rings; biceps; bodyweight-isolation,complete,assets/workout-images/ring-biceps-curl.png,"QA pass: clear ring curl contraction, full figure, biceps/forearms emphasized.",priority_20_80,74
ring-chest-fly,Ring Chest Fly,ring fly; gymnastic ring fly; Ring Chest Fly,chest-fly,calisthenics,bodyweight-reps,rings; gymnastic-rings,plank,horizontal-adduction,dynamic,bilateral,bodyweight,true,pecs,front delts; biceps; core,chest,biceps; core-stability; front-delts,shoulder; elbow; scapula; wrist,rings; chest; straight-arm-strength; advanced,calisthenics; rings,calisthenics; rings; bodyweight; chest; straight-arm-strength; advanced,true,Ring Chest Fly exercise. equipment: rings; gymnastic-rings. body position: plank. movement pattern: horizontal-adduction. primary muscles: pecs. secondary muscles: front delts; biceps; core. target areas: chest; biceps; core-stability; front-delts. laterality: bilateral. load type: bodyweight. training context: calisthenics; rings. visual cues: rings; chest; straight-arm-strength; advanced,complete,assets/workout-images/ring-chest-fly.png,"QA passed: ring chest fly tension frame, one figure, target muscles highlighted.",priority_20_80,69
ring-chin-up,Ring Chin-Up,gymnastic ring chin-up; Ring Chin-Up,pull-up,calisthenics,bodyweight-reps,rings; gymnastic-rings,hanging,vertical-pull,dynamic,bilateral,bodyweight,true,lats; biceps; forearms,mid back; core,biceps; forearms-wrists; lats,core-stability; upper-back,shoulder; elbow; scapula; wrist,rings; chin-up; vertical-pull; bodyweight,calisthenics; rings,calisthenics; rings; bodyweight; chin-up; vertical-pull,true,Ring Chin-Up exercise. equipment: rings; gymnastic-rings. body position: hanging. movement pattern: vertical-pull. primary muscles: lats; biceps; forearms. secondary muscles: mid back; core. target areas: biceps; forearms-wrists; lats; core-stability; upper-back. laterality: bilateral. load type: bodyweight. training context: calisthenics; rings. visual cues: rings; chin-up; vertical-pull; bodyweight,complete,assets/workout-images/ring-chin-up.png,"QA passed: ring chin-up frame with appropriate lats, biceps, and forearms emphasis.",priority_20_80,18
ring-dip,Ring Dip,gymnastic ring dip; Ring Dip,dip,skill,bodyweight-reps,rings,supported,vertical-push,dynamic,bilateral,bodyweight,true,pecs; triceps; front delts,serratus; core; stabilizers,chest; triceps,core-stability,shoulder; elbow; wrist; scapula,advanced; gymnastics; stability; rings,gym; home; calisthenics-park; niche,advanced; gymnastics; stability; rings; gym; home; calisthenics-park; niche,true,Ring Dip exercise. equipment: rings. body position: supported. movement pattern: vertical-push. primary muscles: pecs; triceps; front delts. secondary muscles: serratus; core; stabilizers. target areas: chest; triceps; core-stability. laterality: bilateral. load type: bodyweight. training context: gym; home; calisthenics-park; niche. visual cues: advanced; gymnastics; stability; rings,complete,assets/workout-images/ring-dip.png,"QA pass after regen: lowered ring dip phase, full figure and rings, chest/triceps emphasis.",priority_20_80,75
ring-dip-negative,Ring Dip Negative,Ring Dip Negative,dip,calisthenics,bodyweight-reps,rings; gymnastic-rings,varied,vertical-push,dynamic,bilateral,bodyweight,true,pecs; triceps; front delts,serratus; core,chest; front-delts; triceps,core-stability,shoulder; elbow; scapula,calisthenics; rings; eccentric; dip-progression,calisthenics; bodyweight; skill-training,calisthenics; bodyweight; rings; eccentric; dip-progression,true,Ring Dip Negative exercise. equipment: rings; gymnastic-rings. body position: varied. movement pattern: vertical-push. primary muscles: pecs; triceps; front delts. secondary muscles: serratus; core. target areas: chest; front-delts; triceps; core-stability. laterality: bilateral. load type: bodyweight. training context: calisthenics; bodyweight; skill-training. visual cues: calisthenics; rings; eccentric; dip-progression,complete,assets/workout-images/ring-dip-negative.png,QA passed: lowered bent-elbow ring dip and targets,,
ring-face-pull,Ring Face Pull,Ring Face Pull,face-pull,calisthenics,bodyweight-reps,rings; gymnastic-rings,leaning,horizontal-pull; scapular-retraction,dynamic,bilateral,bodyweight,true,rear delts; mid back; lower traps,rotator cuff; biceps,rear-delts; traps; upper-back,biceps,shoulder; elbow; scapula; wrist,rings; rear-delt; scapular-control; rehab,calisthenics; rings,calisthenics; rings; bodyweight; rear-delt; scapular-control; rehab,true,Ring Face Pull exercise. equipment: rings; gymnastic-rings. body position: leaning. movement pattern: horizontal-pull; scapular-retraction. primary muscles: rear delts; mid back; lower traps. secondary muscles: rotator cuff; biceps. target areas: rear-delts; traps; upper-back; biceps. laterality: bilateral. load type: bodyweight. training context: calisthenics; rings. visual cues: rings; rear-delt; scapular-control; rehab,complete,assets/workout-images/ring-face-pull.png,"QA pass: ring face pull with high elbows, correct grip/equipment and targets.",priority_20_80,22
ring-fallout,Ring Fallout,ring fallouts; ring body saw rollout; Ring Fallout,ab-wheel-rollout,calisthenics,bodyweight-reps,rings; gymnastic-rings,plank,anti-extension; shoulder-flexion,dynamic,bilateral,bodyweight,true,abs; lats,serratus; triceps,abs; core-stability; lats,triceps,shoulder; elbow; scapula; wrist,rings; core; anti-extension; advanced,calisthenics; rings,calisthenics; rings; bodyweight; core; anti-extension; advanced,true,Ring Fallout exercise. equipment: rings; gymnastic-rings. body position: plank. movement pattern: anti-extension; shoulder-flexion. primary muscles: abs; lats. secondary muscles: serratus; triceps. target areas: abs; core-stability; lats; triceps. laterality: bilateral. load type: bodyweight. training context: calisthenics; rings. visual cues: rings; core; anti-extension; advanced,complete,assets/workout-images/ring-fallout.png,QA pass: ring fallout plank with visible rings/straps and core/lats highlighted.,,
ring-false-grip-pull-up,Ring False-Grip Pull-Up,false grip ring pull-up; Ring False-Grip Pull-Up,pull-up,calisthenics,bodyweight-reps,rings; gymnastic-rings,hanging,vertical-pull,dynamic,bilateral,bodyweight,true,lats; biceps; forearms,mid back; core,biceps; forearms-wrists; lats,core-stability; upper-back,shoulder; elbow; scapula; wrist,rings; false-grip; muscle-up-prep; pull-up,calisthenics; rings,calisthenics; rings; bodyweight; false-grip; muscle-up-prep; pull-up,true,Ring False-Grip Pull-Up exercise. equipment: rings; gymnastic-rings. body position: hanging. movement pattern: vertical-pull. primary muscles: lats; biceps; forearms. secondary muscles: mid back; core. target areas: biceps; forearms-wrists; lats; core-stability; upper-back. laterality: bilateral. load type: bodyweight. training context: calisthenics; rings. visual cues: rings; false-grip; muscle-up-prep; pull-up,complete,assets/workout-images/ring-false-grip-pull-up.png,"QA pass: false grip visible, full figure, lats/biceps/forearms emphasized.",priority_20_80,78
ring-forward-roll,Ring Forward Roll,Ring Forward Roll,rings,skill,bodyweight-reps,rings; gymnastic-rings,supported,ring-support; stability,dynamic,bilateral,bodyweight,true,pecs; triceps; lats,core; forearms; serratus,chest; lats; triceps,core-stability; forearms-wrists,shoulder; elbow; scapula; wrist,calisthenics; rings; transition; advanced,calisthenics; bodyweight; skill-training,calisthenics; bodyweight; rings; transition; advanced,true,Ring Forward Roll exercise. equipment: rings; gymnastic-rings. body position: supported. movement pattern: ring-support; stability. primary muscles: pecs; triceps; lats. secondary muscles: core; forearms; serratus. target areas: chest; lats; triceps; core-stability; forearms-wrists. laterality: bilateral. load type: bodyweight. training context: calisthenics; bodyweight; skill-training. visual cues: calisthenics; rings; transition; advanced,complete,assets/workout-images/ring-forward-roll.png,QA pass: tucked ring forward-roll frame; 1080x1920.,,
ring-hamstring-curl,Ring Hamstring Curl,supine ring hamstring curl; Ring Hamstring Curl,leg-curl,calisthenics,bodyweight-reps,rings; gymnastic-rings,lying-supine,knee-flexion; hip-extension,dynamic,bilateral,bodyweight,true,hamstrings; glute max,calves; core,glutes; hamstrings,core-stability,hip; knee,rings; hamstrings; posterior-chain,calisthenics; rings,calisthenics; rings; bodyweight; hamstrings; posterior-chain,true,Ring Hamstring Curl exercise. equipment: rings; gymnastic-rings. body position: lying-supine. movement pattern: knee-flexion; hip-extension. primary muscles: hamstrings; glute max. secondary muscles: calves; core. target areas: glutes; hamstrings; core-stability. laterality: bilateral. load type: bodyweight. training context: calisthenics; rings. visual cues: rings; hamstrings; posterior-chain,complete,assets/workout-images/ring-hamstring-curl.png,"QA passed: rings/straps visible, bridged hamstring curl frame.",priority_20_80,84
ring-l-sit-pull-up,Ring L-Sit Pull-Up,l-sit pull-up on rings; Ring L-Sit Pull-Up,pull-up,calisthenics,bodyweight-reps,rings; gymnastic-rings,hanging,vertical-pull; compression,dynamic,bilateral,bodyweight,true,lats; biceps; abs,hip flexors; forearms; core,abs; biceps; lats,core-stability; forearms-wrists,shoulder; elbow; scapula; wrist,rings; l-sit; pull-up; compression,calisthenics; rings,calisthenics; rings; bodyweight; l-sit; pull-up; compression,true,Ring L-Sit Pull-Up exercise. equipment: rings; gymnastic-rings. body position: hanging. movement pattern: vertical-pull; compression. primary muscles: lats; biceps; abs. secondary muscles: hip flexors; forearms; core. target areas: abs; biceps; lats; core-stability; forearms-wrists. laterality: bilateral. load type: bodyweight. training context: calisthenics; rings. visual cues: rings; l-sit; pull-up; compression,complete,assets/workout-images/ring-l-sit-pull-up.png,"QA passed: ring L-sit pull-up frame, one figure, target muscles highlighted.",priority_20_80,64
ring-muscle-up,Ring Muscle-Up,gymnastic ring muscle up; strict ring muscle-up; Ring Muscle-Up,muscle-up,skill,bodyweight-reps,rings,hanging,vertical-pull; vertical-push,mixed,bilateral,bodyweight,true,lats; triceps; pecs,biceps; front delts; core; stabilizers,lats; chest; triceps; biceps,core-stability,shoulder; elbow; wrist; scapula,advanced; gymnastics; rings,gym; calisthenics-park; niche,advanced; gymnastics; rings; gym; calisthenics-park; niche,true,Ring Muscle-Up exercise. equipment: rings. body position: hanging. movement pattern: vertical-pull; vertical-push. primary muscles: lats; triceps; pecs. secondary muscles: biceps; front delts; core; stabilizers. target areas: lats; chest; triceps; biceps; core-stability. laterality: bilateral. load type: bodyweight. training context: gym; calisthenics-park; niche. visual cues: advanced; gymnastics; rings,complete,assets/workout-images/ring-muscle-up.png,QA pass: clear ring turnover; 1080x1920.,,
ring-muscle-up-transition-drill,Ring Muscle-Up Transition Drill,Ring Muscle-Up Transition Drill,rings,skill,bodyweight-reps,rings; gymnastic-rings,supported,ring-support; stability,dynamic,bilateral,bodyweight,true,pecs; triceps; lats,core; forearms; serratus,chest; lats; triceps,core-stability; forearms-wrists,shoulder; elbow; scapula; wrist,calisthenics; rings; muscle-up; transition,calisthenics; bodyweight; skill-training,calisthenics; bodyweight; rings; muscle-up; transition,true,Ring Muscle-Up Transition Drill exercise. equipment: rings; gymnastic-rings. body position: supported. movement pattern: ring-support; stability. primary muscles: pecs; triceps; lats. secondary muscles: core; forearms; serratus. target areas: chest; lats; triceps; core-stability; forearms-wrists. laterality: bilateral. load type: bodyweight. training context: calisthenics; bodyweight; skill-training. visual cues: calisthenics; rings; muscle-up; transition,complete,assets/workout-images/ring-muscle-up-transition-drill.png,QA pass: floor-assisted turnover transition; 1080x1920.,,
ring-neutral-grip-pull-up,Ring Neutral-Grip Pull-Up,neutral grip ring pull-up; neutral ring pull-up; Ring Neutral-Grip Pull-Up,pull-up,calisthenics,bodyweight-reps,rings; gymnastic-rings,hanging,vertical-pull,dynamic,bilateral,bodyweight,true,lats; biceps; forearms,mid back; brachialis; core,biceps; forearms-wrists; lats,core-stability; upper-back,shoulder; elbow; scapula; wrist,rings; neutral-grip; pull-up; vertical-pull,calisthenics; rings,calisthenics; rings; bodyweight; neutral-grip; pull-up; vertical-pull,true,Ring Neutral-Grip Pull-Up exercise. equipment: rings; gymnastic-rings. body position: hanging. movement pattern: vertical-pull. primary muscles: lats; biceps; forearms. secondary muscles: mid back; brachialis; core. target areas: biceps; forearms-wrists; lats; core-stability; upper-back. laterality: bilateral. load type: bodyweight. training context: calisthenics; rings. visual cues: rings; neutral-grip; pull-up; vertical-pull,complete,assets/workout-images/ring-neutral-grip-pull-up.png,"QA pass: neutral ring grip visible, full figure, lats/biceps/forearms emphasized.",priority_20_80,79
ring-pike-push-up,Ring Pike Push-Up,Ring Pike Push-Up,pike-push-up,calisthenics,bodyweight-reps,rings; gymnastic-rings,pike,overhead-push,dynamic,bilateral,bodyweight,true,front delts; triceps; upper back,core; serratus,front-delts; triceps,core-stability,shoulder; elbow; scapula; wrist,rings; overhead-push; handstand-prep; advanced,calisthenics; rings,calisthenics; rings; bodyweight; overhead-push; handstand-prep; advanced,true,Ring Pike Push-Up exercise. equipment: rings; gymnastic-rings. body position: pike. movement pattern: overhead-push. primary muscles: front delts; triceps; upper back. secondary muscles: core; serratus. target areas: front-delts; triceps; core-stability. laterality: bilateral. load type: bodyweight. training context: calisthenics; rings. visual cues: rings; overhead-push; handstand-prep; advanced,complete,assets/workout-images/ring-pike-push-up.png,QA pass: feet-in-rings pike press; 1080x1920.,,
ring-pull-up,Ring Pull-Up,gymnastic ring pull-up; ring pullup; Ring Pull-Up,pull-up,calisthenics,bodyweight-reps,rings; gymnastic-rings,hanging,vertical-pull,dynamic,bilateral,bodyweight,true,lats; biceps; forearms,mid back; core; rear delts,biceps; forearms-wrists; lats,core-stability; rear-delts; upper-back,shoulder; elbow; scapula; wrist,rings; pull-up; vertical-pull; bodyweight,calisthenics; rings,calisthenics; rings; bodyweight; pull-up; vertical-pull,true,Ring Pull-Up exercise. equipment: rings; gymnastic-rings. body position: hanging. movement pattern: vertical-pull. primary muscles: lats; biceps; forearms. secondary muscles: mid back; core; rear delts. target areas: biceps; forearms-wrists; lats; core-stability; rear-delts; upper-back. laterality: bilateral. load type: bodyweight. training context: calisthenics; rings. visual cues: rings; pull-up; vertical-pull; bodyweight,complete,assets/workout-images/ring-pull-up.png,"QA passed: ring pull-up contraction, lats/upper-back and arm targets.",priority_20_80,65
ring-push-up,Ring Push-Up,gymnastic ring push up,push-up,skill,bodyweight-reps,rings,supported,horizontal-push,dynamic,bilateral,bodyweight,true,pecs; triceps; front delts,serratus; core; stabilizers,chest; front-delts; triceps,core-stability,shoulder; elbow; wrist; scapula,gymnastics; stability,gym; home; calisthenics-park,gymnastics; stability; gym; home; calisthenics-park,true,Ring Push-Up exercise. equipment: rings. body position: supported. movement pattern: horizontal-push. primary muscles: pecs; triceps; front delts. secondary muscles: serratus; core; stabilizers. target areas: chest; front-delts; triceps; core-stability. laterality: bilateral. load type: bodyweight. training context: gym; home; calisthenics-park. visual cues: gymnastics; stability,complete,assets/workout-images/ring-push-up.png,QA pass: deep ring push-up contraction; 1080x1920.,,
ring-reverse-fly,Ring Reverse Fly,ring rear-delt fly; ring rear delt fly; Ring Reverse Fly,rear-delt-fly,calisthenics,bodyweight-reps,rings; gymnastic-rings,leaning,shoulder-horizontal-abduction; horizontal-pull,dynamic,bilateral,bodyweight,true,rear delts; mid back,lower traps; rotator cuff,rear-delts; upper-back,traps,shoulder; elbow; scapula; wrist,rings; rear-delt; upper-back; scapular-control,calisthenics; rings,calisthenics; rings; bodyweight; rear-delt; upper-back; scapular-control,true,Ring Reverse Fly exercise. equipment: rings; gymnastic-rings. body position: leaning. movement pattern: shoulder-horizontal-abduction; horizontal-pull. primary muscles: rear delts; mid back. secondary muscles: lower traps; rotator cuff. target areas: rear-delts; upper-back; traps. laterality: bilateral. load type: bodyweight. training context: calisthenics; rings. visual cues: rings; rear-delt; upper-back; scapular-control,complete,assets/workout-images/ring-reverse-fly.png,"QA pass after regen: open T ring reverse fly, correct targets and no cropping.",priority_20_80,23
ring-rollout,Ring Rollout,ring ab rollout; Ring Rollout,ab-wheel-rollout,calisthenics,bodyweight-reps,rings; gymnastic-rings,kneeling,anti-extension; shoulder-flexion,dynamic,bilateral,bodyweight,true,abs; lats,serratus; triceps,abs; core-stability; lats,triceps,shoulder; elbow; scapula; wrist,rings; core; anti-extension; advanced,calisthenics; rings,calisthenics; rings; bodyweight; core; anti-extension; advanced,true,Ring Rollout exercise. equipment: rings; gymnastic-rings. body position: kneeling. movement pattern: anti-extension; shoulder-flexion. primary muscles: abs; lats. secondary muscles: serratus; triceps. target areas: abs; core-stability; lats; triceps. laterality: bilateral. load type: bodyweight. training context: calisthenics; rings. visual cues: rings; core; anti-extension; advanced,complete,assets/workout-images/ring-rollout.png,QA pass: kneeling extended ring rollout; 1080x1920.,,
ring-row,Ring Row,suspension row; TRX row; gymnastic ring row; Ring Row,row,calisthenics,bodyweight-reps,rings; suspension-trainer,supported,horizontal-pull,dynamic,bilateral,bodyweight,true,mid back; lats; rear delts,biceps; forearms; core,lats; rear-delts; upper-back,biceps; core-stability; forearms-wrists,shoulder; elbow; scapula; wrist,scapular-control; rings; stability,gym; home; calisthenics-park,scapular-control; rings; stability; gym; home; calisthenics-park,true,Ring Row exercise. equipment: rings; suspension-trainer. body position: supported. movement pattern: horizontal-pull. primary muscles: mid back; lats; rear delts. secondary muscles: biceps; forearms; core. target areas: lats; rear-delts; upper-back; biceps; core-stability; forearms-wrists. laterality: bilateral. load type: bodyweight. training context: gym; home; calisthenics-park. visual cues: scapular-control; rings; stability,complete,assets/workout-images/ring-row.png,"QA passed after regeneration: rear three-quarter ring row with mid-back, lats, and rear delts emphasized.",priority_20_80,20
ring-support-hold,Ring Support Hold,Ring Support Hold,dip,calisthenics,hold,rings; gymnastic-rings,varied,vertical-push,isometric,bilateral,bodyweight,true,pecs; triceps; front delts,serratus; core,chest; core-stability; front-delts; triceps,,shoulder; elbow; scapula,calisthenics; rings; support; stability,calisthenics; bodyweight; skill-training,calisthenics; bodyweight; rings; support; stability,true,Ring Support Hold exercise. equipment: rings; gymnastic-rings. body position: varied. movement pattern: vertical-push. primary muscles: pecs; triceps; front delts. secondary muscles: serratus; core. target areas: chest; core-stability; front-delts; triceps. laterality: bilateral. load type: bodyweight. training context: calisthenics; bodyweight; skill-training. visual cues: calisthenics; rings; support; stability,complete,assets/workout-images/ring-support-hold.png,QA pass: strict suspended ring support; 1080x1920.,,
ring-t-raise,Ring T-Raise,Ring T-Raise,t-raise,calisthenics,bodyweight-reps,rings; gymnastic-rings,leaning,shoulder-horizontal-abduction,dynamic,bilateral,bodyweight,true,rear delts; mid back,lower traps; rotator cuff; core,rear-delts; upper-back,core-stability; traps,shoulder; elbow; scapula; wrist,rings; rear-delt; scapular-control; rehab,calisthenics; rings,calisthenics; rings; bodyweight; rear-delt; scapular-control; rehab,true,Ring T-Raise exercise. equipment: rings; gymnastic-rings. body position: leaning. movement pattern: shoulder-horizontal-abduction. primary muscles: rear delts; mid back. secondary muscles: lower traps; rotator cuff; core. target areas: rear-delts; upper-back; core-stability; traps. laterality: bilateral. load type: bodyweight. training context: calisthenics; rings. visual cues: rings; rear-delt; scapular-control; rehab,complete,assets/workout-images/ring-t-raise.png,"QA passed: rear-view ring T raise, posterior shoulder/back targets.",priority_20_80,89
ring-triceps-extension,Ring Triceps Extension,Ring Triceps Extension,triceps-extension,calisthenics,bodyweight-reps,rings; gymnastic-rings,varied,elbow-extension,dynamic,bilateral,bodyweight,true,triceps,pecs; core,triceps,chest; core-stability,shoulder; elbow; scapula; wrist,calisthenics; rings; triceps; bodyweight-isolation,calisthenics; bodyweight; skill-training,calisthenics; bodyweight; rings; triceps; bodyweight-isolation,true,Ring Triceps Extension exercise. equipment: rings; gymnastic-rings. body position: varied. movement pattern: elbow-extension. primary muscles: triceps. secondary muscles: pecs; core. target areas: triceps; chest; core-stability. laterality: bilateral. load type: bodyweight. training context: calisthenics; bodyweight; skill-training. visual cues: calisthenics; rings; triceps; bodyweight-isolation,complete,assets/workout-images/ring-triceps-extension.png,QA pass: bent-elbow ring extension; 1080x1920.,,
ring-turnout-support-hold,Ring Turnout Support Hold,Ring Turnout Support Hold,dip,calisthenics,hold,rings; gymnastic-rings,varied,vertical-push,isometric,bilateral,bodyweight,true,pecs; triceps; front delts,serratus; core,chest; core-stability; front-delts; triceps,,shoulder; elbow; scapula,calisthenics; rings; rto; support; advanced,calisthenics; bodyweight; skill-training,calisthenics; bodyweight; rings; rto; support; advanced,true,Ring Turnout Support Hold exercise. equipment: rings; gymnastic-rings. body position: varied. movement pattern: vertical-push. primary muscles: pecs; triceps; front delts. secondary muscles: serratus; core. target areas: chest; core-stability; front-delts; triceps. laterality: bilateral. load type: bodyweight. training context: calisthenics; bodyweight; skill-training. visual cues: calisthenics; rings; rto; support; advanced,complete,assets/workout-images/ring-turnout-support-hold.png,QA pass: full turnout support apparatus; 1080x1920.,,
ring-typewriter-pull-up,Ring Typewriter Pull-Up,typewriter pull-up on rings; Ring Typewriter Pull-Up,pull-up,calisthenics,bodyweight-reps,rings; gymnastic-rings,hanging,vertical-pull; unilateral-pull,dynamic,bilateral,bodyweight,true,lats; biceps; forearms,mid back; rear delts; core,biceps; forearms-wrists; lats,core-stability; rear-delts; upper-back,shoulder; elbow; scapula; wrist,rings; typewriter; pull-up; advanced,calisthenics; rings,calisthenics; rings; bodyweight; typewriter; pull-up; advanced,true,Ring Typewriter Pull-Up exercise. equipment: rings; gymnastic-rings. body position: hanging. movement pattern: vertical-pull; unilateral-pull. primary muscles: lats; biceps; forearms. secondary muscles: mid back; rear delts; core. target areas: biceps; forearms-wrists; lats; core-stability; rear-delts; upper-back. laterality: bilateral. load type: bodyweight. training context: calisthenics; rings. visual cues: rings; typewriter; pull-up; advanced,complete,assets/workout-images/ring-typewriter-pull-up.png,"QA passed: typewriter ring pull-up frame, one figure, target muscles highlighted.",priority_20_80,66
ring-y-raise,Ring Y-Raise,Ring Y-Raise,y-raise,calisthenics,bodyweight-reps,rings; gymnastic-rings,leaning,shoulder-flexion; scapular-upward-rotation,dynamic,bilateral,bodyweight,true,lower traps; rear delts,rotator cuff; core,rear-delts; traps,core-stability,shoulder; elbow; scapula; wrist,rings; lower-trap; scapular-control; rehab,calisthenics; rings,calisthenics; rings; bodyweight; lower-trap; scapular-control; rehab,true,Ring Y-Raise exercise. equipment: rings; gymnastic-rings. body position: leaning. movement pattern: shoulder-flexion; scapular-upward-rotation. primary muscles: lower traps; rear delts. secondary muscles: rotator cuff; core. target areas: rear-delts; traps; core-stability. laterality: bilateral. load type: bodyweight. training context: calisthenics; rings. visual cues: rings; lower-trap; scapular-control; rehab,complete,assets/workout-images/ring-y-raise.png,"QA passed after regen: rear-view ring Y raise, lower-trap/rear-delt targets.",priority_20_80,90
rope-climb,Rope Climb,rope climb wrapping; basket rope climb,rope-climb,skill,bodyweight-reps,climbing-rope,hanging,vertical-pull; climb,dynamic,bilateral,bodyweight,true,lats; biceps; forearms,mid back; abs; adductors,biceps; forearms-wrists; lats,abs; adductors; upper-back,shoulder; elbow; scapula; wrist; hip,grip; gymnastics; climb,gym; crossfit-box; calisthenics-park,grip; gymnastics; climb; gym; crossfit-box; calisthenics-park,true,Rope Climb exercise. equipment: climbing-rope. body position: hanging. movement pattern: vertical-pull; climb. primary muscles: lats; biceps; forearms. secondary muscles: mid back; abs; adductors. target areas: biceps; forearms-wrists; lats; abs; adductors; upper-back. laterality: bilateral. load type: bodyweight. training context: gym; crossfit-box; calisthenics-park. visual cues: grip; gymnastics; climb,complete,assets/workout-images/rope-climb.png,QA passed: clear rope foot lock and pull targets,,
rope-hammer-curl,Rope Hammer Curl,cable hammer curl,curl,hypertrophy,cable-load,cable-machine; rope-handle,standing,elbow-flexion,dynamic,bilateral,cable-stack,false,brachialis; brachioradialis,biceps; forearms,biceps,forearms-wrists,elbow; wrist,constant-tension; forearm-focus,gym; cable-station,constant-tension; forearm-focus; gym; cable-station,true,Rope Hammer Curl exercise. equipment: cable-machine; rope-handle. body position: standing. movement pattern: elbow-flexion. primary muscles: brachialis; brachioradialis. secondary muscles: biceps; forearms. target areas: biceps; forearms-wrists. laterality: bilateral. load type: cable-stack. training context: gym; cable-station. visual cues: constant-tension; forearm-focus,complete,assets/workout-images/rope-hammer-curl.png,"Final targeted edit accepted: rope hammer-curl setup with brachialis/brachioradialis-forward emphasis, full machine visible, white background, 1080x1920.",,
rope-overhead-triceps-extension,Rope Overhead Triceps Extension,cable overhead extension; rope overhead triceps extension; Overhead Cable Triceps Extension,triceps-extension,hypertrophy,cable-load,cable; rope; cable-machine; rope-handle,standing,elbow-extension,dynamic,bilateral,cable-stack,false,triceps,front delts,triceps,front-delts,elbow; shoulder,long-head-triceps; constant-tension,gym; cable-area; cable-station,long-head-triceps; constant-tension; gym; cable-area; cable-station,true,Rope Overhead Triceps Extension exercise. equipment: cable; rope; cable-machine; rope-handle. body position: standing. movement pattern: elbow-extension. primary muscles: triceps. secondary muscles: front delts. target areas: triceps; front-delts. laterality: bilateral. load type: cable-stack. training context: gym; cable-area; cable-station. visual cues: long-head-triceps; constant-tension,complete,assets/workout-images/rope-overhead-triceps-extension.png,"1080x1920; grayscale anatomy style with no colored skin; rope overhead triceps extension, cable/rope visible, white background, target overlays only.",,
rotational-medicine-ball-toss,Rotational Medicine Ball Toss,rotational med ball throw; rotational wall toss,med-ball-throw,conditioning,plyometric,medicine-ball; wall,standing,rotation,explosive,bilateral,external,false,obliques; glute max; serratus,front delts; adductors,glutes; obliques,adductors; front-delts,spine; hip; shoulder,explosive; sport,gym; field; niche,explosive; sport; gym; field; niche,true,Rotational Medicine Ball Toss exercise. equipment: medicine-ball; wall. body position: standing. movement pattern: rotation. primary muscles: obliques; glute max; serratus. secondary muscles: front delts; adductors. target areas: glutes; obliques; adductors; front-delts. laterality: bilateral. load type: external. training context: gym; field; niche. visual cues: explosive; sport,complete,assets/workout-images/rotational-medicine-ball-toss.png,QA pass: rotational throw frame with medicine ball and wall cue visible.,,
row-erg,Row Erg,rowing machine; indoor rower; row ergometer; erg row; concept2 rowerg; indoor row; Row Erg,row-erg,cardio,cardio-live,row-erg,seated,horizontal-pull; hinge; locomotion,cyclical,bilateral,none,false,quads; glute max; lats; mid back,hamstrings; biceps; core,,glutes; lats; quads; upper-back,hip; knee; ankle; shoulder; elbow; spine,erg; endurance; full-body,gym; cardio; crossfit-box,erg; endurance; full-body; gym; cardio; crossfit-box,true,Row Erg exercise. equipment: row-erg. body position: seated. movement pattern: horizontal-pull; hinge; locomotion. primary muscles: quads; glute max; lats; mid back. secondary muscles: hamstrings; biceps; core. target areas: glutes; lats; quads; upper-back. laterality: bilateral. load type: none. training context: gym; cardio; crossfit-box. visual cues: erg; endurance; full-body,complete,assets/workout-images/row-erg.png,QA pass: anatomy style; clear row erg setup and grip; back/arms/core/legs highlighted; no text/cropping.,priority_20_80,96
rucking,Ruck,weighted hike; ruck march,rucking,cardio,cardio-live,outdoor; weight-vest; ruck,standing,locomotion,cyclical,bilateral,bodyweight-plus-external,true,glute max; calves; quads,hamstrings; traps; cardiorespiratory system,,glutes; quads,hip; knee; ankle; spine; shoulder,endurance; loaded,outdoor; cardio; conditioning,endurance; loaded; outdoor; cardio; conditioning,false,Ruck exercise. equipment: outdoor; weight-vest; ruck. body position: standing. movement pattern: locomotion. primary muscles: glute max; calves; quads. secondary muscles: hamstrings; traps; cardiorespiratory system. target areas: glutes; quads. laterality: bilateral. load type: bodyweight-plus-external. training context: outdoor; cardio; conditioning. visual cues: endurance; loaded,complete,assets/workout-images/rucking.png,QA passed: loaded walking stride and leg targets,,
run,Run,Run,running,cardio,cardio-live,none,,locomotion,,bilateral,none,false,cardiorespiratory system,,,,,,quick-log,quick-log,true,Run exercise. equipment: none. movement pattern: locomotion. primary muscles: cardiorespiratory system. laterality: bilateral. load type: none. training context: quick-log,complete,assets/workout-images/run.png,QA passed: clear mid-stride running frame,,
russian-dip,Russian Dip,Russian Dip,dip,calisthenics,bodyweight-reps,parallel-bars,varied,vertical-push,dynamic,bilateral,bodyweight,true,pecs; triceps; front delts,serratus; core,chest; front-delts; triceps,core-stability,shoulder; elbow; scapula,calisthenics; transition; muscle-up-prep; advanced,calisthenics; bodyweight; skill-training,calisthenics; bodyweight; transition; muscle-up-prep; advanced,true,Russian Dip exercise. equipment: parallel-bars. body position: varied. movement pattern: vertical-push. primary muscles: pecs; triceps; front delts. secondary muscles: serratus; core. target areas: chest; front-delts; triceps; core-stability. laterality: bilateral. load type: bodyweight. training context: calisthenics; bodyweight; skill-training. visual cues: calisthenics; transition; muscle-up-prep; advanced,complete,assets/workout-images/russian-dip.png,QA passed: forearm-supported bar transition,,
russian-twist,Russian Twist,weighted russian twist; bodyweight russian twist,russian-twist,conditioning,other,none; plate; medicine-ball; dumbbell,seated,rotation,dynamic,alternating,mixed,true,obliques; rectus abdominis,hip flexors; serratus,abs; obliques,,spine; hip,core; rotation,gym; home,core; rotation; gym; home,true,Russian Twist exercise. equipment: none; plate; medicine-ball; dumbbell. body position: seated. movement pattern: rotation. primary muscles: obliques; rectus abdominis. secondary muscles: hip flexors; serratus. target areas: abs; obliques. laterality: alternating. load type: mixed. training context: gym; home. visual cues: core; rotation,complete,assets/workout-images/russian-twist.png,"QA pass: rotation frame with ball, obliques/abs highlighted.",,
sandbag-bear-hug-carry,Sandbag Bear Hug Carry,bear hug carry; Sandbag Bear Hug Carry,bear-hug-carry,conditioning,carry,sandbag,standing,carry,cyclical,bilateral,external,false,upper back; biceps; core,glute max; forearms; calves,forearms-wrists,biceps; core-stability; forearms-wrists; glutes,spine; shoulder; elbow; hip; ankle,strongman; conditioning; odd-object,gym; home; niche; conditioning,strongman; conditioning; odd-object; gym; home; niche,false,Sandbag Bear Hug Carry exercise. equipment: sandbag. body position: standing. movement pattern: carry. primary muscles: upper back; biceps; core. secondary muscles: glute max; forearms; calves. target areas: forearms-wrists; biceps; core-stability; forearms-wrists; glutes. laterality: bilateral. load type: external. training context: gym; home; niche; conditioning. visual cues: strongman; conditioning; odd-object,complete,assets/workout-images/sandbag-bear-hug-carry.png,QA passed: clear carry and upper back targets,,
scapular-cars,Scapular CARs,scapular controlled articular rotations; Scapular CARs,mobility-drill,mobility,mobility,none; floor,varied,scapular-control,controlled,bilateral,bodyweight,true,serratus; lower traps,,,traps,scapula,mobility; stretch,mobility; stretch; warmup,mobility; stretch,true,Scapular CARs exercise. equipment: none; floor. body position: varied. movement pattern: scapular-control. primary muscles: serratus; lower traps. target areas: traps. laterality: bilateral. load type: bodyweight. training context: mobility; stretch; warmup. visual cues: mobility; stretch,complete,assets/workout-images/scapular-cars.png,QA pass: quadruped scapular control and serratus/lower-trap activation.,,
scapular-pull-up,Scapular Pull-Up,scap pull up; scap depression pull up; active shoulder shrug hang; Scapular Pull-Up,scapular-pull-up,rehab,bodyweight-reps,pull-up-bar,hanging,scapular-control; vertical-pull,dynamic,bilateral,bodyweight,true,lower traps; lats; serratus,forearms; rotator cuff,lats; traps,forearms-wrists,scapula; shoulder; wrist,scapular-control; rehab,gym; home; calisthenics-park; rehab-friendly; warmup-friendly,scapular-control; rehab; gym; home; calisthenics-park; rehab-friendly; warmup-friendly,true,Scapular Pull-Up exercise. equipment: pull-up-bar. body position: hanging. movement pattern: scapular-control; vertical-pull. primary muscles: lower traps; lats; serratus. secondary muscles: forearms; rotator cuff. target areas: lats; traps; forearms-wrists. laterality: bilateral. load type: bodyweight. training context: gym; home; calisthenics-park; rehab-friendly; warmup-friendly. visual cues: scapular-control; rehab,complete,assets/workout-images/scapular-pull-up.png,"QA passed: active scapular hang, full figure/bar, lat/trap overlays.",priority_20_80,6
scapular-push-up,Scapular Push-Up,push-up plus; scap push-up,scapular-push-up,rehab,bodyweight-reps,floor,plank,scapular-control; horizontal-push,dynamic,bilateral,bodyweight,true,serratus,pecs; triceps; abs,,abs; chest; triceps,scapula; shoulder; wrist,scapular-control; rehab,home; gym; rehab-friendly; warmup-friendly,scapular-control; rehab; home; gym; rehab-friendly; warmup-friendly,true,Scapular Push-Up exercise. equipment: floor. body position: plank. movement pattern: scapular-control; horizontal-push. primary muscles: serratus. secondary muscles: pecs; triceps; abs. target areas: abs; chest; triceps. laterality: bilateral. load type: bodyweight. training context: home; gym; rehab-friendly; warmup-friendly. visual cues: scapular-control; rehab,complete,assets/workout-images/scapular-push-up.png,QA pass: straight-arm scapular push-up plank with serratus emphasis.,,
scapular-wall-slide,Scapular Wall Slide,Scapular Wall Slide,mobility-drill,mobility,mobility,wall,varied,mobility,dynamic,bilateral,bodyweight,true,lower traps; serratus,upper back; core,,traps,shoulder; scapula,calisthenics; shoulder-prep; scapula,calisthenics; bodyweight; skill-training,calisthenics; bodyweight; shoulder-prep; scapula,true,Scapular Wall Slide exercise. equipment: wall. body position: varied. movement pattern: mobility. primary muscles: lower traps; serratus. secondary muscles: upper back; core. target areas: traps. laterality: bilateral. load type: bodyweight. training context: calisthenics; bodyweight; skill-training. visual cues: calisthenics; shoulder-prep; scapula,complete,assets/workout-images/scapular-wall-slide.png,QA passed: wall contact and scapular targets,,
seal-row,Seal Row,barbell seal row; prone seal row,row,strength,bilateral-load,barbell; seal-row-bench,lying-prone,horizontal-pull,dynamic,bilateral,external,false,mid back; lats; rear delts,biceps; forearms; rhomboids,lats; rear-delts; upper-back,biceps; forearms-wrists,shoulder; elbow; scapula,strict-row,gym; free-weights; niche,strict-row; gym; free-weights; niche,true,Seal Row exercise. equipment: barbell; seal-row-bench. body position: lying-prone. movement pattern: horizontal-pull. primary muscles: mid back; lats; rear delts. secondary muscles: biceps; forearms; rhomboids. target areas: lats; rear-delts; upper-back; biceps; forearms-wrists. laterality: bilateral. load type: external. training context: gym; free-weights; niche. visual cues: strict-row,complete,assets/workout-images/seal-row.png,"Posture, seal-row bench setup, and barbell position clearly communicate a seal row / horizontal pull.",,
seated-cable-row,Seated Cable Row,cable row; low row; Seated Cable Row,row,hypertrophy,cable-load,cable; row-handle; cable-machine; seated-row; close-grip-handle,seated,horizontal-pull,dynamic,bilateral,cable-stack,false,mid back; lats; rear delts,biceps; rhomboids; forearms,lats; rear-delts; upper-back,biceps; forearms-wrists,shoulder; elbow; scapula,back-thickness; constant-tension,gym; cable-area; cable-station,back-thickness; constant-tension; gym; cable-area; cable-station,true,Seated Cable Row exercise. equipment: cable; row-handle; cable-machine; seated-row; close-grip-handle. body position: seated. movement pattern: horizontal-pull. primary muscles: mid back; lats; rear delts. secondary muscles: biceps; rhomboids; forearms. target areas: lats; rear-delts; upper-back; biceps; forearms-wrists. laterality: bilateral. load type: cable-stack. training context: gym; cable-area; cable-station. visual cues: back-thickness; constant-tension,complete,assets/workout-images/seated-cable-row.png,"Exact 1080x1920, one figure, one seated cable row setup, no text/panels/watermark, white background, and reference style is consistent. Equipment and posture are recognizable; image shows the arms-extended start position, with acceptable back/biceps/forearm target emphasis.",,
seated-cable-row-straight-bar,Seated Cable Row (Straight Bar),straight bar cable row; medium grip cable row; overhand seated cable row; pronated cable row,row,hypertrophy,cable-load,cable; straight-bar; cable-machine; seated-row,seated,horizontal-pull,dynamic,bilateral,cable-stack,false,mid back; lats; rear delts,biceps; brachialis; forearms; rhomboids,lats; rear-delts; upper-back,biceps; forearms-wrists,shoulder; elbow; scapula; wrist,back-thickness; constant-tension; pronated-grip,gym; cable-area; cable-station,back-thickness; constant-tension; pronated-grip; gym; cable-area; cable-station,true,Seated Cable Row (Straight Bar) exercise. equipment: cable; straight-bar; cable-machine; seated-row. body position: seated. movement pattern: horizontal-pull. primary muscles: mid back; lats; rear delts. secondary muscles: biceps; brachialis; forearms; rhomboids. target areas: lats; rear-delts; upper-back; biceps; forearms-wrists. laterality: bilateral. load type: cable-stack. training context: gym; cable-area; cable-station. visual cues: back-thickness; constant-tension; pronated-grip,complete,assets/workout-images/seated-cable-row-straight-bar.png,Exercise identity is clear: the subject is using an unmistakable straight bar with both hands on a seated cable row station.,,
seated-cable-row-v-grip,Seated Cable Row (V-Grip),v grip cable row; close grip cable row; close-grip seated cable row; v-bar seated cable row; small v grip cable row,row,hypertrophy,cable-load,cable; row-handle; cable-machine; seated-row; v-grip-handle; close-grip-handle,seated,horizontal-pull,dynamic,bilateral,cable-stack,false,lats; mid back,biceps; rhomboids; forearms; rear delts,lats; upper-back,biceps; forearms-wrists; rear-delts,shoulder; elbow; scapula,back-thickness; lat-focus; constant-tension; close-grip,gym; cable-area; cable-station,back-thickness; lat-focus; constant-tension; close-grip; gym; cable-area; cable-station,true,Seated Cable Row (V-Grip) exercise. equipment: cable; row-handle; cable-machine; seated-row; v-grip-handle; close-grip-handle. body position: seated. movement pattern: horizontal-pull. primary muscles: lats; mid back. secondary muscles: biceps; rhomboids; forearms; rear delts. target areas: lats; upper-back; biceps; forearms-wrists; rear-delts. laterality: bilateral. load type: cable-stack. training context: gym; cable-area; cable-station. visual cues: back-thickness; lat-focus; constant-tension; close-grip,complete,assets/workout-images/seated-cable-row-v-grip.png,"QA approved after replacement: rear three-quarter V-grip cable row with back-dominant lat, mid-back, and rear-delt emphasis.",,
seated-cable-row-wide-grip,Seated Cable Row (Wide Grip),wide grip cable row; wide-grip seated cable row; wide bar cable row; wide handle seated row,row,hypertrophy,cable-load,cable; wide-row-handle; cable-machine; seated-row; wide-grip-handle,seated,horizontal-pull,dynamic,bilateral,cable-stack,false,mid back; rear delts; lats,rhomboids; lower traps; biceps; forearms,upper-back; rear-delts; lats,biceps; forearms-wrists; traps,shoulder; elbow; scapula,back-thickness; rear-delt-focus; upper-back-focus; constant-tension; wide-grip,gym; cable-area; cable-station,back-thickness; rear-delt-focus; upper-back-focus; constant-tension; wide-grip; gym; cable-area; cable-station,true,Seated Cable Row (Wide Grip) exercise. equipment: cable; wide-row-handle; cable-machine; seated-row; wide-grip-handle. body position: seated. movement pattern: horizontal-pull. primary muscles: mid back; rear delts; lats. secondary muscles: rhomboids; lower traps; biceps; forearms. target areas: upper-back; rear-delts; lats; biceps; forearms-wrists; traps. laterality: bilateral. load type: cable-stack. training context: gym; cable-area; cable-station. visual cues: back-thickness; rear-delt-focus; upper-back-focus; constant-tension; wide-grip,complete,assets/workout-images/seated-cable-row-wide-grip.png,Anatomy style matches the reference batch and clearly depicts a seated horizontal cable row with a wide-grip row handle.,,
seated-calf-raise-machine,Seated Calf Raise Machine,seated calf raise; machine seated calf raise,calf-raise,hypertrophy,machine-load,calf-raise-machine; seated-calf-raise-machine,machine-seated,calf,dynamic,bilateral,machine-stack,false,soleus,gastrocnemius; intrinsic foot muscles,calves,,ankle,lower-leg; calf-isolation,gym; machine-area,lower-leg; calf-isolation; gym; machine-area,true,Seated Calf Raise Machine exercise. equipment: calf-raise-machine; seated-calf-raise-machine. body position: machine-seated. movement pattern: calf. primary muscles: soleus. secondary muscles: gastrocnemius; intrinsic foot muscles. target areas: calves. laterality: bilateral. load type: machine-stack. training context: gym; machine-area. visual cues: lower-leg; calf-isolation,complete,assets/workout-images/seated-calf-raise-machine.png,"1080x1920, one figure, one movement, no text/panels/watermark, white background, and reference style match. Regeneration fixes the prior equipment issue with visible seated calf raise mechanics including thigh pad and foot platform, no crop issues, and accurate calf highlighting.",,
seated-dumbbell-shoulder-press,Seated Dumbbell Shoulder Press,seated db shoulder press; seated dumbbell overhead press,overhead-press,hypertrophy,dumbbell-pair,dumbbell; upright-bench,seated,vertical-push,dynamic,bilateral,external,false,front delts; triceps,upper chest; lateral delts,front-delts; triceps,chest; lats; side-delts,shoulder; elbow; wrist,overhead,gym; free-weights; home,overhead; gym; free-weights; home,true,Seated Dumbbell Shoulder Press exercise. equipment: dumbbell; upright-bench. body position: seated. movement pattern: vertical-push. primary muscles: front delts; triceps. secondary muscles: upper chest; lateral delts. target areas: front-delts; triceps; chest; lats; side-delts. laterality: bilateral. load type: external. training context: gym; free-weights; home. visual cues: overhead,complete,assets/workout-images/seated-dumbbell-shoulder-press.png,"Passes re-QA. The prior failure notes appear corrected: the background now reads clean white in practice, and the activation emphasis is centered on front delts and triceps with upper chest kept secondary. Full body, bench, and dumbbells are visible and the movement is clear.",,
seated-leg-curl,Seated Leg Curl,hamstring curl seated; machine seated hamstring curl; Seated Leg Curl,leg-curl,hypertrophy,machine-load,leg-curl-machine; seated-leg-curl-machine,machine-seated,knee-flexion,dynamic,bilateral,machine-stack,false,hamstrings,calves,hamstrings,,knee; hip,hamstring-isolation,gym; machine-area,hamstring-isolation; gym; machine-area,true,Seated Leg Curl exercise. equipment: leg-curl-machine; seated-leg-curl-machine. body position: machine-seated. movement pattern: knee-flexion. primary muscles: hamstrings. secondary muscles: calves. target areas: hamstrings. laterality: bilateral. load type: machine-stack. training context: gym; machine-area. visual cues: hamstring-isolation,complete,assets/workout-images/seated-leg-curl.png,1080x1920. Clean single figure on white background with seated leg curl machine. Regeneration fixes the target-muscle issue by emphasizing hamstrings rather than quads; equipment and seated knee-flexion posture are accurate.,,
seated-pike-leg-lift,Seated Pike Leg Lift,pike compression lift; Seated Pike Leg Lift,l-sit,skill,bodyweight-reps,floor,supported,compression; support-hold,dynamic,bilateral,bodyweight,true,abs; hip flexors; triceps,quads; forearms; front delts,abs; core-stability; triceps,forearms-wrists; front-delts; quads,hip; shoulder; elbow; spine,calisthenics; compression; pike; l-sit-prep,calisthenics; bodyweight; skill-training,calisthenics; bodyweight; compression; pike; l-sit-prep,true,Seated Pike Leg Lift exercise. equipment: floor. body position: supported. movement pattern: compression; support-hold. primary muscles: abs; hip flexors; triceps. secondary muscles: quads; forearms; front delts. target areas: abs; core-stability; triceps; forearms-wrists; front-delts; quads. laterality: bilateral. load type: bodyweight. training context: calisthenics; bodyweight; skill-training. visual cues: calisthenics; compression; pike; l-sit-prep,complete,assets/workout-images/seated-pike-leg-lift.png,"QA pass: single figure, seated pike lift frame, core/hip-flexor highlight, clean frame.",,
seated-row-machine,Seated Row Machine,plate loaded row machine; machine row,row,hypertrophy,machine-load,seated-row-machine,machine-seated,horizontal-pull,dynamic,bilateral,machine-stack,false,lats; mid back,rear delts; biceps; forearms,lats; upper-back,biceps; forearms-wrists; rear-delts,shoulder; elbow; scapula,machine-guided,gym; machine-area,machine-guided; gym; machine-area,true,Seated Row Machine exercise. equipment: seated-row-machine. body position: machine-seated. movement pattern: horizontal-pull. primary muscles: lats; mid back. secondary muscles: rear delts; biceps; forearms. target areas: lats; upper-back; biceps; forearms-wrists; rear-delts. laterality: bilateral. load type: machine-stack. training context: gym; machine-area. visual cues: machine-guided,complete,assets/workout-images/seated-row-machine.png,"1080x1920 PNG; single figure on pure white background; one seated row contraction frame with visible machine/handles,...",,
seated-straddle-leg-lift,Seated Straddle Leg Lift,straddle compression lift; Seated Straddle Leg Lift,l-sit,skill,bodyweight-reps,floor,supported,compression; support-hold,dynamic,bilateral,bodyweight,true,abs; hip flexors; triceps,quads; forearms; front delts,abs; core-stability; triceps,forearms-wrists; front-delts; quads,hip; shoulder; elbow; spine,calisthenics; compression; straddle; l-sit-prep,calisthenics; bodyweight; skill-training,calisthenics; bodyweight; compression; straddle; l-sit-prep,true,Seated Straddle Leg Lift exercise. equipment: floor. body position: supported. movement pattern: compression; support-hold. primary muscles: abs; hip flexors; triceps. secondary muscles: quads; forearms; front delts. target areas: abs; core-stability; triceps; forearms-wrists; front-delts; quads. laterality: bilateral. load type: bodyweight. training context: calisthenics; bodyweight; skill-training. visual cues: calisthenics; compression; straddle; l-sit-prep,complete,assets/workout-images/seated-straddle-leg-lift.png,"QA pass: single figure, seated straddle lift frame, core/hip-flexor highlight, clean frame.",,
serratus-wall-slide,Serratus Wall Slide,wall slide; foam roller wall slide,wall-slide,rehab,bodyweight-reps,wall; foam-roller; band,standing,scapular-control; shoulder-flexion,dynamic,bilateral,mixed,false,serratus; lower traps,rotator cuff; front delts,traps,front-delts,shoulder; scapula,rehab; scapular-control,gym; home; rehab-friendly; warmup-friendly,rehab; scapular-control; gym; home; rehab-friendly; warmup-friendly,true,Serratus Wall Slide exercise. equipment: wall; foam-roller; band. body position: standing. movement pattern: scapular-control; shoulder-flexion. primary muscles: serratus; lower traps. secondary muscles: rotator cuff; front delts. target areas: traps; front-delts. laterality: bilateral. load type: mixed. training context: gym; home; rehab-friendly; warmup-friendly. visual cues: rehab; scapular-control,complete,assets/workout-images/serratus-wall-slide.png,QA pass: wall slide with roller/band and serratus activation.,,
shoulder-cars,Shoulder CARs,shoulder controlled articular rotations; Shoulder CARs,mobility-drill,mobility,mobility,none; floor,varied,shoulder-circles,controlled,bilateral,bodyweight,true,shoulders; rotator cuff,,,,shoulder; scapula,mobility; stretch,mobility; stretch; warmup,mobility; stretch,true,Shoulder CARs exercise. equipment: none; floor. body position: varied. movement pattern: shoulder-circles. primary muscles: shoulders; rotator cuff. laterality: bilateral. load type: bodyweight. training context: mobility; stretch; warmup. visual cues: mobility; stretch,complete,assets/workout-images/shoulder-cars.png,QA pass: clear Shoulder CAR frame with deltoid activation.,,
shoulder-dislocate,Shoulder Dislocate,Shoulder Dislocate,mobility-drill,mobility,mobility,stick; band,varied,mobility,dynamic,bilateral,bodyweight,true,shoulders; pecs,upper back; core,,chest,shoulder; scapula,calisthenics; shoulder-mobility; skin-the-cat-prep,calisthenics; bodyweight; skill-training,calisthenics; bodyweight; shoulder-mobility; skin-the-cat-prep,true,Shoulder Dislocate exercise. equipment: stick; band. body position: varied. movement pattern: mobility. primary muscles: shoulders; pecs. secondary muscles: upper back; core. target areas: chest. laterality: bilateral. load type: bodyweight. training context: calisthenics; bodyweight; skill-training. visual cues: calisthenics; shoulder-mobility; skin-the-cat-prep,complete,assets/workout-images/shoulder-dislocate.png,QA passed: behind-head mobility range,,
shoulder-internal-rotation,Shoulder Internal Rotation,Shoulder Internal Rotation,therapeutic-prehab,rehab,bodyweight-reps,resistance-band; cable,varied,shoulder-internal-rotation,controlled,unilateral,bodyweight,true,rotator cuff,,,,shoulder,rehab; prehab; therapeutic,rehab; prehab; recovery,rehab; prehab; therapeutic; bodyweight-reps,true,Shoulder Internal Rotation exercise. equipment: resistance-band; cable. body position: varied. movement pattern: shoulder-internal-rotation. primary muscles: rotator cuff. laterality: unilateral. load type: bodyweight. training context: rehab; prehab; recovery. visual cues: rehab; prehab; therapeutic,complete,assets/workout-images/shoulder-internal-rotation.png,"QA pass: cable internal rotation, rotator cuff target clear.",,
shoulder-press-machine,Shoulder Press Machine,machine overhead press,overhead-press,hypertrophy,machine-load,shoulder-press-machine,machine-seated,vertical-push,dynamic,bilateral,machine-stack,false,front delts; triceps,lateral delts; upper chest,front-delts; triceps,chest; lats; side-delts,shoulder; elbow; wrist,machine-guided; overhead,gym; machine-area,machine-guided; overhead; gym; machine-area,true,Shoulder Press Machine exercise. equipment: shoulder-press-machine. body position: machine-seated. movement pattern: vertical-push. primary muscles: front delts; triceps. secondary muscles: lateral delts; upper chest. target areas: front-delts; triceps; chest; lats; side-delts. laterality: bilateral. load type: machine-stack. training context: gym; machine-area. visual cues: machine-guided; overhead,complete,assets/workout-images/shoulder-press-machine.png,"Pass: seated machine shoulder press frame, front-delts/triceps emphasis correct.",,
shrimp-squat,Shrimp Squat,rear foot grab squat,single-leg-squat,skill,bodyweight-reps,none,standing,squat,dynamic,unilateral,bodyweight,true,quads; glute max,glute med; core; calves,glutes; quads,core-stability,hip; knee; ankle,advanced; single-leg,home; calisthenics-park; niche,advanced; single-leg; home; calisthenics-park; niche,true,Shrimp Squat exercise. equipment: none. body position: standing. movement pattern: squat. primary muscles: quads; glute max. secondary muscles: glute med; core; calves. target areas: glutes; quads; core-stability. laterality: unilateral. load type: bodyweight. training context: home; calisthenics-park; niche. visual cues: advanced; single-leg,complete,assets/workout-images/shrimp-squat.png,"QA pass after regen: single-leg shrimp squat with rear leg bent, correct targets.",priority_20_80,24
shuttle-run,Shuttle Run,suicide run; beep test shuttle; suicides; beep test shuttles; Shuttle Run,shuttle-run,conditioning,cardio-manual,cones; none; cone; line-markers,standing,locomotion,cyclical,alternating,bodyweight,true,quads; glute max; calves,hamstrings; adductors; core,,glutes; quads,hip; knee; ankle,speed; agility; conditioning,gym; field; cardio,speed; agility; conditioning; gym; field; cardio,true,Shuttle Run exercise. equipment: cones; none; cone; line-markers. body position: standing. movement pattern: locomotion. primary muscles: quads; glute max; calves. secondary muscles: hamstrings; adductors; core. target areas: glutes; quads. laterality: alternating. load type: bodyweight. training context: gym; field; cardio. visual cues: speed; agility; conditioning,complete,assets/workout-images/shuttle-run.png,QA passed: low cone turn and leg targets,,
side-plank,Side Plank,side bridge; Side Plank,side-plank,mixed,hold,none; floor,side-lying,anti-lateral-flexion; core-stability,isometric,unilateral,bodyweight,true,obliques; glute med,serratus; adductors,abs; core-stability; glutes; obliques,adductors,spine; shoulder; hip,core; rehab; beginner,gym; home; rehab-friendly; warmup-friendly,core; rehab; beginner; gym; home; rehab-friendly; warmup-friendly,true,Side Plank exercise. equipment: none; floor. body position: side-lying. movement pattern: anti-lateral-flexion; core-stability. primary muscles: obliques; glute med. secondary muscles: serratus; adductors. target areas: abs; core-stability; glutes; obliques; adductors. laterality: unilateral. load type: bodyweight. training context: gym; home; rehab-friendly; warmup-friendly. visual cues: core; rehab; beginner,complete,assets/workout-images/side-plank.png,QA pass: anatomy style; correct side plank hold; obliques/core highlighted; no text/cropping.,priority_20_80,94
side-lying-hip-abduction,Side-Lying Hip Abduction,Side-Lying Hip Abduction,therapeutic-prehab,rehab,bodyweight-reps,none; mini-band,varied,hip-abduction,controlled,unilateral,bodyweight,true,glute med,,glutes,,hip,rehab; prehab; therapeutic,rehab; prehab; recovery,rehab; prehab; therapeutic; bodyweight-reps,true,Side-Lying Hip Abduction exercise. equipment: none; mini-band. body position: varied. movement pattern: hip-abduction. primary muscles: glute med. target areas: glutes. laterality: unilateral. load type: bodyweight. training context: rehab; prehab; recovery. visual cues: rehab; prehab; therapeutic,complete,assets/workout-images/side-lying-hip-abduction.png,QA pass: raised-leg mini-band abduction; lateral glute visible; 1080x1920.,,
single-arm-cable-overhead-triceps-extension,Single-Arm Cable Overhead Triceps Extension,one arm cable overhead triceps extension; single arm overhead cable extension; one-handed cable overhead extension,triceps-extension,hypertrophy,cable-load,cable; cable-machine; d-handle; single-handle,standing,elbow-extension,dynamic,unilateral,cable-stack,false,triceps,front delts; abs,triceps,abs; front-delts,elbow; shoulder; wrist,long-head-triceps; unilateral; constant-tension; arm-isolation,gym; cable-area; cable-station,long-head-triceps; unilateral; constant-tension; arm-isolation; gym; cable-area; cable-station,true,Single-Arm Cable Overhead Triceps Extension exercise. equipment: cable; cable-machine; d-handle; single-handle. body position: standing. movement pattern: elbow-extension. primary muscles: triceps. secondary muscles: front delts; abs. target areas: triceps; abs; front-delts. laterality: unilateral. load type: cable-stack. training context: gym; cable-area; cable-station. visual cues: long-head-triceps; unilateral; constant-tension; arm-isolation,complete,assets/workout-images/single-arm-cable-overhead-triceps-extension.png,1080x1920; one figure; one-arm overhead cable triceps extension with cable machine and D-handle; triceps emphasis cle...,,
single-arm-cable-press,Single-Arm Cable Press,one arm cable press,bench-press,mixed,cable-load,cable-machine; d-handle,standing|split-stance,horizontal-push; anti-rotation,dynamic,unilateral,cable-stack,false,pecs; triceps; front delts,serratus; obliques,chest; core-stability; front-delts; triceps,obliques,shoulder; elbow; wrist; spine,anti-rotation; unilateral,gym; cable-station,anti-rotation; unilateral; gym; cable-station,true,Single-Arm Cable Press exercise. equipment: cable-machine; d-handle. body position: standing|split-stance. movement pattern: horizontal-push; anti-rotation. primary muscles: pecs; triceps; front delts. secondary muscles: serratus; obliques. target areas: chest; core-stability; front-delts; triceps; obliques. laterality: unilateral. load type: cable-stack. training context: gym; cable-station. visual cues: anti-rotation; unilateral,complete,assets/workout-images/single-arm-cable-press.png,Reference anatomy style is consistent and the standing split-stance cable press posture reads clearly.,,
single-arm-cable-row,Single-Arm Cable Row,one arm cable row,row,hypertrophy,cable-load,cable-machine; d-handle,standing|seated,horizontal-pull,dynamic,unilateral,cable-stack,false,lats; mid back,rear delts; biceps; obliques,lats; upper-back,biceps; obliques; rear-delts,shoulder; elbow; scapula; spine,unilateral; constant-tension,gym; cable-station,unilateral; constant-tension; gym; cable-station,true,Single-Arm Cable Row exercise. equipment: cable-machine; d-handle. body position: standing|seated. movement pattern: horizontal-pull. primary muscles: lats; mid back. secondary muscles: rear delts; biceps; obliques. target areas: lats; upper-back; biceps; obliques; rear-delts. laterality: unilateral. load type: cable-stack. training context: gym; cable-station. visual cues: unilateral; constant-tension,complete,assets/workout-images/single-arm-cable-row.png,"Passes re-QA. The earlier ambiguity is fixed: the stance, unilateral handle use, elbow path, and cable line now read clearly as a horizontal single-arm cable row. Muscle emphasis on lats and upper back is appropriate, and the full figure and cable station remain inside frame.",,
single-arm-dumbbell-overhead-triceps-extension,Single-Arm Dumbbell Overhead Triceps Extension,one arm dumbbell overhead triceps extension; single arm db overhead triceps extension; one-handed dumbbell overhead extension,triceps-extension,hypertrophy,unilateral-load,dumbbell,seated|standing,elbow-extension,dynamic,unilateral,external,false,triceps,abs; front delts,triceps,abs; front-delts,elbow; shoulder; wrist,long-head-triceps; unilateral; arm-isolation,gym; free-weights; home,long-head-triceps; unilateral; arm-isolation; gym; free-weights; home,true,Single-Arm Dumbbell Overhead Triceps Extension exercise. equipment: dumbbell. body position: seated|standing. movement pattern: elbow-extension. primary muscles: triceps. secondary muscles: abs; front delts. target areas: triceps; abs; front-delts. laterality: unilateral. load type: external. training context: gym; free-weights; home. visual cues: long-head-triceps; unilateral; arm-isolation,complete,assets/workout-images/single-arm-dumbbell-overhead-triceps-extension.png,"QA pass after retry: bent-elbow overhead triceps frame, full dumbbell visible.",priority_20_80,38
single-arm-kettlebell-overhead-press,Single-Arm Kettlebell Overhead Press,kb strict press; single arm kb press,overhead-press,strength,unilateral-pair,kettlebell,standing,vertical-push,dynamic,unilateral,external,false,front delts; triceps,lateral delts; abs; serratus,front-delts; triceps,abs; lats; side-delts,shoulder; elbow; wrist; spine,overhead; grip,gym; home,overhead; grip; gym; home,true,Single-Arm Kettlebell Overhead Press exercise. equipment: kettlebell. body position: standing. movement pattern: vertical-push. primary muscles: front delts; triceps. secondary muscles: lateral delts; abs; serratus. target areas: front-delts; triceps; abs; lats; side-delts. laterality: unilateral. load type: external. training context: gym; home. visual cues: overhead; grip,complete,assets/workout-images/single-arm-kettlebell-overhead-press.png,"QA passed: unilateral kettlebell press, full body/equipment, target muscles.",priority_20_80,67
single-arm-reverse-pec-deck,Single-Arm Reverse Pec Deck,one arm reverse pec deck; single arm rear delt machine fly; one arm rear delt machine fly; side seated reverse pec deck; sideways reverse pec deck,rear-delt-fly,hypertrophy,machine-load,reverse-pec-deck-machine; rear-delt-machine; pec-deck-machine,machine-seated-sideways,horizontal-pull; shoulder-horizontal-abduction,dynamic,unilateral,machine-stack,false,rear delts; mid back,rhomboids; lower traps; rotator cuff,rear-delts; upper-back,traps,shoulder; scapula,rear-delt; rear-delt-focus; unilateral; machine-guided,gym; machine-area,rear-delt; rear-delt-focus; unilateral; machine-guided; gym; machine-area,true,Single-Arm Reverse Pec Deck exercise. equipment: reverse-pec-deck-machine; rear-delt-machine; pec-deck-machine. body position: machine-seated-sideways. movement pattern: horizontal-pull; shoulder-horizontal-abduction. primary muscles: rear delts; mid back. secondary muscles: rhomboids; lower traps; rotator cuff. target areas: rear-delts; upper-back; traps. laterality: unilateral. load type: machine-stack. training context: gym; machine-area. visual cues: rear-delt; rear-delt-focus; unilateral; machine-guided,complete,assets/workout-images/single-arm-reverse-pec-deck.png,"QA pass after regen: one-arm reverse pec deck, rear delt/mid-back highlighted, white background.",,
single-arm-seated-cable-row,Single-Arm Seated Cable Row,one arm seated cable row; single handle seated cable row; one-handed seated cable row,row,hypertrophy,cable-load,cable-machine; seated-row; d-handle; single-handle,seated,horizontal-pull,dynamic,unilateral,cable-stack,false,lats; mid back,rear delts; biceps; obliques; forearms,lats; upper-back,biceps; forearms-wrists; obliques; rear-delts,shoulder; elbow; scapula; spine,unilateral; lat-focus; constant-tension,gym; cable-area; cable-station,unilateral; lat-focus; constant-tension; gym; cable-area; cable-station,true,Single-Arm Seated Cable Row exercise. equipment: cable-machine; seated-row; d-handle; single-handle. body position: seated. movement pattern: horizontal-pull. primary muscles: lats; mid back. secondary muscles: rear delts; biceps; obliques; forearms. target areas: lats; upper-back; biceps; forearms-wrists; obliques; rear-delts. laterality: unilateral. load type: cable-stack. training context: gym; cable-area; cable-station. visual cues: unilateral; lat-focus; constant-tension,complete,assets/workout-images/single-arm-seated-cable-row.png,"Exercise identity is now correct: exactly one arm is rowing a single D-handle, and the non-working arm is not holding the handle.",,
single-leg-balance-eyes-closed,Single-Leg Balance Eyes Closed,Single-Leg Balance Eyes Closed,balance-drill,skill,hold,none,varied,balance; stability,isometric,unilateral,bodyweight,true,glute max; quads; calves,core; glute med,core-stability; glutes; quads,,hip; knee; ankle,balance; stability; proprioception,balance; stability; athletic-prep,balance; stability; proprioception; skill; hold,true,Single-Leg Balance Eyes Closed exercise. equipment: none. body position: varied. movement pattern: balance; stability. primary muscles: glute max; quads; calves. secondary muscles: core; glute med. target areas: core-stability; glutes; quads. laterality: unilateral. load type: bodyweight. training context: balance; stability; athletic-prep. visual cues: balance; stability; proprioception,complete,assets/workout-images/single-leg-balance-eyes-closed.png,"QA passed: eyes-closed balance pose, clean anatomy style, target muscles correct.",,
single-leg-calf-raise,Single-Leg Calf Raise,one leg calf raise,calf-raise,calisthenics,bodyweight-reps,step; none,standing,calf,dynamic,unilateral,bodyweight,true,gastrocnemius; soleus,glute med; tibialis posterior,calves,glutes,ankle; hip,unilateral; balance,home; gym,unilateral; balance; home; gym,true,Single-Leg Calf Raise exercise. equipment: step; none. body position: standing. movement pattern: calf. primary muscles: gastrocnemius; soleus. secondary muscles: glute med; tibialis posterior. target areas: calves; glutes. laterality: unilateral. load type: bodyweight. training context: home; gym. visual cues: unilateral; balance,complete,assets/workout-images/single-leg-calf-raise.png,"QA pass: single-leg calf raise on step, working calf highlighted, clean framing.",,
single-leg-calf-raise-hold,Single-Leg Calf Raise Hold,Single-Leg Calf Raise Hold,balance-drill,skill,hold,none,varied,plantar-flexion; balance,isometric,unilateral,bodyweight,true,calves,core; glute med,core-stability,glutes,hip; knee; ankle,balance; stability; proprioception,balance; stability; athletic-prep,balance; stability; proprioception; skill; hold,true,Single-Leg Calf Raise Hold exercise. equipment: none. body position: varied. movement pattern: plantar-flexion; balance. primary muscles: calves. secondary muscles: core; glute med. target areas: core-stability; glutes. laterality: unilateral. load type: bodyweight. training context: balance; stability; athletic-prep. visual cues: balance; stability; proprioception,complete,assets/workout-images/single-leg-calf-raise-hold.png,"QA pass: top single-leg calf raise hold, working calf highlighted, clean framing.",,
single-leg-dumbbell-romanian-deadlift,Single-Leg Dumbbell Romanian Deadlift,single leg db rdl; single leg romanian deadlift,hinge,mixed,unilateral-pair,dumbbell,standing,hinge; balance,dynamic,unilateral,external,false,hamstrings; glute max; glute med,spinal erectors; forearms; abs,glutes; hamstrings; lower-back,abs; forearms-wrists,hip; spine; knee; ankle,unilateral; balance,gym; free-weights; home,unilateral; balance; gym; free-weights; home,true,Single-Leg Dumbbell Romanian Deadlift exercise. equipment: dumbbell. body position: standing. movement pattern: hinge; balance. primary muscles: hamstrings; glute max; glute med. secondary muscles: spinal erectors; forearms; abs. target areas: glutes; hamstrings; lower-back; abs; forearms-wrists. laterality: unilateral. load type: external. training context: gym; free-weights; home. visual cues: unilateral; balance,complete,assets/workout-images/single-leg-dumbbell-romanian-deadlift.png,"QA pass: single-leg hinge frame, dumbbells visible, hamstrings/glutes highlighted.",,
single-leg-hop-and-stick,Single-Leg Hop and Stick,Single-Leg Hop and Stick,balance-drill,skill,bodyweight-reps,none,varied,hop; landing; balance,explosive,unilateral,bodyweight,true,glute max; quads; calves,core; glute med,glutes; quads,core-stability,hip; knee; ankle,balance; stability; landing,balance; stability; athletic-prep,balance; stability; landing; skill; bodyweight-reps,true,Single-Leg Hop and Stick exercise. equipment: none. body position: varied. movement pattern: hop; landing; balance. primary muscles: glute max; quads; calves. secondary muscles: core; glute med. target areas: glutes; quads; core-stability. laterality: unilateral. load type: bodyweight. training context: balance; stability; athletic-prep. visual cues: balance; stability; landing,complete,assets/workout-images/single-leg-hop-and-stick.png,"QA passed: hop-and-stick landing frame, clean anatomy style, target muscles correct.",,
single-leg-pallof-press,Single-Leg Pallof Press,Single-Leg Pallof Press,pallof-press,skill,bodyweight-reps,cable; resistance-band,varied,anti-rotation; balance,controlled,unilateral,bodyweight,true,obliques; abs,glute max; shoulders,abs; core-stability; obliques,glutes,hip; knee; ankle,balance; stability; proprioception,balance; stability; athletic-prep,balance; stability; proprioception; skill; bodyweight-reps,true,Single-Leg Pallof Press exercise. equipment: cable; resistance-band. body position: varied. movement pattern: anti-rotation; balance. primary muscles: obliques; abs. secondary muscles: glute max; shoulders. target areas: abs; core-stability; obliques; glutes. laterality: unilateral. load type: bodyweight. training context: balance; stability; athletic-prep. visual cues: balance; stability; proprioception,complete,assets/workout-images/single-leg-pallof-press.png,"QA pass: single figure, cable anti-rotation balance, core/oblique highlight, clean frame.",,
sissy-squat,Sissy Squat,bodyweight sissy squat,sissy-squat,skill,bodyweight-reps,none,standing,knee-extension,dynamic,bilateral,bodyweight,true,quads; rectus femoris,hip flexors; calves,quads,,knee; hip; ankle,quad-focus; advanced,gym; home; niche,quad-focus; advanced; gym; home; niche,true,Sissy Squat exercise. equipment: none. body position: standing. movement pattern: knee-extension. primary muscles: quads; rectus femoris. secondary muscles: hip flexors; calves. target areas: quads. laterality: bilateral. load type: bodyweight. training context: gym; home; niche. visual cues: quad-focus; advanced,complete,assets/workout-images/sissy-squat.png,"QA passed: sissy squat working frame, quad emphasis, no text/cropping.",priority_20_80,55
sissy-squat-machine,Sissy Squat Machine,machine sissy squat,sissy-squat,hypertrophy,machine-load,sissy-squat-machine,supported,knee-extension,dynamic,bilateral,machine-stack,false,quads; rectus femoris,hip flexors,quads,,knee; hip,quad-focus; machine,gym; machine-area; niche,quad-focus; machine; gym; machine-area; niche,true,Sissy Squat Machine exercise. equipment: sissy-squat-machine. body position: supported. movement pattern: knee-extension. primary muscles: quads; rectus femoris. secondary muscles: hip flexors. target areas: quads. laterality: bilateral. load type: machine-stack. training context: gym; machine-area; niche. visual cues: quad-focus; machine,complete,assets/workout-images/sissy-squat-machine.png,"QA pass after regen: sissy squat machine pads/platform, quad-dominant frame.",priority_20_80,29
sit-up,Sit-Up,abmat sit-up; bodyweight sit-up,sit-up,calisthenics,bodyweight-reps,floor; abmat,lying-supine,core-flexion,dynamic,bilateral,bodyweight,true,rectus abdominis; hip flexors,obliques,abs,,spine; hip,beginner,home; gym; warmup-friendly,beginner; home; gym; warmup-friendly,true,Sit-Up exercise. equipment: floor; abmat. body position: lying-supine. movement pattern: core-flexion. primary muscles: rectus abdominis; hip flexors. secondary muscles: obliques. target areas: abs. laterality: bilateral. load type: bodyweight. training context: home; gym; warmup-friendly. visual cues: beginner,complete,assets/workout-images/sit-up.png,QA pass: mid-crunch with AbMat; abs visible; 1080x1920.,,
skater-hop,Skater Hop,Skater Hop,agility-drill,conditioning,plyometric,none,varied,lateral-hop; single-leg,explosive,bilateral,bodyweight,true,quads; glute max; calves,hamstrings; core,glutes; quads,core-stability; hamstrings,hip; knee; ankle,speed; agility; reactive; athletic,speed; agility; athletic-prep,speed; agility; reactive; athletic; conditioning; plyometric,true,Skater Hop exercise. equipment: none. body position: varied. movement pattern: lateral-hop; single-leg. primary muscles: quads; glute max; calves. secondary muscles: hamstrings; core. target areas: glutes; quads; core-stability; hamstrings. laterality: bilateral. load type: bodyweight. training context: speed; agility; athletic-prep. visual cues: speed; agility; reactive; athletic,complete,assets/workout-images/skater-hop.png,"QA passed: lateral skater-hop frame, clean anatomy style, target muscles correct.",,
skater-hop-and-stick,Skater Hop and Stick,Skater Hop and Stick,balance-drill,skill,bodyweight-reps,none,varied,lateral-hop; landing; balance,explosive,unilateral,bodyweight,true,glute max; quads; calves,core; glute med,glutes; quads,core-stability,hip; knee; ankle,balance; stability; landing,balance; stability; athletic-prep,balance; stability; landing; skill; bodyweight-reps,true,Skater Hop and Stick exercise. equipment: none. body position: varied. movement pattern: lateral-hop; landing; balance. primary muscles: glute max; quads; calves. secondary muscles: core; glute med. target areas: glutes; quads; core-stability. laterality: unilateral. load type: bodyweight. training context: balance; stability; athletic-prep. visual cues: balance; stability; landing,complete,assets/workout-images/skater-hop-and-stick.png,QA passed: single-leg lateral landing,,
ski-erg,Ski Erg,ski ergometer; ski machine; skierg; concept2 skierg; Ski Erg,ski-erg,cardio,cardio-live,ski-erg,standing,vertical-pull; hinge; locomotion,cyclical,bilateral,none,false,lats; triceps; rectus abdominis,glute max; hamstrings; shoulders,,abs; lats; triceps,shoulder; elbow; spine; hip; ankle,erg; endurance; full-body,gym; cardio; crossfit-box,erg; endurance; full-body; gym; cardio; crossfit-box,true,Ski Erg exercise. equipment: ski-erg. body position: standing. movement pattern: vertical-pull; hinge; locomotion. primary muscles: lats; triceps; rectus abdominis. secondary muscles: glute max; hamstrings; shoulders. target areas: abs; lats; triceps. laterality: bilateral. load type: none. training context: gym; cardio; crossfit-box. visual cues: erg; endurance; full-body,complete,assets/workout-images/ski-erg.png,"QA pass: SkiErg pull frame with full machine, cords, handles, and body visible.",,
skin-the-cat,Skin the Cat,german hang transition,skin-the-cat,skill,bodyweight-reps,rings; pull-up-bar,hanging,shoulder-extension; core-stability,dynamic,bilateral,bodyweight,true,lats; biceps; shoulders,abs; grip; front delts,biceps; lats,abs; forearms-wrists; front-delts,shoulder; elbow; wrist; scapula; spine,gymnastics; mobility; tendon-prep,gym; calisthenics-park; niche,gymnastics; mobility; tendon-prep; gym; calisthenics-park; niche,true,Skin the Cat exercise. equipment: rings; pull-up-bar. body position: hanging. movement pattern: shoulder-extension; core-stability. primary muscles: lats; biceps; shoulders. secondary muscles: abs; grip; front delts. target areas: biceps; lats; abs; forearms-wrists; front-delts. laterality: bilateral. load type: bodyweight. training context: gym; calisthenics-park; niche. visual cues: gymnastics; mobility; tendon-prep,complete,assets/workout-images/skin-the-cat.png,QA pass: single inverted rings frame; clean anatomy; 1080x1920.,,
skin-the-cat-negative,Skin-the-Cat Negative,Skin-the-Cat Negative,rings,skill,bodyweight-reps,rings; gymnastic-rings,supported,ring-support; stability,dynamic,bilateral,bodyweight,true,pecs; triceps; lats,core; forearms; serratus,chest; lats; triceps,core-stability; forearms-wrists,shoulder; elbow; scapula; wrist,calisthenics; rings; eccentric; skin-the-cat,calisthenics; bodyweight; skill-training,calisthenics; bodyweight; rings; eccentric; skin-the-cat,true,Skin-the-Cat Negative exercise. equipment: rings; gymnastic-rings. body position: supported. movement pattern: ring-support; stability. primary muscles: pecs; triceps; lats. secondary muscles: core; forearms; serratus. target areas: chest; lats; triceps; core-stability; forearms-wrists. laterality: bilateral. load type: bodyweight. training context: calisthenics; bodyweight; skill-training. visual cues: calisthenics; rings; eccentric; skin-the-cat,complete,assets/workout-images/skin-the-cat-negative.png,QA pass: controlled ring inversion with core and upper-body activation.,,
sled-backward-drag,Sled Backward Drag,reverse sled drag; backward sled pull; backwards sled pull; Backward Sled Drag,sled-drag,conditioning,sled,sled; harness; strap; turf,standing,locomotion; knee-extension,cyclical,bilateral,external,false,quads; VMO,glute max; calves; core,quads,core-stability; glutes,knee; hip; ankle,rehab; conditioning; rehab-friendly,gym; turf; rehab-friendly; field; conditioning,rehab; conditioning; rehab-friendly; gym; turf; field,false,Sled Backward Drag exercise. equipment: sled; harness; strap; turf. body position: standing. movement pattern: locomotion; knee-extension. primary muscles: quads; VMO. secondary muscles: glute max; calves; core. target areas: quads; core-stability; glutes. laterality: bilateral. load type: external. training context: gym; turf; rehab-friendly; field; conditioning. visual cues: rehab; conditioning; rehab-friendly,complete,assets/workout-images/sled-backward-drag.png,QA pass: complete sled and taut harness in backward stride; 1080x1920.,,
sled-push,Sled Push,prowler push; sled drive; Sled Push,sled-push,conditioning,sled,sled; plates; turf,standing,locomotion; squat,cyclical,bilateral,external,false,quads; glute max; calves,core; triceps; shoulders,glutes; quads,core-stability; triceps,hip; knee; ankle; shoulder,conditioning; team-sport; hyrox,gym; turf; cardio; conditioning,conditioning; team-sport; hyrox; gym; turf; cardio,false,Sled Push exercise. equipment: sled; plates; turf. body position: standing. movement pattern: locomotion; squat. primary muscles: quads; glute max; calves. secondary muscles: core; triceps; shoulders. target areas: glutes; quads; core-stability; triceps. laterality: bilateral. load type: external. training context: gym; turf; cardio; conditioning. visual cues: conditioning; team-sport; hyrox,complete,assets/workout-images/sled-push.png,"QA passed: loaded sled push in low drive frame with quads, glutes, and calves emphasized.",priority_20_80,19
sled-sprint,Sled Sprint,resisted sprint sled,sled-sprint,conditioning,sled,sled; harness; turf,standing,locomotion,explosive,bilateral,external,false,glute max; hamstrings; quads,calves; core,glutes; hamstrings; quads,core-stability,hip; knee; ankle,explosive; speed,gym; field; turf; niche,explosive; speed; gym; field; turf; niche,false,Sled Sprint exercise. equipment: sled; harness; turf. body position: standing. movement pattern: locomotion. primary muscles: glute max; hamstrings; quads. secondary muscles: calves; core. target areas: glutes; hamstrings; quads; core-stability. laterality: bilateral. load type: external. training context: gym; field; turf; niche. visual cues: explosive; speed,complete,assets/workout-images/sled-sprint.png,QA passed: low sled push and leg targets,,
smith-machine-bench-press,Smith Machine Bench Press,smith bench press,bench-press,hypertrophy,bilateral-load,smith-machine; flat-bench,lying-supine,horizontal-push,dynamic,bilateral,external,false,pecs; triceps; front delts,serratus,chest; front-delts; triceps,,shoulder; elbow; wrist,machine-guided,gym; machine-area,machine-guided; gym; machine-area,true,Smith Machine Bench Press exercise. equipment: smith-machine; flat-bench. body position: lying-supine. movement pattern: horizontal-push. primary muscles: pecs; triceps; front delts. secondary muscles: serratus. target areas: chest; front-delts; triceps. laterality: bilateral. load type: external. training context: gym; machine-area. visual cues: machine-guided,complete,assets/workout-images/smith-machine-bench-press.png,"1080x1920. One figure, one movement, no text/panels/watermark, white background, and reference style match. Smith machine, flat bench, supine press posture, and chest/front-delt/triceps highlighting are accurate.",,
smith-machine-calf-raise,Smith Machine Calf Raise,smith standing calf raise,calf-raise,hypertrophy,bilateral-load,smith-machine; block,standing,calf,dynamic,bilateral,external,false,gastrocnemius; soleus,tibialis posterior,calves,,ankle,calf-focus,gym; machine-area,calf-focus; gym; machine-area,true,Smith Machine Calf Raise exercise. equipment: smith-machine; block. body position: standing. movement pattern: calf. primary muscles: gastrocnemius; soleus. secondary muscles: tibialis posterior. target areas: calves. laterality: bilateral. load type: external. training context: gym; machine-area. visual cues: calf-focus,complete,assets/workout-images/smith-machine-calf-raise.png,"1080x1920. One figure, one movement, no text/panels/watermark, white background, and reference style match. Smith machine, shoulder-supported bar, raised block, plantar-flexed posture, and calf highlighting are accurate.",,
smith-machine-hip-thrust,Smith Machine Hip Thrust,smith hip thrust; Smith Machine Hip Thrust,hip-thrust,hypertrophy,machine-load,smith-machine; bench,supported,hinge,dynamic,bilateral,external,false,glute max,hamstrings; adductors,glutes; lower-back,adductors; hamstrings,hip; spine,smith-machine; glute-focus; machine-guided,gym; machine-area,smith-machine; glute-focus; machine-guided; gym; machine-area,true,Smith Machine Hip Thrust exercise. equipment: smith-machine; bench. body position: supported. movement pattern: hinge. primary muscles: glute max. secondary muscles: hamstrings; adductors. target areas: glutes; lower-back; adductors; hamstrings. laterality: bilateral. load type: external. training context: gym; machine-area. visual cues: smith-machine; glute-focus; machine-guided,complete,assets/workout-images/smith-machine-hip-thrust.png,"QA passed: smith hip thrust frame, full machine/bench, glute emphasis.",priority_20_80,2
smith-machine-incline-bench-press,Smith Machine Incline Bench Press,smith incline bench,bench-press,hypertrophy,bilateral-load,smith-machine; incline-bench,incline,horizontal-push,dynamic,bilateral,external,false,upper chest; front delts; triceps,serratus,chest; front-delts; triceps,,shoulder; elbow; wrist,machine-guided; upper-chest,gym; machine-area,machine-guided; upper-chest; gym; machine-area,true,Smith Machine Incline Bench Press exercise. equipment: smith-machine; incline-bench. body position: incline. movement pattern: horizontal-push. primary muscles: upper chest; front delts; triceps. secondary muscles: serratus. target areas: chest; front-delts; triceps. laterality: bilateral. load type: external. training context: gym; machine-area. visual cues: machine-guided; upper-chest,complete,assets/workout-images/smith-machine-incline-bench-press.png,"1080x1920. One figure, one movement, no text/panels/watermark, white background, and reference style match. Smith machine, incline bench, incline press posture, and upper-chest/front-delt/triceps highlighting are appropriate.",,
smith-machine-romanian-deadlift,Smith Machine Romanian Deadlift,smith rdl,hinge,hypertrophy,bilateral-load,smith-machine,standing,hinge,dynamic,bilateral,external,false,hamstrings; glute max; spinal erectors,forearms; abs,glutes; hamstrings; lower-back,abs; forearms-wrists,hip; spine; knee,machine-guided; posterior-chain,gym; machine-area,machine-guided; posterior-chain; gym; machine-area,true,Smith Machine Romanian Deadlift exercise. equipment: smith-machine. body position: standing. movement pattern: hinge. primary muscles: hamstrings; glute max; spinal erectors. secondary muscles: forearms; abs. target areas: glutes; hamstrings; lower-back; abs; forearms-wrists. laterality: bilateral. load type: external. training context: gym; machine-area. visual cues: machine-guided; posterior-chain,complete,assets/workout-images/smith-machine-romanian-deadlift.png,Existing 1080x1920 PNG found and linked during coverage audit.,,
smith-machine-shoulder-press,Smith Machine Shoulder Press,smith overhead press,overhead-press,hypertrophy,bilateral-load,smith-machine; bench,seated,vertical-push,dynamic,bilateral,external,false,front delts; triceps,upper chest; lateral delts,front-delts; triceps,chest; lats; side-delts,shoulder; elbow; wrist,machine-guided; overhead,gym; machine-area,machine-guided; overhead; gym; machine-area,true,Smith Machine Shoulder Press exercise. equipment: smith-machine; bench. body position: seated. movement pattern: vertical-push. primary muscles: front delts; triceps. secondary muscles: upper chest; lateral delts. target areas: front-delts; triceps; chest; lats; side-delts. laterality: bilateral. load type: external. training context: gym; machine-area. visual cues: machine-guided; overhead,complete,assets/workout-images/smith-machine-shoulder-press.png,QA approved: seated smith shoulder press with front-delt/triceps emphasis.,,
smith-machine-split-squat,Smith Machine Split Squat,smith split squat; smith bulgarian split squat; Smith Machine Split Squat,split-squat,hypertrophy,machine-load,smith-machine; bench,standing,squat,dynamic,unilateral,external,false,quads; glute max; adductors,glute med; core,adductors; glutes; quads,core-stability,hip; knee; ankle,single-leg; smith-machine; machine-guided; unilateral,gym; machine-area,single-leg; smith-machine; machine-guided; unilateral; gym; machine-area,true,Smith Machine Split Squat exercise. equipment: smith-machine; bench. body position: standing. movement pattern: squat. primary muscles: quads; glute max; adductors. secondary muscles: glute med; core. target areas: adductors; glutes; quads; core-stability. laterality: unilateral. load type: external. training context: gym; machine-area. visual cues: single-leg; smith-machine; machine-guided; unilateral,complete,assets/workout-images/smith-machine-split-squat.png,"1080x1920. One figure, one movement, no text/panels/watermark/labels, white background, anatomy style, no cropping. Smith machine setup and split-squat frame...",,
smith-machine-squat,Smith Machine Squat,smith squat; smith machine back squat; Smith Machine Squat,squat,hypertrophy,machine-load,smith-machine,standing,squat,dynamic,bilateral,external,false,quads; glute max,adductors; core,glutes; quads,adductors; core-stability,hip; knee; ankle,smith-machine; machine-guided,gym; machine-area,smith-machine; machine-guided; gym; machine-area,true,Smith Machine Squat exercise. equipment: smith-machine. body position: standing. movement pattern: squat. primary muscles: quads; glute max. secondary muscles: adductors; core. target areas: glutes; quads; adductors; core-stability. laterality: bilateral. load type: external. training context: gym; machine-area. visual cues: smith-machine; machine-guided,complete,assets/workout-images/smith-machine-squat.png,"1080x1920, one figure, one movement, no text/panels/watermark, white background, and reference style match. Regeneration fixes the prior top-position issue with visible hip and knee flexion in a squat, accurate Smith machine equipment, no crop issues, and appropriate quads/glutes/core highlighting.",,
snap-down,Snap Down,Snap Down,agility-drill,conditioning,plyometric,none,varied,landing; deceleration,explosive,bilateral,bodyweight,true,quads; glute max; calves,hamstrings; core,glutes; quads,core-stability; hamstrings,hip; knee; ankle,speed; agility; reactive; athletic,speed; agility; athletic-prep,speed; agility; reactive; athletic; conditioning; plyometric,true,Snap Down exercise. equipment: none. body position: varied. movement pattern: landing; deceleration. primary muscles: quads; glute max; calves. secondary muscles: hamstrings; core. target areas: glutes; quads; core-stability; hamstrings. laterality: bilateral. load type: bodyweight. training context: speed; agility; athletic-prep. visual cues: speed; agility; reactive; athletic,complete,assets/workout-images/snap-down.png,QA pass: athletic deceleration frame with lower-body activation.,,
snatch-balance,Snatch Balance,drop snatch; snatch balance,snatch,skill,bilateral-load,barbell; rack,standing|overhead,squat; overhead,explosive,bilateral,external,false,quads; upper back; shoulders; abs,glute max; traps,abs; quads,glutes; traps,hip; knee; ankle; shoulder; wrist,olympic-lifting; overhead; technique,gym; free-weights,olympic-lifting; overhead; technique; gym; free-weights,true,Snatch Balance exercise. equipment: barbell; rack. body position: standing|overhead. movement pattern: squat; overhead. primary muscles: quads; upper back; shoulders; abs. secondary muscles: glute max; traps. target areas: abs; quads; glutes; traps. laterality: bilateral. load type: external. training context: gym; free-weights. visual cues: olympic-lifting; overhead; technique,complete,assets/workout-images/snatch-balance.png,QA pass after regen: deep overhead squat catch with wide-grip barbell.,priority_20_80,28
snatch-pull,Snatch Pull,pull from floor snatch grip,pull,strength,bilateral-load,barbell,standing,hinge; pull,explosive,bilateral,external,false,glute max; hamstrings; upper back,quads; calves; traps; forearms,glutes; hamstrings,forearms-wrists; quads; traps,hip; knee; ankle; shoulder,olympic-lifting; power,gym; free-weights,olympic-lifting; power; gym; free-weights,true,Snatch Pull exercise. equipment: barbell. body position: standing. movement pattern: hinge; pull. primary muscles: glute max; hamstrings; upper back. secondary muscles: quads; calves; traps; forearms. target areas: glutes; hamstrings; forearms-wrists; quads; traps. laterality: bilateral. load type: external. training context: gym; free-weights. visual cues: olympic-lifting; power,complete,assets/workout-images/snatch-pull.png,"QA pass: wide-grip snatch pull, correct barbell frame/highlights",,
spanish-squat-hold,Spanish Squat Hold,banded spanish squat iso; spanish squat isometric; Spanish Squat Hold,spanish-squat,rehab,hold,strap; band; rack; resistance-band,standing,squat,isometric,bilateral,assisted-bodyweight,true,quads; VMO,glute max,core-stability; quads,glutes,knee; hip; ankle,rehab; tendon-friendly; isometric,gym; home; rehab-friendly; warmup-friendly,rehab; tendon-friendly; isometric; gym; home; rehab-friendly; warmup-friendly,true,Spanish Squat Hold exercise. equipment: strap; band; rack; resistance-band. body position: standing. movement pattern: squat. primary muscles: quads; VMO. secondary muscles: glute max. target areas: core-stability; quads; glutes. laterality: bilateral. load type: assisted-bodyweight. training context: gym; home; rehab-friendly; warmup-friendly. visual cues: rehab; tendon-friendly; isometric,complete,assets/workout-images/spanish-squat-hold.png,"QA pass after regen: strap behind knees, deep upright squat hold, correct targets.",priority_20_80,25
split-squat,Split Squat,bodyweight split squat,split-squat,calisthenics,bodyweight-reps,none,standing|split-stance,squat,dynamic,unilateral,bodyweight,true,quads; glute max,hamstrings; adductors; abs,glutes; quads,abs; adductors; hamstrings,hip; knee; ankle,unilateral,home; gym,unilateral; home; gym,true,Split Squat exercise. equipment: none. body position: standing|split-stance. movement pattern: squat. primary muscles: quads; glute max. secondary muscles: hamstrings; adductors; abs. target areas: glutes; quads; abs; adductors; hamstrings. laterality: unilateral. load type: bodyweight. training context: home; gym. visual cues: unilateral,complete,assets/workout-images/split-squat.png,QA passed: single bodyweight split squat frame with quads and glutes emphasized.,priority_20_80,13
split-squat-jump,Split Squat Jump,jump lunge; plyo lunge,jump-lunge,conditioning,plyometric,none,standing,squat; jump; locomotion,explosive,alternating,bodyweight,true,quads; glute max; calves,hamstrings; core,glutes; quads,core-stability; hamstrings,hip; knee; ankle,explosive; single-leg,gym; home,explosive; single-leg; gym; home,true,Split Squat Jump exercise. equipment: none. body position: standing. movement pattern: squat; jump; locomotion. primary muscles: quads; glute max; calves. secondary muscles: hamstrings; core. target areas: glutes; quads; core-stability; hamstrings. laterality: alternating. load type: bodyweight. training context: gym; home. visual cues: explosive; single-leg,complete,assets/workout-images/split-squat-jump.png,"QA passed: airborne split-squat frame, full figure, leg overlays.",priority_20_80,9
sprint-start,Sprint Start,standing sprint start; Sprint Start,agility-drill,conditioning,plyometric,cones,varied,sprint; acceleration,explosive,bilateral,bodyweight,true,quads; glute max; calves,hamstrings; core,glutes; quads,core-stability; hamstrings,hip; knee; ankle,speed; agility; reactive; athletic,speed; agility; athletic-prep,speed; agility; reactive; athletic; conditioning; plyometric,true,Sprint Start exercise. equipment: cones. body position: varied. movement pattern: sprint; acceleration. primary muscles: quads; glute max; calves. secondary muscles: hamstrings; core. target areas: glutes; quads; core-stability; hamstrings. laterality: bilateral. load type: bodyweight. training context: speed; agility; athletic-prep. visual cues: speed; agility; reactive; athletic,complete,assets/workout-images/sprint-start.png,QA pass: low acceleration start with cones and leg/core activation.,,
stair-climber,Stair Climber,stepmill; stair mill; stairmill; Stair Climber,stair-climber,cardio,cardio-live,stair-climber,standing,locomotion,cyclical,bilateral,none,false,quads; glute max; calves,hamstrings; core,,glutes; quads,hip; knee; ankle,endurance; glute-focus; low-impact,gym; cardio,endurance; glute-focus; low-impact; gym; cardio,true,Stair Climber exercise. equipment: stair-climber. body position: standing. movement pattern: locomotion. primary muscles: quads; glute max; calves. secondary muscles: hamstrings; core. target areas: glutes; quads. laterality: bilateral. load type: none. training context: gym; cardio. visual cues: endurance; glute-focus; low-impact,complete,assets/workout-images/stair-climber.png,QA pass: active step with complete machine; 1080x1920.,,
standing-barbell-overhead-press,Standing Barbell Overhead Press,overhead press; strict press; military press; OHP; Barbell Overhead Press,overhead-press,strength,bilateral-load,barbell; rack,standing,vertical-push,dynamic,bilateral,external,false,front delts; triceps,upper chest; lateral delts; core,front-delts; triceps,chest; core-stability; lats; side-delts,shoulder; elbow; scapula; spine,compound; overhead,gym; rack; free-weights,compound; overhead; gym; rack; free-weights,true,Standing Barbell Overhead Press exercise. equipment: barbell; rack. body position: standing. movement pattern: vertical-push. primary muscles: front delts; triceps. secondary muscles: upper chest; lateral delts; core. target areas: front-delts; triceps; chest; core-stability; lats; side-delts. laterality: bilateral. load type: external. training context: gym; rack; free-weights. visual cues: compound; overhead,complete,assets/workout-images/standing-barbell-overhead-press.png,"Pass: standing overhead press frame, full barbell visible, delt/triceps emphasis acceptable.",,
standing-cable-press,Standing Cable Press,cable chest press,bench-press,hypertrophy,cable-load,cable-machine; d-handles,standing|split-stance,horizontal-push,dynamic,bilateral,cable-stack,false,pecs; triceps; front delts,serratus; abs,chest; core-stability; front-delts; triceps,abs,shoulder; elbow; wrist; spine,constant-tension; anti-rotation,gym; cable-station,constant-tension; anti-rotation; gym; cable-station,true,Standing Cable Press exercise. equipment: cable-machine; d-handles. body position: standing|split-stance. movement pattern: horizontal-push. primary muscles: pecs; triceps; front delts. secondary muscles: serratus; abs. target areas: chest; core-stability; front-delts; triceps; abs. laterality: bilateral. load type: cable-stack. training context: gym; cable-station. visual cues: constant-tension; anti-rotation,complete,assets/workout-images/standing-cable-press.png,"1080x1920. One figure, one movement, no text/panels/watermark, white background, and reference style match. Cable station, dual handles, split stance, horizontal press setup, and chest/front-delt/triceps/abs highlighting are appropriate.",,
standing-calf-raise,Standing Calf Raise,machine standing calf raise; barbell standing calf raise,calf-raise,hypertrophy,bilateral-load,calf-raise-machine; smith-machine; barbell; block,standing,calf,dynamic,bilateral,mixed,false,gastrocnemius; soleus,intrinsic foot muscles,calves,,ankle,lower-leg,gym; machine-area; free-weights,lower-leg; gym; machine-area; free-weights,true,Standing Calf Raise exercise. equipment: calf-raise-machine; smith-machine; barbell; block. body position: standing. movement pattern: calf. primary muscles: gastrocnemius; soleus. secondary muscles: intrinsic foot muscles. target areas: calves. laterality: bilateral. load type: mixed. training context: gym; machine-area; free-weights. visual cues: lower-leg,complete,assets/workout-images/standing-calf-raise.png,"1080x1920. One figure, one movement, no text/panels/watermark, white background, and reference style match. Standing calf-raise machine, raised heels, and calf target highlighting are accurate.",,
bodyweight-standing-calf-raise,Standing Calf Raise,double leg calf raise; bodyweight calf raise,calf-raise,mixed,bodyweight-reps,none; step,standing,calf,dynamic,bilateral,bodyweight,true,gastrocnemius; soleus,intrinsic foot muscles,calves,,ankle,lower-leg; beginner-friendly,gym; home; warmup-friendly,lower-leg; beginner-friendly; gym; home; warmup-friendly,true,Standing Calf Raise exercise. equipment: none; step. body position: standing. movement pattern: calf. primary muscles: gastrocnemius; soleus. secondary muscles: intrinsic foot muscles. target areas: calves. laterality: bilateral. load type: bodyweight. training context: gym; home; warmup-friendly. visual cues: lower-leg; beginner-friendly,complete,assets/workout-images/bodyweight-standing-calf-raise.png,"QA pass: standing calf raise top frame, calves highlighted, clean 1080x1920 image.",,
standing-dumbbell-shoulder-press,Standing Dumbbell Shoulder Press,standing db press; standing dumbbell overhead press,overhead-press,strength,dumbbell-pair,dumbbell,standing,vertical-push,dynamic,bilateral,external,false,front delts; triceps,lateral delts; abs; serratus,front-delts; triceps,abs; lats; side-delts,shoulder; elbow; wrist; spine,overhead; compound,gym; free-weights; home,overhead; compound; gym; free-weights; home,true,Standing Dumbbell Shoulder Press exercise. equipment: dumbbell. body position: standing. movement pattern: vertical-push. primary muscles: front delts; triceps. secondary muscles: lateral delts; abs; serratus. target areas: front-delts; triceps; abs; lats; side-delts. laterality: bilateral. load type: external. training context: gym; free-weights; home. visual cues: overhead; compound,complete,assets/workout-images/standing-dumbbell-shoulder-press.png,"Verified 1080x1920. One full figure on pure white background with no text, panels, watermark, or labels. Single standing dumbbell shoulder press shown at the...",,
star-excursion-balance,Star Excursion Balance,star excursion balance test; Star Excursion Balance,balance-drill,skill,bodyweight-reps,none,varied,balance; reach,controlled,unilateral,bodyweight,true,glute max; quads; calves,core; glute med,glutes; quads,core-stability,hip; knee; ankle,balance; stability; proprioception,balance; stability; athletic-prep,balance; stability; proprioception; skill; bodyweight-reps,true,Star Excursion Balance exercise. equipment: none. body position: varied. movement pattern: balance; reach. primary muscles: glute max; quads; calves. secondary muscles: core; glute med. target areas: glutes; quads; core-stability. laterality: unilateral. load type: bodyweight. training context: balance; stability; athletic-prep. visual cues: balance; stability; proprioception,complete,assets/workout-images/star-excursion-balance.png,QA pass: single-leg reach balance with leg/core activation.,,
stationary-bike,Stationary Bike,upright bike; spin bike; indoor cycling; exercise bike; Stationary Bike,cycling,cardio,cardio-live,stationary-bike,seated,locomotion,cyclical,bilateral,none,false,quads; glute max,calves; hamstrings,,glutes; quads,hip; knee; ankle,endurance; low-impact,gym; cardio,endurance; low-impact; gym; cardio,true,Stationary Bike exercise. equipment: stationary-bike. body position: seated. movement pattern: locomotion. primary muscles: quads; glute max. secondary muscles: calves; hamstrings. target areas: glutes; quads. laterality: bilateral. load type: none. training context: gym; cardio. visual cues: endurance; low-impact,complete,assets/workout-images/stationary-bike.png,QA pass: active pedal stroke; quads and glutes visible; 1080x1920.,,
step-up,Step-Up,bodyweight step up; bodyweight box step-up; Step-Up,step-up,mixed,bodyweight-reps,box; bench,standing,squat; locomotion,dynamic,unilateral,bodyweight,true,quads; glute max,hamstrings; calves; glute med,glutes; quads,hamstrings,hip; knee; ankle,single-leg; unilateral,gym; home,single-leg; unilateral; gym; home,true,Step-Up exercise. equipment: box; bench. body position: standing. movement pattern: squat; locomotion. primary muscles: quads; glute max. secondary muscles: hamstrings; calves; glute med. target areas: glutes; quads; hamstrings. laterality: unilateral. load type: bodyweight. training context: gym; home. visual cues: single-leg; unilateral,complete,assets/workout-images/step-up.png,"Pass: unilateral step-up drive phase, quads/glutes emphasis correct.",,
straddle-back-lever-hold,Straddle Back Lever Hold,straddle back lever,back-lever,skill,hold,rings; pull-up-bar,hanging,shoulder-extension; core-stability,isometric,bilateral,bodyweight,true,lats; rear delts; glutes,biceps; spinal erectors; grip,core-stability; glutes; lats; rear-delts,biceps; forearms-wrists; lower-back,shoulder; elbow; wrist; scapula; spine,advanced; gymnastics,gym; calisthenics-park; niche,advanced; gymnastics; gym; calisthenics-park; niche,true,Straddle Back Lever Hold exercise. equipment: rings; pull-up-bar. body position: hanging. movement pattern: shoulder-extension; core-stability. primary muscles: lats; rear delts; glutes. secondary muscles: biceps; spinal erectors; grip. target areas: core-stability; glutes; lats; rear-delts; biceps; forearms-wrists; lower-back. laterality: bilateral. load type: bodyweight. training context: gym; calisthenics-park; niche. visual cues: advanced; gymnastics,complete,assets/workout-images/straddle-back-lever-hold.png,"QA passed after regen: straddle back lever, posterior targets visible.",priority_20_80,87
straddle-front-lever-hold,Straddle Front Lever Hold,straddle front lever,front-lever,skill,hold,pull-up-bar; rings,hanging,core-stability; vertical-pull,isometric,bilateral,bodyweight,true,lats; teres major; abs,rear delts; biceps; grip,abs; core-stability; lats,biceps; forearms-wrists; rear-delts,shoulder; elbow; scapula; wrist; spine,advanced; gymnastics,gym; calisthenics-park; niche,advanced; gymnastics; gym; calisthenics-park; niche,true,Straddle Front Lever Hold exercise. equipment: pull-up-bar; rings. body position: hanging. movement pattern: core-stability; vertical-pull. primary muscles: lats; teres major; abs. secondary muscles: rear delts; biceps; grip. target areas: abs; core-stability; lats; biceps; forearms-wrists; rear-delts. laterality: bilateral. load type: bodyweight. training context: gym; calisthenics-park; niche. visual cues: advanced; gymnastics,complete,assets/workout-images/straddle-front-lever-hold.png,"QA pass: horizontal front lever, clean anatomy, correct highlights",,
straddle-front-lever-row,Straddle Front Lever Row,Straddle Front Lever Row,front-lever-row,calisthenics,bodyweight-reps,pull-up-bar; rings,varied,horizontal-pull; straight-arm-pull,dynamic,bilateral,bodyweight,true,lats; upper back; rear delts,biceps; rear delts; forearms,lats; rear-delts,biceps; forearms-wrists,shoulder; elbow; scapula,calisthenics; front-lever; row-progression; straddle,calisthenics; bodyweight; skill-training,calisthenics; bodyweight; front-lever; row-progression; straddle,true,Straddle Front Lever Row exercise. equipment: pull-up-bar; rings. body position: varied. movement pattern: horizontal-pull; straight-arm-pull. primary muscles: lats; upper back; rear delts. secondary muscles: biceps; rear delts; forearms. target areas: lats; rear-delts; biceps; forearms-wrists. laterality: bilateral. load type: bodyweight. training context: calisthenics; bodyweight; skill-training. visual cues: calisthenics; front-lever; row-progression; straddle,complete,assets/workout-images/straddle-front-lever-row.png,"QA passed after regen: rings/bar front-lever row, back/lats/biceps emphasis.",priority_20_80,53
straddle-handstand-hold,Straddle Handstand Hold,Straddle Handstand Hold,handstand,skill,hold,floor; wall; parallettes,inverted,inversion; overhead-push,isometric,bilateral,bodyweight,true,front delts; triceps; upper back,core; forearms; serratus,core-stability; front-delts; triceps,forearms-wrists,shoulder; elbow; wrist; scapula,calisthenics; shape; balance; handstand-progression,calisthenics; bodyweight; skill-training,calisthenics; bodyweight; shape; balance; handstand-progression,true,Straddle Handstand Hold exercise. equipment: floor; wall; parallettes. body position: inverted. movement pattern: inversion; overhead-push. primary muscles: front delts; triceps; upper back. secondary muscles: core; forearms; serratus. target areas: core-stability; front-delts; triceps; forearms-wrists. laterality: bilateral. load type: bodyweight. training context: calisthenics; bodyweight; skill-training. visual cues: calisthenics; shape; balance; handstand-progression,complete,assets/workout-images/straddle-handstand-hold.png,QA pass: fully framed straddle handstand on parallettes.,,
straddle-human-flag-hold,Straddle Human Flag Hold,Straddle Human Flag Hold,human-flag,skill,hold,vertical-pole; stall-bars,side-hanging,side-lever; straight-arm-push; straight-arm-pull,isometric,bilateral,bodyweight,true,obliques; lats; side delts,core; forearms; serratus,core-stability; lats; obliques; side-delts,forearms-wrists,shoulder; scapula; elbow; spine,calisthenics; human-flag; straddle; progression,calisthenics; bodyweight; skill-training,calisthenics; bodyweight; human-flag; straddle; progression,true,Straddle Human Flag Hold exercise. equipment: vertical-pole; stall-bars. body position: side-hanging. movement pattern: side-lever; straight-arm-push; straight-arm-pull. primary muscles: obliques; lats; side delts. secondary muscles: core; forearms; serratus. target areas: core-stability; lats; obliques; side-delts; forearms-wrists. laterality: bilateral. load type: bodyweight. training context: calisthenics; bodyweight; skill-training. visual cues: calisthenics; human-flag; straddle; progression,complete,assets/workout-images/straddle-human-flag-hold.png,QA pass: credible straddle human flag with secure pole grip.,,
straddle-l-sit-hold,Straddle L-Sit Hold,Straddle L-Sit Hold,l-sit,skill,hold,parallettes; dip-bars; floor; rings,supported,compression; support-hold,isometric,bilateral,bodyweight,true,abs; hip flexors; triceps,quads; forearms; front delts,abs; core-stability; triceps,forearms-wrists; front-delts; quads,hip; shoulder; elbow; spine,calisthenics; l-sit; straddle; progression,calisthenics; bodyweight; skill-training,calisthenics; bodyweight; l-sit; straddle; progression,true,Straddle L-Sit Hold exercise. equipment: parallettes; dip-bars; floor; rings. body position: supported. movement pattern: compression; support-hold. primary muscles: abs; hip flexors; triceps. secondary muscles: quads; forearms; front delts. target areas: abs; core-stability; triceps; forearms-wrists; front-delts; quads. laterality: bilateral. load type: bodyweight. training context: calisthenics; bodyweight; skill-training. visual cues: calisthenics; l-sit; straddle; progression,complete,assets/workout-images/straddle-l-sit-hold.png,"QA pass: straddle L-sit on parallettes, core/triceps highlighted.",,
straddle-planche-hold,Straddle Planche Hold,straddle planche,planche,skill,hold,parallettes; floor,supported,horizontal-push; core-stability,isometric,bilateral,bodyweight,true,front delts; serratus; triceps,pecs; core; wrist flexors,core-stability; front-delts; triceps,chest; forearms-wrists,shoulder; elbow; wrist; scapula,advanced; gymnastics,gym; home; niche,advanced; gymnastics; gym; home; niche,true,Straddle Planche Hold exercise. equipment: parallettes; floor. body position: supported. movement pattern: horizontal-push; core-stability. primary muscles: front delts; serratus; triceps. secondary muscles: pecs; core; wrist flexors. target areas: core-stability; front-delts; triceps; chest; forearms-wrists. laterality: bilateral. load type: bodyweight. training context: gym; home; niche. visual cues: advanced; gymnastics,complete,assets/workout-images/straddle-planche-hold.png,QA pass: clear uncropped single planche on parallettes,,
straddle-press-to-handstand,Straddle Press to Handstand,Straddle Press to Handstand,handstand,skill,bodyweight-reps,floor; wall; parallettes,inverted,inversion; overhead-push,dynamic,bilateral,bodyweight,true,front delts; triceps; upper back,core; forearms; serratus,front-delts; triceps,core-stability; forearms-wrists,shoulder; elbow; wrist; scapula,calisthenics; press-handstand; compression; advanced,calisthenics; bodyweight; skill-training,calisthenics; bodyweight; press-handstand; compression; advanced,true,Straddle Press to Handstand exercise. equipment: floor; wall; parallettes. body position: inverted. movement pattern: inversion; overhead-push. primary muscles: front delts; triceps; upper back. secondary muscles: core; forearms; serratus. target areas: front-delts; triceps; core-stability; forearms-wrists. laterality: bilateral. load type: bodyweight. training context: calisthenics; bodyweight; skill-training. visual cues: calisthenics; press-handstand; compression; advanced,complete,assets/workout-images/straddle-press-to-handstand.png,"QA pass after regen: low compression press phase, 1080x1920.",,
straight-arm-pulldown,Straight-Arm Pulldown,straight arm pulldown; cable pullover; rope pulldown; cable pullover standing,pulldown,hypertrophy,cable-load,cable; straight-bar; rope; cable-machine,standing,shoulder-extension,dynamic,bilateral,cable-stack,false,lats; teres major,serratus; triceps,lats,triceps,shoulder; scapula; elbow,lat-isolation,gym; cable-area; cable-station,lat-isolation; gym; cable-area; cable-station,true,Straight-Arm Pulldown exercise. equipment: cable; straight-bar; rope; cable-machine. body position: standing. movement pattern: shoulder-extension. primary muscles: lats; teres major. secondary muscles: serratus; triceps. target areas: lats; triceps. laterality: bilateral. load type: cable-stack. training context: gym; cable-area; cable-station. visual cues: lat-isolation,complete,assets/workout-images/straight-arm-pulldown.png,QA approved after regeneration: direct high-pulley straight-bar setup and lat-dominant overlay.,,
straight-bar-dip,Straight-Bar Dip,Straight-Bar Dip,dip,calisthenics,bodyweight-reps,straight-bar; pull-up-bar,varied,vertical-push,dynamic,bilateral,bodyweight,true,pecs; triceps; front delts,serratus; core,chest; front-delts; triceps,core-stability,shoulder; elbow; scapula,calisthenics; straight-bar; muscle-up-prep; dip-progression,calisthenics; bodyweight; skill-training,calisthenics; bodyweight; straight-bar; muscle-up-prep; dip-progression,true,Straight-Bar Dip exercise. equipment: straight-bar; pull-up-bar. body position: varied. movement pattern: vertical-push. primary muscles: pecs; triceps; front delts. secondary muscles: serratus; core. target areas: chest; front-delts; triceps; core-stability. laterality: bilateral. load type: bodyweight. training context: calisthenics; bodyweight; skill-training. visual cues: calisthenics; straight-bar; muscle-up-prep; dip-progression,complete,assets/workout-images/straight-bar-dip.png,"QA pass: bent-elbow straight-bar dip frame, clean full-body composition.",priority_20_80,35
straight-leg-inverted-row,Straight-Leg Inverted Row,Australian row; Straight-Leg Inverted Row,row,calisthenics,bodyweight-reps,rings; suspension-trainer; low-bar,varied,horizontal-pull,dynamic,bilateral,bodyweight,true,lats; mid back,biceps; rear delts; forearms,lats; upper-back,biceps; forearms-wrists; rear-delts,shoulder; elbow; scapula,calisthenics; row-progression; horizontal-pull,calisthenics; bodyweight; skill-training,calisthenics; bodyweight; row-progression; horizontal-pull,true,Straight-Leg Inverted Row exercise. equipment: rings; suspension-trainer; low-bar. body position: varied. movement pattern: horizontal-pull. primary muscles: lats; mid back. secondary muscles: biceps; rear delts; forearms. target areas: lats; upper-back; biceps; forearms-wrists; rear-delts. laterality: bilateral. load type: bodyweight. training context: calisthenics; bodyweight; skill-training. visual cues: calisthenics; row-progression; horizontal-pull,complete,assets/workout-images/straight-leg-inverted-row.png,"QA pass: single figure, straight-leg inverted row, back/arm highlight, clean frame.",,
stretching,Stretching,Stretching,stretching,hold,mobility,none,,mobility,,bilateral,none,false,other,,,core-stability,,,quick-log,quick-log,true,Stretching exercise. equipment: none. movement pattern: mobility. primary muscles: other. target areas: core-stability. laterality: bilateral. load type: none. training context: quick-log,complete,assets/workout-images/stretching.png,QA pass: single uncropped hamstring stretch,,
suitcase-carry,Suitcase Carry,single arm farmers carry; single arm carry; Suitcase Carry,suitcase-carry,conditioning,carry,dumbbell; kettlebell,standing,carry; anti-lateral-flexion,cyclical,unilateral,external,false,obliques; grip; quadratus lumborum,glute med; forearms; upper traps,forearms-wrists,core-stability; forearms-wrists; glutes; obliques; quads; traps,wrist; shoulder; spine; hip; ankle,core; grip; unilateral,gym; home; conditioning,core; grip; unilateral; gym; home; conditioning,true,Suitcase Carry exercise. equipment: dumbbell; kettlebell. body position: standing. movement pattern: carry; anti-lateral-flexion. primary muscles: obliques; grip; quadratus lumborum. secondary muscles: glute med; forearms; upper traps. target areas: forearms-wrists; core-stability; forearms-wrists; glutes; obliques; quads; traps. laterality: unilateral. load type: external. training context: gym; home; conditioning. visual cues: core; grip; unilateral,complete,assets/workout-images/suitcase-carry.png,"QA passed: unilateral carry frame, grip/core emphasis, no text/cropping.",priority_20_80,56
suitcase-hold,Suitcase Hold,offset hold; single arm hold; Suitcase Hold,suitcase-hold,strength,weighted-hold,dumbbell; kettlebell,standing,anti-lateral-flexion,isometric,unilateral,external,false,obliques; grip; quadratus lumborum,glute med; forearms,forearms-wrists,core-stability; forearms-wrists; glutes; obliques; quads,spine; hip; shoulder; wrist,core; grip; unilateral,gym; home,core; grip; unilateral; gym; home,true,Suitcase Hold exercise. equipment: dumbbell; kettlebell. body position: standing. movement pattern: anti-lateral-flexion. primary muscles: obliques; grip; quadratus lumborum. secondary muscles: glute med; forearms. target areas: forearms-wrists; core-stability; forearms-wrists; glutes; obliques; quads. laterality: unilateral. load type: external. training context: gym; home. visual cues: core; grip; unilateral,complete,assets/workout-images/suitcase-hold.png,"QA pass: single-arm suitcase hold, obliques/grip/QL highlighted.",,
suitcase-march,Suitcase March,Suitcase March,carry,skill,bodyweight-reps,dumbbell; kettlebell,varied,carry; march; anti-lateral-flexion,controlled,unilateral,bodyweight,true,obliques; forearms; glute max,core; glute med,forearms-wrists,core-stability; forearms-wrists; glutes; obliques,hip; knee; ankle,balance; stability; proprioception,balance; stability; athletic-prep,balance; stability; proprioception; skill; bodyweight-reps,true,Suitcase March exercise. equipment: dumbbell; kettlebell. body position: varied. movement pattern: carry; march; anti-lateral-flexion. primary muscles: obliques; forearms; glute max. secondary muscles: core; glute med. target areas: forearms-wrists; core-stability; forearms-wrists; glutes; obliques. laterality: unilateral. load type: bodyweight. training context: balance; stability; athletic-prep. visual cues: balance; stability; proprioception,complete,assets/workout-images/suitcase-march.png,"QA pass: unilateral march carry, correct grip/core highlights",,
superman-push-up,Superman Push-Up,superman press up,push-up,conditioning,plyometric,none,plank,horizontal-push,explosive,bilateral,bodyweight,true,pecs; triceps; front delts,serratus; core,chest; front-delts; triceps,core-stability,shoulder; elbow; wrist,explosive; advanced,gym; home; niche,explosive; advanced; gym; home; niche,true,Superman Push-Up exercise. equipment: none. body position: plank. movement pattern: horizontal-push. primary muscles: pecs; triceps; front delts. secondary muscles: serratus; core. target areas: chest; front-delts; triceps; core-stability. laterality: bilateral. load type: bodyweight. training context: gym; home; niche. visual cues: explosive; advanced,complete,assets/workout-images/superman-push-up.png,"QA passed: airborne superman push-up frame, chest/delts/triceps/core highlighted.",,
swimming,Swim,lap swim; pool swim,swimming,cardio,cardio-live,pool,prone,locomotion,cyclical,bilateral,bodyweight,true,lats; shoulders; glutes,triceps; core; cardiorespiratory system,,glutes; lats,shoulder; spine; hip; knee; ankle,endurance; low-impact,pool; cardio,endurance; low-impact; pool; cardio,true,Swim exercise. equipment: pool. body position: prone. movement pattern: locomotion. primary muscles: lats; shoulders; glutes. secondary muscles: triceps; core; cardiorespiratory system. target areas: glutes; lats. laterality: bilateral. load type: bodyweight. training context: pool; cardio. visual cues: endurance; low-impact,complete,assets/workout-images/swimming.png,QA pass: uncropped prone freestyle with lane cue,,
swim-laps,Swim Laps,lap swimming; pool swim,swimming,cardio,cardio-manual,pool,prone-horizontal,locomotion,cyclical,bilateral,none,false,lats; shoulders; glutes,triceps; core; calves,,glutes; lats,shoulder; spine; hip; ankle,endurance; low-impact,pool; cardio,endurance; low-impact; pool; cardio,true,Swim Laps exercise. equipment: pool. body position: prone-horizontal. movement pattern: locomotion. primary muscles: lats; shoulders; glutes. secondary muscles: triceps; core; calves. target areas: glutes; lats. laterality: bilateral. load type: none. training context: pool; cardio. visual cues: endurance; low-impact,complete,assets/workout-images/swim-laps.png,QA pass: single uncropped freestyle frame,,
t-bar-row,T-Bar Row,landmine t-bar row; chest supported t-bar row,row,hypertrophy,bilateral-load,barbell; landmine; t-bar-handle; t-bar-row-machine,supported,horizontal-pull,dynamic,bilateral,external,false,lats; mid back; rear delts,biceps; forearms; rhomboids,lats; rear-delts; upper-back,biceps; forearms-wrists,shoulder; elbow; scapula,back-thickness,gym; landmine,back-thickness; gym; landmine,true,T-Bar Row exercise. equipment: barbell; landmine; t-bar-handle; t-bar-row-machine. body position: supported. movement pattern: horizontal-pull. primary muscles: lats; mid back; rear delts. secondary muscles: biceps; forearms; rhomboids. target areas: lats; rear-delts; upper-back; biceps; forearms-wrists. laterality: bilateral. load type: external. training context: gym; landmine. visual cues: back-thickness,complete,assets/workout-images/t-bar-row.png,"1080x1920. One figure, one movement, no text/panels/watermark, white background, and reference style match. Landmine/T-bar handle setup and hinged row posture are accurate. Back, rear-delt, biceps, and forearm highlighting is acceptable.",,
t-drill,T-Drill,t agility drill; T-Drill,agility-drill,conditioning,plyometric,cones,varied,shuffle; sprint; backpedal,explosive,bilateral,bodyweight,true,quads; glute max; calves,hamstrings; core,glutes; quads,core-stability; hamstrings,hip; knee; ankle,speed; agility; reactive; athletic,speed; agility; athletic-prep,speed; agility; reactive; athletic; conditioning; plyometric,true,T-Drill exercise. equipment: cones. body position: varied. movement pattern: shuffle; sprint; backpedal. primary muscles: quads; glute max; calves. secondary muscles: hamstrings; core. target areas: glutes; quads; core-stability; hamstrings. laterality: bilateral. load type: bodyweight. training context: speed; agility; athletic-prep. visual cues: speed; agility; reactive; athletic,complete,assets/workout-images/t-drill.png,QA pass: clear single agility stance with cones,,
tall-kneeling-pallof-press,Tall-Kneeling Pallof Press,Tall-Kneeling Pallof Press,pallof-press,skill,bodyweight-reps,cable; resistance-band,kneeling,anti-rotation,controlled,bilateral,bodyweight,true,obliques; abs,core; glute med,abs; core-stability; obliques,glutes,hip; knee; ankle,balance; stability; proprioception,balance; stability; athletic-prep,balance; stability; proprioception; skill; bodyweight-reps,true,Tall-Kneeling Pallof Press exercise. equipment: cable; resistance-band. body position: kneeling. movement pattern: anti-rotation. primary muscles: obliques; abs. secondary muscles: core; glute med. target areas: abs; core-stability; obliques; glutes. laterality: bilateral. load type: bodyweight. training context: balance; stability; athletic-prep. visual cues: balance; stability; proprioception,complete,assets/workout-images/tall-kneeling-pallof-press.png,"QA passed: tall-kneeling Pallof press with cable grip, target muscles correct.",,
terminal-knee-extension,Terminal Knee Extension,TKE; banded TKE,terminal-knee-extension,rehab,unilateral-pair,band; cable,standing,knee-extension,dynamic,unilateral,mixed,false,quads; VMO,glute max,quads,glutes,knee,rehab; warmup,gym; home; rehab-friendly; warmup-friendly,rehab; warmup; gym; home; rehab-friendly; warmup-friendly,true,Terminal Knee Extension exercise. equipment: band; cable. body position: standing. movement pattern: knee-extension. primary muscles: quads; VMO. secondary muscles: glute max. target areas: quads; glutes. laterality: unilateral. load type: mixed. training context: gym; home; rehab-friendly; warmup-friendly. visual cues: rehab; warmup,complete,assets/workout-images/terminal-knee-extension.png,"QA pass: stationary banded TKE, quads/VMO highlighted.",,
thoracic-extension-on-foam-roller,Thoracic Extension on Foam Roller,Thoracic Extension on Foam Roller,therapeutic-prehab,rehab,bodyweight-reps,foam-roller,varied,thoracic-extension,controlled,bilateral,bodyweight,true,spinal erectors,,lower-back,,thoracic spine,rehab; prehab; therapeutic,rehab; prehab; recovery,rehab; prehab; therapeutic; bodyweight-reps,true,Thoracic Extension on Foam Roller exercise. equipment: foam-roller. body position: varied. movement pattern: thoracic-extension. primary muscles: spinal erectors. target areas: lower-back. laterality: bilateral. load type: bodyweight. training context: rehab; prehab; recovery. visual cues: rehab; prehab; therapeutic,complete,assets/workout-images/thoracic-extension-on-foam-roller.png,"QA pass: foam-roller thoracic extension, upper-back activation.",,
thoracic-spine-cars,Thoracic Spine CARs,t-spine controlled articular rotations; Thoracic Spine CARs,mobility-drill,mobility,mobility,none; floor,varied,spinal-rotation,controlled,bilateral,bodyweight,true,spinal erectors; obliques,,,lower-back; obliques,thoracic spine,mobility; stretch,mobility; stretch; warmup,mobility; stretch,true,Thoracic Spine CARs exercise. equipment: none; floor. body position: varied. movement pattern: spinal-rotation. primary muscles: spinal erectors; obliques. target areas: lower-back; obliques. laterality: bilateral. load type: bodyweight. training context: mobility; stretch; warmup. visual cues: mobility; stretch,complete,assets/workout-images/thoracic-spine-cars.png,QA pass: kneeling thoracic rotation and target highlights,,
thread-the-needle,Thread the Needle,Thread the Needle,mobility-drill,mobility,mobility,none; floor,varied,spinal-rotation,controlled,bilateral,bodyweight,true,upper back; rear delts,,,rear-delts,thoracic spine; shoulder,mobility; stretch,mobility; stretch; warmup,mobility; stretch,true,Thread the Needle exercise. equipment: none; floor. body position: varied. movement pattern: spinal-rotation. primary muscles: upper back; rear delts. target areas: rear-delts. laterality: bilateral. load type: bodyweight. training context: mobility; stretch; warmup. visual cues: mobility; stretch,complete,assets/workout-images/thread-the-needle.png,"QA pass: threaded quadruped rotation, upper-back activation.",,
three-point-start,Three-Point Start,Three-Point Start,agility-drill,conditioning,plyometric,cones,varied,sprint; acceleration,explosive,bilateral,bodyweight,true,quads; glute max; calves,hamstrings; core,glutes; quads,core-stability; hamstrings,hip; knee; ankle,speed; agility; reactive; athletic,speed; agility; athletic-prep,speed; agility; reactive; athletic; conditioning; plyometric,true,Three-Point Start exercise. equipment: cones. body position: varied. movement pattern: sprint; acceleration. primary muscles: quads; glute max; calves. secondary muscles: hamstrings; core. target areas: glutes; quads; core-stability; hamstrings. laterality: bilateral. load type: bodyweight. training context: speed; agility; athletic-prep. visual cues: speed; agility; reactive; athletic,complete,assets/workout-images/three-point-start.png,QA pass: clear uncropped three-point start,,
tibialis-raise,Tibialis Raise,tib raise; toe raise; shin raise; anterior tibialis raise; Tibialis Raise,tibialis-raise,rehab,other,tib-bar; wall; machine; none,standing,ankle-dorsiflexion,dynamic,bilateral,mixed,true,tibialis anterior,intrinsic foot muscles,,,ankle,lower-leg; rehab; ankle; shin,gym; home; rehab-friendly,lower-leg; rehab; ankle; shin; gym; home; rehab-friendly,true,Tibialis Raise exercise. equipment: tib-bar; wall; machine; none. body position: standing. movement pattern: ankle-dorsiflexion. primary muscles: tibialis anterior. secondary muscles: intrinsic foot muscles. laterality: bilateral. load type: mixed. training context: gym; home; rehab-friendly. visual cues: lower-leg; rehab; ankle; shin,complete,assets/workout-images/tibialis-raise.png,"Pass: wall-supported dorsiflexion frame, tibialis anterior emphasis correct.",,
tire-flip,Tire Flip,tire turnover,tire-flip,conditioning,other,tire,standing,hinge; horizontal-push,explosive,bilateral,external,false,glute max; hamstrings; upper back; quads,triceps; forearms; core,glutes; hamstrings; quads,core-stability; forearms-wrists; triceps,hip; knee; spine; shoulder; elbow,strongman; odd-object; explosive,gym; field; strongman; niche,strongman; odd-object; explosive; gym; field; niche,true,Tire Flip exercise. equipment: tire. body position: standing. movement pattern: hinge; horizontal-push. primary muscles: glute max; hamstrings; upper back; quads. secondary muscles: triceps; forearms; core. target areas: glutes; hamstrings; quads; core-stability; forearms-wrists; triceps. laterality: bilateral. load type: external. training context: gym; field; strongman; niche. visual cues: strongman; odd-object; explosive,complete,assets/workout-images/tire-flip.png,"QA pass: tire flip hinge, posterior-chain and leg activation.",,
toes-to-bar,Toes-to-Bar,TTB; t2b; strict toes to bar; Toes-to-Bar,toes-to-bar,skill,bodyweight-reps,pull-up-bar,hanging,core-flexion; vertical-pull,dynamic,bilateral,bodyweight,true,hip flexors; rectus abdominis; lats,grip; obliques; shoulders,abs; lats,forearms-wrists; obliques,hip; spine; shoulder; wrist,advanced; crossfit; hanging,gym; calisthenics-park; niche; crossfit-box,advanced; crossfit; hanging; gym; calisthenics-park; niche; crossfit-box,true,Toes-to-Bar exercise. equipment: pull-up-bar. body position: hanging. movement pattern: core-flexion; vertical-pull. primary muscles: hip flexors; rectus abdominis; lats. secondary muscles: grip; obliques; shoulders. target areas: abs; lats; forearms-wrists; obliques. laterality: bilateral. load type: bodyweight. training context: gym; calisthenics-park; niche; crossfit-box. visual cues: advanced; crossfit; hanging,complete,assets/workout-images/toes-to-bar.png,"QA pass: toes-to-bar contraction frame, one figure, abs/hip flexors highlighted.",priority_20_80,49
top-support-hold,Top Support Hold,dip support hold; ring support hold; rings support hold,support-hold,skill,hold,dip-bars; rings,supported,vertical-push; scapular-control,isometric,bilateral,bodyweight,true,triceps; serratus; pecs,front delts; core,chest; core-stability; triceps,front-delts,shoulder; elbow; wrist; scapula,gymnastics; support; rings; stability,gym; home; calisthenics-park,gymnastics; support; rings; stability; gym; home; calisthenics-park,true,Top Support Hold exercise. equipment: dip-bars; rings. body position: supported. movement pattern: vertical-push; scapular-control. primary muscles: triceps; serratus; pecs. secondary muscles: front delts; core. target areas: chest; core-stability; triceps; front-delts. laterality: bilateral. load type: bodyweight. training context: gym; home; calisthenics-park. visual cues: gymnastics; support; rings; stability,complete,assets/workout-images/top-support-hold.png,"QA pass: clean isometric ring support, full body, chest/triceps/core emphasis.",priority_20_80,76
towel-pull-up,Towel Pull-Up,grip pull up; towel grip pull up,pull-up,calisthenics,bodyweight-reps,pull-up-bar; towel,hanging,vertical-pull,dynamic,bilateral,bodyweight,true,lats; biceps; grip,mid back; forearms; rear delts,biceps; forearms-wrists; lats,rear-delts; upper-back,shoulder; elbow; scapula; wrist,grip; advanced,gym; home; calisthenics-park,grip; advanced; gym; home; calisthenics-park,true,Towel Pull-Up exercise. equipment: pull-up-bar; towel. body position: hanging. movement pattern: vertical-pull. primary muscles: lats; biceps; grip. secondary muscles: mid back; forearms; rear delts. target areas: biceps; forearms-wrists; lats; rear-delts; upper-back. laterality: bilateral. load type: bodyweight. training context: gym; home; calisthenics-park. visual cues: grip; advanced,complete,assets/workout-images/towel-pull-up.png,"QA pass: towel-grip pull-up frame, one figure, arms/lats/forearms highlighted.",priority_20_80,50
trap-bar-carry,Trap Bar Carry,trap bar farmer carry,carry,conditioning,carry,trap-bar,standing|walking,carry; locomotion,dynamic,bilateral,external,false,forearms; grip; upper traps,obliques; lats; glute max,forearms-wrists,core-stability; forearms-wrists; glutes; lats; obliques; traps,shoulder; wrist; spine; hip; ankle,grip; strongman,gym; conditioning,grip; strongman; gym; conditioning,false,Trap Bar Carry exercise. equipment: trap-bar. body position: standing|walking. movement pattern: carry; locomotion. primary muscles: forearms; grip; upper traps. secondary muscles: obliques; lats; glute max. target areas: forearms-wrists; core-stability; forearms-wrists; glutes; lats; obliques; traps. laterality: bilateral. load type: external. training context: gym; conditioning. visual cues: grip; strongman,complete,assets/workout-images/trap-bar-carry.png,"QA pass: loaded trap-bar carry, traps/grip/core activation.",,
trap-bar-deadlift,Trap Bar Deadlift,hex bar deadlift,deadlift,strength,bilateral-load,trap-bar; plates,standing,hinge,dynamic,bilateral,external,false,quads; glute max; hamstrings,spinal erectors; traps; forearms,glutes; hamstrings; lower-back; quads,forearms-wrists; traps,hip; knee; spine,compound; strength,gym; platform,compound; strength; gym; platform,true,Trap Bar Deadlift exercise. equipment: trap-bar; plates. body position: standing. movement pattern: hinge. primary muscles: quads; glute max; hamstrings. secondary muscles: spinal erectors; traps; forearms. target areas: glutes; hamstrings; lower-back; quads; forearms-wrists; traps. laterality: bilateral. load type: external. training context: gym; platform. visual cues: compound; strength,complete,assets/workout-images/trap-bar-deadlift.png,"QA passed: trap-bar hinge frame, full bar/plates, posterior-chain overlays.",priority_20_80,4
treadmill-incline-walk,Treadmill Incline Walk,incline treadmill walk; power walk; incline walk; 12-3-30 walk,walking,cardio,cardio-live,treadmill,standing,locomotion,cyclical,bilateral,bodyweight,true,calves; glute max; hamstrings,quads; core,,glutes; hamstrings,hip; knee; ankle,zone-2; low-impact; incline,gym; cardio,zone-2; low-impact; incline; gym; cardio,true,Treadmill Incline Walk exercise. equipment: treadmill. body position: standing. movement pattern: locomotion. primary muscles: calves; glute max; hamstrings. secondary muscles: quads; core. target areas: glutes; hamstrings. laterality: bilateral. load type: bodyweight. training context: gym; cardio. visual cues: zone-2; low-impact; incline,complete,assets/workout-images/treadmill-incline-walk.png,QA pass: visible incline and uphill stride; 1080x1920.,,
treadmill-run,Treadmill Run,treadmill jog; indoor treadmill run; Treadmill Run,running,cardio,cardio-live,treadmill,standing,locomotion,cyclical,bilateral,bodyweight,true,quads; glute max; calves,hamstrings; hip flexors; core,,glutes; quads,hip; knee; ankle,endurance,gym; cardio,endurance; gym; cardio,true,Treadmill Run exercise. equipment: treadmill. body position: standing. movement pattern: locomotion. primary muscles: quads; glute max; calves. secondary muscles: hamstrings; hip flexors; core. target areas: glutes; quads. laterality: bilateral. load type: bodyweight. training context: gym; cardio. visual cues: endurance,complete,assets/workout-images/treadmill-run.png,QA pass: active running stride; 1080x1920.,,
treadmill-walk,Treadmill Walk,indoor walk,walking,cardio,cardio-live,treadmill,standing,locomotion,cyclical,bilateral,bodyweight,true,calves; glute max,quads; hamstrings; cardiorespiratory system,,glutes,hip; knee; ankle,beginner; low-impact,gym; cardio,beginner; low-impact; gym; cardio,true,Treadmill Walk exercise. equipment: treadmill. body position: standing. movement pattern: locomotion. primary muscles: calves; glute max. secondary muscles: quads; hamstrings; cardiorespiratory system. target areas: glutes. laterality: bilateral. load type: bodyweight. training context: gym; cardio. visual cues: beginner; low-impact,complete,assets/workout-images/treadmill-walk.png,QA pass: active walking stride; 1080x1920.,,
tuck-front-lever-row,Tuck Front Lever Row,Tuck Front Lever Row,front-lever-row,calisthenics,bodyweight-reps,pull-up-bar; rings,varied,horizontal-pull; straight-arm-pull,dynamic,bilateral,bodyweight,true,lats; upper back; rear delts,biceps; rear delts; forearms,lats; rear-delts,biceps; forearms-wrists,shoulder; elbow; scapula,calisthenics; front-lever; row-progression; advanced,calisthenics; bodyweight; skill-training,calisthenics; bodyweight; front-lever; row-progression; advanced,true,Tuck Front Lever Row exercise. equipment: pull-up-bar; rings. body position: varied. movement pattern: horizontal-pull; straight-arm-pull. primary muscles: lats; upper back; rear delts. secondary muscles: biceps; rear delts; forearms. target areas: lats; rear-delts; biceps; forearms-wrists. laterality: bilateral. load type: bodyweight. training context: calisthenics; bodyweight; skill-training. visual cues: calisthenics; front-lever; row-progression; advanced,complete,assets/workout-images/tuck-front-lever-row.png,"QA passed after regen: tucked rings/bar front-lever row, upper-back emphasis.",priority_20_80,54
tuck-handstand-hold,Tuck Handstand Hold,Tuck Handstand Hold,handstand,skill,hold,floor; wall; parallettes,inverted,inversion; overhead-push,isometric,bilateral,bodyweight,true,front delts; triceps; upper back,core; forearms; serratus,core-stability; front-delts; triceps,forearms-wrists,shoulder; elbow; wrist; scapula,calisthenics; shape; balance; handstand-progression,calisthenics; bodyweight; skill-training,calisthenics; bodyweight; shape; balance; handstand-progression,true,Tuck Handstand Hold exercise. equipment: floor; wall; parallettes. body position: inverted. movement pattern: inversion; overhead-push. primary muscles: front delts; triceps; upper back. secondary muscles: core; forearms; serratus. target areas: core-stability; front-delts; triceps; forearms-wrists. laterality: bilateral. load type: bodyweight. training context: calisthenics; bodyweight; skill-training. visual cues: calisthenics; shape; balance; handstand-progression,complete,assets/workout-images/tuck-handstand-hold.png,QA pass: clear uncropped tucked handstand,,
tuck-human-flag-hold,Tuck Human Flag Hold,Tuck Human Flag Hold,human-flag,skill,hold,vertical-pole; stall-bars,side-hanging,side-lever; straight-arm-push; straight-arm-pull,isometric,bilateral,bodyweight,true,obliques; lats; side delts,core; forearms; serratus,core-stability; lats; obliques; side-delts,forearms-wrists,shoulder; scapula; elbow; spine,calisthenics; human-flag; tuck; progression,calisthenics; bodyweight; skill-training,calisthenics; bodyweight; human-flag; tuck; progression,true,Tuck Human Flag Hold exercise. equipment: vertical-pole; stall-bars. body position: side-hanging. movement pattern: side-lever; straight-arm-push; straight-arm-pull. primary muscles: obliques; lats; side delts. secondary muscles: core; forearms; serratus. target areas: core-stability; lats; obliques; side-delts; forearms-wrists. laterality: bilateral. load type: bodyweight. training context: calisthenics; bodyweight; skill-training. visual cues: calisthenics; human-flag; tuck; progression,complete,assets/workout-images/tuck-human-flag-hold.png,QA pass: clear uncropped tuck human flag,,
tuck-l-sit-hold,Tuck L-Sit Hold,tucked L sit,l-sit,skill,hold,parallettes; dip-bars; floor,supported,core-flexion; hip-flexion,isometric,bilateral,bodyweight,true,hip flexors; rectus abdominis; triceps,serratus; quads,abs; core-stability; triceps,quads,hip; spine; shoulder; elbow; wrist,gymnastics; compression; regression,gym; home; calisthenics-park,gymnastics; compression; regression; gym; home; calisthenics-park,true,Tuck L-Sit Hold exercise. equipment: parallettes; dip-bars; floor. body position: supported. movement pattern: core-flexion; hip-flexion. primary muscles: hip flexors; rectus abdominis; triceps. secondary muscles: serratus; quads. target areas: abs; core-stability; triceps; quads. laterality: bilateral. load type: bodyweight. training context: gym; home; calisthenics-park. visual cues: gymnastics; compression; regression,complete,assets/workout-images/tuck-l-sit-hold.png,"QA passed: tuck L-sit hold on parallettes, target muscles clear.",priority_20_80,59
tuck-manna-hold,Tuck Manna Hold,Tuck Manna Hold,manna,skill,hold,parallettes; dip-bars; floor; rings,supported,compression; support-hold,isometric,bilateral,bodyweight,true,abs; hip flexors; triceps,quads; forearms; front delts,abs; core-stability; triceps,forearms-wrists; front-delts; quads,hip; shoulder; elbow; spine,calisthenics; manna; tuck; advanced,calisthenics; bodyweight; skill-training,calisthenics; bodyweight; manna; tuck; advanced,true,Tuck Manna Hold exercise. equipment: parallettes; dip-bars; floor; rings. body position: supported. movement pattern: compression; support-hold. primary muscles: abs; hip flexors; triceps. secondary muscles: quads; forearms; front delts. target areas: abs; core-stability; triceps; forearms-wrists; front-delts; quads. laterality: bilateral. load type: bodyweight. training context: calisthenics; bodyweight; skill-training. visual cues: calisthenics; manna; tuck; advanced,complete,assets/workout-images/tuck-manna-hold.png,"QA passed: tuck manna hold on parallettes, target muscles clear.",priority_20_80,60
tuck-planche-hold,Tuck Planche Hold,tuck planche; Tuck Planche Hold,planche,skill,hold,parallettes; floor,supported,horizontal-push; core-stability,isometric,bilateral,bodyweight,true,front delts; serratus; triceps,pecs; core; wrist flexors,core-stability; front-delts; triceps,chest; forearms-wrists,shoulder; elbow; wrist; scapula,advanced; gymnastics; straight-arm-strength,gym; home; niche; calisthenics-park,advanced; gymnastics; straight-arm-strength; gym; home; niche; calisthenics-park,true,Tuck Planche Hold exercise. equipment: parallettes; floor. body position: supported. movement pattern: horizontal-push; core-stability. primary muscles: front delts; serratus; triceps. secondary muscles: pecs; core; wrist flexors. target areas: core-stability; front-delts; triceps; chest; forearms-wrists. laterality: bilateral. load type: bodyweight. training context: gym; home; niche; calisthenics-park. visual cues: advanced; gymnastics; straight-arm-strength,complete,assets/workout-images/tuck-planche-hold.png,QA pass: clear uncropped tuck planche on parallettes,,
tuck-planche-push-up,Tuck Planche Push-Up,Tuck Planche Push-Up,planche,calisthenics,bodyweight-reps,floor; parallettes,varied,horizontal-push,dynamic,bilateral,bodyweight,true,pecs; triceps; front delts,serratus; core,chest; front-delts; triceps,core-stability,shoulder; elbow; scapula; wrist,calisthenics; planche; progression; advanced,calisthenics; bodyweight; skill-training,calisthenics; bodyweight; planche; progression; advanced,true,Tuck Planche Push-Up exercise. equipment: floor; parallettes. body position: varied. movement pattern: horizontal-push. primary muscles: pecs; triceps; front delts. secondary muscles: serratus; core. target areas: chest; front-delts; triceps; core-stability. laterality: bilateral. load type: bodyweight. training context: calisthenics; bodyweight; skill-training. visual cues: calisthenics; planche; progression; advanced,complete,assets/workout-images/tuck-planche-push-up.png,QA approved: clear tucked planche push-up on parallettes.,,
tuck-skin-the-cat,Tuck Skin-the-Cat,Tuck Skin-the-Cat,rings,skill,bodyweight-reps,rings; gymnastic-rings,supported,ring-support; stability,dynamic,bilateral,bodyweight,true,pecs; triceps; lats,core; forearms; serratus,chest; lats; triceps,core-stability; forearms-wrists,shoulder; elbow; scapula; wrist,calisthenics; rings; skin-the-cat; progression,calisthenics; bodyweight; skill-training,calisthenics; bodyweight; rings; skin-the-cat; progression,true,Tuck Skin-the-Cat exercise. equipment: rings; gymnastic-rings. body position: supported. movement pattern: ring-support; stability. primary muscles: pecs; triceps; lats. secondary muscles: core; forearms; serratus. target areas: chest; lats; triceps; core-stability; forearms-wrists. laterality: bilateral. load type: bodyweight. training context: calisthenics; bodyweight; skill-training. visual cues: calisthenics; rings; skin-the-cat; progression,complete,assets/workout-images/tuck-skin-the-cat.png,QA approved: clear tucked skin-the-cat on rings.,,
turkish-get-up,Turkish Get-Up,TGU; get up; db tgu; turkish get up dumbbell; Dumbbell Turkish Get-Up; kb tgu; turkish get up kettlebell; Kettlebell Turkish Get-Up,turkish-get-up,skill,unilateral-pair,kettlebell; dumbbell; floor,lying-supine,core-stability; overhead; locomotion,mixed,unilateral,bodyweight-plus-external,true,shoulders; obliques; glute max,triceps; hip flexors; serratus,glutes; obliques,triceps,shoulder; elbow; wrist; hip; spine,advanced; overhead; stability; get-up; coordination,gym; home; niche,advanced; overhead; stability; get-up; coordination; gym; home; niche,true,Turkish Get-Up exercise. equipment: kettlebell; dumbbell; floor. body position: lying-supine. movement pattern: core-stability; overhead; locomotion. primary muscles: shoulders; obliques; glute max. secondary muscles: triceps; hip flexors; serratus. target areas: glutes; obliques; triceps. laterality: unilateral. load type: bodyweight-plus-external. training context: gym; home; niche. visual cues: advanced; overhead; stability; get-up; coordination,complete,assets/workout-images/turkish-get-up.png,"QA pass: mid get-up frame, correct overhead/support highlights",,
typewriter-pull-up,Typewriter Pull-Up,typewriter chin up,pull-up,skill,bodyweight-reps,pull-up-bar; rings,hanging,vertical-pull,dynamic,alternating,bodyweight,true,lats; biceps; teres major,mid back; forearms; rear delts,biceps; lats,forearms-wrists; rear-delts; upper-back,shoulder; elbow; scapula; wrist,advanced; unilateral-progression,gym; home; calisthenics-park,advanced; unilateral-progression; gym; home; calisthenics-park,true,Typewriter Pull-Up exercise. equipment: pull-up-bar; rings. body position: hanging. movement pattern: vertical-pull. primary muscles: lats; biceps; teres major. secondary muscles: mid back; forearms; rear delts. target areas: biceps; lats; forearms-wrists; rear-delts; upper-back. laterality: alternating. load type: bodyweight. training context: gym; home; calisthenics-park. visual cues: advanced; unilateral-progression,complete,assets/workout-images/typewriter-pull-up.png,"QA passed: pull-up-bar lateral pull-up frame, anatomy style, no text/cropping.",priority_20_80,51
typewriter-push-up,Typewriter Push-Up,side to side push up,push-up,skill,bodyweight-reps,none,plank,horizontal-push,dynamic,alternating,bodyweight,true,pecs; triceps; front delts,serratus; core,chest; front-delts; triceps,core-stability,shoulder; elbow; wrist; scapula,advanced; unilateral-progression,gym; home,advanced; unilateral-progression; gym; home,true,Typewriter Push-Up exercise. equipment: none. body position: plank. movement pattern: horizontal-push. primary muscles: pecs; triceps; front delts. secondary muscles: serratus; core. target areas: chest; front-delts; triceps; core-stability. laterality: alternating. load type: bodyweight. training context: gym; home. visual cues: advanced; unilateral-progression,complete,assets/workout-images/typewriter-push-up.png,QA passed: clear lateral push-up and target highlights.,,
v-sit-hold,V-Sit Hold,v sit; parallette v sit,v-sit,skill,hold,parallettes; dip-bars; floor,supported,core-flexion; hip-flexion,isometric,bilateral,bodyweight,true,hip flexors; rectus abdominis; triceps,serratus; quads,abs; core-stability; triceps,quads,hip; spine; shoulder; elbow; wrist,advanced; gymnastics; compression,gym; home; calisthenics-park,advanced; gymnastics; compression; gym; home; calisthenics-park,true,V-Sit Hold exercise. equipment: parallettes; dip-bars; floor. body position: supported. movement pattern: core-flexion; hip-flexion. primary muscles: hip flexors; rectus abdominis; triceps. secondary muscles: serratus; quads. target areas: abs; core-stability; triceps; quads. laterality: bilateral. load type: bodyweight. training context: gym; home; calisthenics-park. visual cues: advanced; gymnastics; compression,complete,assets/workout-images/v-sit-hold.png,"QA pass: single V-sit anatomy frame, correct targets, clean white background.",priority_20_80,21
v-up,V-Up,jackknife sit-up,core-flexion,calisthenics,bodyweight-reps,floor,lying-supine,core-flexion,dynamic,bilateral,bodyweight,true,rectus abdominis; hip flexors,obliques,abs,obliques,spine; hip,core,home; gym,core; home; gym,true,V-Up exercise. equipment: floor. body position: lying-supine. movement pattern: core-flexion. primary muscles: rectus abdominis; hip flexors. secondary muscles: obliques. target areas: abs; obliques. laterality: bilateral. load type: bodyweight. training context: home; gym. visual cues: core,complete,assets/workout-images/v-up.png,QA pass: clear V-up contraction; abs visible; 1080x1920.,,
vertical-flag-hold,Vertical Flag Hold,Vertical Flag Hold,human-flag,skill,hold,vertical-pole; stall-bars,side-hanging,side-lever; straight-arm-push; straight-arm-pull,isometric,bilateral,bodyweight,true,obliques; lats; side delts,core; forearms; serratus,core-stability; lats; obliques; side-delts,forearms-wrists,shoulder; scapula; elbow; spine,calisthenics; human-flag; beginner; progression,calisthenics; bodyweight; skill-training,calisthenics; bodyweight; human-flag; beginner; progression,true,Vertical Flag Hold exercise. equipment: vertical-pole; stall-bars. body position: side-hanging. movement pattern: side-lever; straight-arm-push; straight-arm-pull. primary muscles: obliques; lats; side delts. secondary muscles: core; forearms; serratus. target areas: core-stability; lats; obliques; side-delts; forearms-wrists. laterality: bilateral. load type: bodyweight. training context: calisthenics; bodyweight; skill-training. visual cues: calisthenics; human-flag; beginner; progression,complete,assets/workout-images/vertical-flag-hold.png,QA approved: clear human-flag hold with pole grip.,,
waiter-carry,Waiter Carry,bottoms up carry overhead; overhead kettlebell carry; Waiter Carry,waiter-carry,conditioning,carry,kettlebell; dumbbell,standing,carry; overhead,cyclical,unilateral,external,false,shoulders; serratus; obliques,triceps; grip; upper traps,forearms-wrists,core-stability; forearms-wrists; obliques; traps; triceps,shoulder; elbow; wrist; scapula; spine; hip; ankle,overhead; stability; core; unilateral,gym; home; conditioning,overhead; stability; core; unilateral; gym; home; conditioning,true,Waiter Carry exercise. equipment: kettlebell; dumbbell. body position: standing. movement pattern: carry; overhead. primary muscles: shoulders; serratus; obliques. secondary muscles: triceps; grip; upper traps. target areas: forearms-wrists; core-stability; forearms-wrists; obliques; traps; triceps. laterality: unilateral. load type: external. training context: gym; home; conditioning. visual cues: overhead; stability; core; unilateral,complete,assets/workout-images/waiter-carry.png,"QA pass: unilateral overhead carry, correct target highlights",,
walk,Walk,Walk,walking,cardio,cardio-live,none,,locomotion,,bilateral,none,false,cardiorespiratory system,,,,,,quick-log,quick-log,true,Walk exercise. equipment: none. movement pattern: locomotion. primary muscles: cardiorespiratory system. laterality: bilateral. load type: none. training context: quick-log,complete,assets/workout-images/walk.png,QA passed: walking stride; lower-body activation; clean anatomy frame.,,
wall-ball,Wall Ball,wall ball shot; wall ball; wallball,wall-ball,conditioning,plyometric,medicine-ball; wall; wall-target,standing,squat; vertical-push,explosive,bilateral,external,false,quads; glute max; front delts,triceps; core; calves,front-delts; glutes; quads,core-stability; triceps,hip; knee; ankle; shoulder; elbow,crossfit; conditioning,gym; cardio; niche; crossfit-box,crossfit; conditioning; gym; cardio; niche; crossfit-box,true,Wall Ball exercise. equipment: medicine-ball; wall; wall-target. body position: standing. movement pattern: squat; vertical-push. primary muscles: quads; glute max; front delts. secondary muscles: triceps; core; calves. target areas: front-delts; glutes; quads; core-stability; triceps. laterality: bilateral. load type: external. training context: gym; cardio; niche; crossfit-box. visual cues: crossfit; conditioning,complete,assets/workout-images/wall-ball.png,QA pass: anatomy style; squat/throw setup with medicine ball; target muscles highlighted; no text/cropping.,priority_20_80,92
wall-bridge-hold,Wall Bridge Hold,Wall Bridge Hold,mobility-drill,mobility,mobility,wall; floor,varied,mobility,isometric,bilateral,bodyweight,true,spinal erectors; glute max,upper back; core,,core-stability; glutes; lower-back,spine; shoulder; hip,calisthenics; bridge; mobility; posterior-chain,calisthenics; bodyweight; skill-training,calisthenics; bodyweight; bridge; mobility; posterior-chain,true,Wall Bridge Hold exercise. equipment: wall; floor. body position: varied. movement pattern: mobility. primary muscles: spinal erectors; glute max. secondary muscles: upper back; core. target areas: core-stability; glutes; lower-back. laterality: bilateral. load type: bodyweight. training context: calisthenics; bodyweight; skill-training. visual cues: calisthenics; bridge; mobility; posterior-chain,complete,assets/workout-images/wall-bridge-hold.png,QA approved: wall bridge with glute and lower-back activation.,,
wall-handstand-hold,Wall Handstand Hold,wall assisted handstand hold; wall handstand; Wall Handstand Hold,handstand,skill,hold,wall; parallettes; floor,inverted,core-stability; vertical-push,isometric,bilateral,bodyweight,true,shoulders; upper traps; triceps,serratus; core; wrist flexors,core-stability; traps; triceps,forearms-wrists,shoulder; elbow; wrist; scapula; spine,gymnastics; overhead; regression,gym; home; calisthenics-park,gymnastics; overhead; regression; gym; home; calisthenics-park,true,Wall Handstand Hold exercise. equipment: wall; parallettes; floor. body position: inverted. movement pattern: core-stability; vertical-push. primary muscles: shoulders; upper traps; triceps. secondary muscles: serratus; core; wrist flexors. target areas: core-stability; traps; triceps; forearms-wrists. laterality: bilateral. load type: bodyweight. training context: gym; home; calisthenics-park. visual cues: gymnastics; overhead; regression,complete,assets/workout-images/wall-handstand-hold.png,QA approved: wall handstand with both feet visibly contacting wall.,,
wall-handstand-push-up,Wall Handstand Push-Up,Wall Handstand Push-Up,push-up,calisthenics,bodyweight-reps,wall; floor,inverted,horizontal-push,dynamic,bilateral,bodyweight,true,pecs; triceps; front delts,serratus; core,chest; front-delts; triceps,core-stability,shoulder; elbow; scapula; wrist,calisthenics; handstand-push-up; vertical-push; skill,calisthenics; bodyweight; skill-training,calisthenics; bodyweight; handstand-push-up; vertical-push; skill,true,Wall Handstand Push-Up exercise. equipment: wall; floor. body position: inverted. movement pattern: horizontal-push. primary muscles: pecs; triceps; front delts. secondary muscles: serratus; core. target areas: chest; front-delts; triceps; core-stability. laterality: bilateral. load type: bodyweight. training context: calisthenics; bodyweight; skill-training. visual cues: calisthenics; handstand-push-up; vertical-push; skill,complete,assets/workout-images/wall-handstand-push-up.png,QA approved: lowered wall handstand push-up working phase.,,
wall-handstand-push-up-negative,Wall Handstand Push-Up Negative,Wall Handstand Push-Up Negative,push-up,calisthenics,bodyweight-reps,wall; floor,inverted,horizontal-push,dynamic,bilateral,bodyweight,true,pecs; triceps; front delts,serratus; core,chest; front-delts; triceps,core-stability,shoulder; elbow; scapula; wrist,calisthenics; eccentric; handstand-push-up; progression,calisthenics; bodyweight; skill-training,calisthenics; bodyweight; eccentric; handstand-push-up; progression,true,Wall Handstand Push-Up Negative exercise. equipment: wall; floor. body position: inverted. movement pattern: horizontal-push. primary muscles: pecs; triceps; front delts. secondary muscles: serratus; core. target areas: chest; front-delts; triceps; core-stability. laterality: bilateral. load type: bodyweight. training context: calisthenics; bodyweight; skill-training. visual cues: calisthenics; eccentric; handstand-push-up; progression,complete,assets/workout-images/wall-handstand-push-up-negative.png,QA approved: controlled lowered wall handstand negative.,,
wall-plank,Wall Plank,wall walk hold; handstand wall plank,handstand-prep,skill,hold,wall,supported|inverted,core-stability; vertical-push,isometric,bilateral,bodyweight,true,shoulders; serratus; core,triceps; wrist flexors; glutes,abs; core-stability,forearms-wrists; glutes; triceps,shoulder; elbow; wrist; scapula; spine,handstand-prep; overhead,gym; home; calisthenics-park,handstand-prep; overhead; gym; home; calisthenics-park,true,Wall Plank exercise. equipment: wall. body position: supported|inverted. movement pattern: core-stability; vertical-push. primary muscles: shoulders; serratus; core. secondary muscles: triceps; wrist flexors; glutes. target areas: abs; core-stability; forearms-wrists; glutes; triceps. laterality: bilateral. load type: bodyweight. training context: gym; home; calisthenics-park. visual cues: handstand-prep; overhead,complete,assets/workout-images/wall-plank.png,"QA pass: feet-on-wall plank line, core targets, 1080x1920.",,
wall-push-up,Wall Push-Up,Wall Push-Up,push-up,calisthenics,bodyweight-reps,wall,varied,horizontal-push,dynamic,bilateral,bodyweight,true,pecs; triceps; front delts,serratus; core,chest; front-delts; triceps,core-stability,shoulder; elbow; scapula; wrist,calisthenics; beginner; regression; push-up-progression,calisthenics; bodyweight; skill-training,calisthenics; bodyweight; beginner; regression; push-up-progression,true,Wall Push-Up exercise. equipment: wall. body position: varied. movement pattern: horizontal-push. primary muscles: pecs; triceps; front delts. secondary muscles: serratus; core. target areas: chest; front-delts; triceps; core-stability. laterality: bilateral. load type: bodyweight. training context: calisthenics; bodyweight; skill-training. visual cues: calisthenics; beginner; regression; push-up-progression,complete,assets/workout-images/wall-push-up.png,"QA pass after regeneration: clear wall push-up, pure white background; 1080x1920.",,
wall-sit,Wall Sit,chair sit hold,squat-hold,rehab,hold,wall,supported,squat; isometric,isometric,bilateral,bodyweight,true,quads,glute max; adductors; calves,core-stability; quads,adductors; glutes,knee; hip; ankle,beginner; rehab,home; gym; rehab-friendly,beginner; rehab; home; gym; rehab-friendly,true,Wall Sit exercise. equipment: wall. body position: supported. movement pattern: squat; isometric. primary muscles: quads. secondary muscles: glute max; adductors; calves. target areas: core-stability; quads; adductors; glutes. laterality: bilateral. load type: bodyweight. training context: home; gym; rehab-friendly. visual cues: beginner; rehab,complete,assets/workout-images/wall-sit.png,"QA pass: canonical wall sit, 1080x1920.",,
wall-sprint-drill,Wall Sprint Drill,Wall Sprint Drill,agility-drill,conditioning,plyometric,wall,varied,running-drill; acceleration,explosive,bilateral,bodyweight,true,quads; glute max; calves,hamstrings; core,glutes; quads,core-stability; hamstrings,hip; knee; ankle,speed; agility; reactive; athletic,speed; agility; athletic-prep,speed; agility; reactive; athletic; conditioning; plyometric,true,Wall Sprint Drill exercise. equipment: wall. body position: varied. movement pattern: running-drill; acceleration. primary muscles: quads; glute max; calves. secondary muscles: hamstrings; core. target areas: glutes; quads; core-stability; hamstrings. laterality: bilateral. load type: bodyweight. training context: speed; agility; athletic-prep. visual cues: speed; agility; reactive; athletic,complete,assets/workout-images/wall-sprint-drill.png,QA approved: clear wall-lean sprint drill with driving knee.,,
wall-walk,Wall Walk,handstand wall walk,wall-walk,skill,bodyweight-reps,wall; floor,inverted|supported,vertical-push; core-stability,dynamic,bilateral,bodyweight,true,shoulders; serratus; abs,triceps; front delts,abs,front-delts; triceps,shoulder; wrist; spine; scapula,crossfit; advanced; overhead,gym; home; crossfit-box,crossfit; advanced; overhead; gym; home; crossfit-box,true,Wall Walk exercise. equipment: wall; floor. body position: inverted|supported. movement pattern: vertical-push; core-stability. primary muscles: shoulders; serratus; abs. secondary muscles: triceps; front delts. target areas: abs; front-delts; triceps. laterality: bilateral. load type: bodyweight. training context: gym; home; crossfit-box. visual cues: crossfit; advanced; overhead,complete,assets/workout-images/wall-walk.png,QA approved: clear hands-floor feet-wall wall-walk frame.,,
weighted-back-extension,Weighted Back Extension,weighted hyperextension; weighted roman chair extension; plate back extension; dumbbell back extension,back-extension,hypertrophy,bilateral-load,roman-chair; hyperextension-bench; weight-plate; dumbbell,supported,hip-extension; core-extension,dynamic,bilateral,external,false,spinal erectors; glute max,hamstrings,glutes; lower-back,hamstrings,spine; hip,posterior-chain; weighted,gym; home; free-weights,posterior-chain; weighted; gym; home; free-weights,true,Weighted Back Extension exercise. equipment: roman-chair; hyperextension-bench; weight-plate; dumbbell. body position: supported. movement pattern: hip-extension; core-extension. primary muscles: spinal erectors; glute max. secondary muscles: hamstrings. target areas: glutes; lower-back; hamstrings. laterality: bilateral. load type: external. training context: gym; home; free-weights. visual cues: posterior-chain; weighted,complete,assets/workout-images/weighted-back-extension.png,"QA passed: posterior Roman-chair back extension with erectors, glutes, hamstrings emphasized.",priority_20_80,11
weighted-bar-muscle-up,Weighted Bar Muscle-Up,weighted muscle up; loaded muscle-up; weighted bar muscle-up,muscle-up,skill,weighted-bodyweight,pull-up-bar; dip-belt,hanging,vertical-pull; vertical-push,mixed,bilateral,bodyweight-plus-external,true,lats; triceps; pecs,biceps; front delts; core,lats; chest; triceps; biceps,core-stability,shoulder; elbow; wrist; scapula,advanced; streetlifting; niche; weighted,calisthenics-park; gym; niche,advanced; streetlifting; niche; weighted; calisthenics-park; gym,true,Weighted Bar Muscle-Up exercise. equipment: pull-up-bar; dip-belt. body position: hanging. movement pattern: vertical-pull; vertical-push. primary muscles: lats; triceps; pecs. secondary muscles: biceps; front delts; core. target areas: lats; chest; triceps; biceps; core-stability. laterality: bilateral. load type: bodyweight-plus-external. training context: calisthenics-park; gym; niche. visual cues: advanced; streetlifting; niche; weighted,complete,assets/workout-images/weighted-bar-muscle-up.png,QA passed after regeneration: weighted bar muscle-up transition frame with visible lats/triceps/pecs.,priority_20_80,16
weighted-chin-up,Weighted Chin-Up,weighted chinup; loaded chin-up; Weighted Chin-Up,pull-up,calisthenics,weighted-bodyweight,pull-up-bar; dip-belt,hanging,vertical-pull,dynamic,bilateral,bodyweight-plus-external,true,lats; biceps; teres major,mid back; forearms; rear delts,biceps; lats,forearms-wrists; rear-delts; upper-back,shoulder; elbow; scapula; wrist,streetlifting; strength; weighted; compound,gym; calisthenics-park,streetlifting; strength; weighted; compound; gym; calisthenics-park,true,Weighted Chin-Up exercise. equipment: pull-up-bar; dip-belt. body position: hanging. movement pattern: vertical-pull. primary muscles: lats; biceps; teres major. secondary muscles: mid back; forearms; rear delts. target areas: biceps; lats; forearms-wrists; rear-delts; upper-back. laterality: bilateral. load type: bodyweight-plus-external. training context: gym; calisthenics-park. visual cues: streetlifting; strength; weighted; compound,complete,assets/workout-images/weighted-chin-up.png,"QA passed: weighted underhand chin-up, full figure/equipment, target overlays.",priority_20_80,1
weighted-cossack-squat,Weighted Cossack Squat,loaded cossack squat; goblet cossack squat; dumbbell cossack squat; kettlebell cossack squat; weighted side squat; weighted cossak squat; loaded cossak squat; goblet cossak squat; dumbbell cossak squat; kettlebell cossak squat,squat,,unilateral-load,dumbbell; kettlebell; weight-plate,standing,squat; lateral-lunge,dynamic,unilateral,external,true,adductors; glute max; quads,hamstrings; glute med; abs,adductors; glutes; quads,abs; hamstrings,hip; knee; ankle,mobility-strength; unilateral; weighted; cossack; cossak,gym; home; free-weights,mobility-strength; unilateral; weighted; gym; home; free-weights; cossak,true,Weighted Cossack Squat exercise. equipment: dumbbell; kettlebell; weight-plate. body position: standing. movement pattern: squat; lateral-lunge. primary muscles: adductors; glute max; quads. secondary muscles: hamstrings; glute med; abs. target areas: adductors; glutes; quads; abs; hamstrings. laterality: unilateral. load type: external. training context: gym; home; free-weights. visual cues: mobility-strength; unilateral; weighted; cossack; cossak,complete,assets/workout-images/weighted-cossack-squat.png,Pass; clear weighted cossack squat with full-body anatomy frame and clean white background.,,
weighted-crunch,Weighted Crunch,plate crunch; dumbbell crunch; loaded crunch,crunch,hypertrophy,bilateral-load,floor; weight-plate; dumbbell,lying-supine,core-flexion,dynamic,bilateral,external,true,rectus abdominis,obliques,abs,,spine; hip,upper-abs; core; weighted,home; gym,upper-abs; core; weighted; home; gym,true,Weighted Crunch exercise. equipment: floor; weight-plate; dumbbell. body position: lying-supine. movement pattern: core-flexion. primary muscles: rectus abdominis. secondary muscles: obliques. target areas: abs. laterality: bilateral. load type: external. training context: home; gym. visual cues: upper-abs; core; weighted,complete,assets/workout-images/weighted-crunch.png,"Verified 1080x1920 PNG. One figure and one weighted crunch movement only, no text/panels/watermark. Background sample...",,
weighted-dead-hang,Weighted Dead Hang,weighted hang; loaded dead hang; Weighted Dead Hang,hang,calisthenics,weighted-hold,pull-up-bar; dip-belt,hanging,grip; shoulder-decompression,isometric,bilateral,bodyweight-plus-external,true,forearms; grip,lats; rotator cuff,core-stability; forearms-wrists,lats,shoulder; wrist; elbow; scapula,grip; streetlifting; weighted,gym; calisthenics-park,grip; streetlifting; weighted; gym; calisthenics-park,true,Weighted Dead Hang exercise. equipment: pull-up-bar; dip-belt. body position: hanging. movement pattern: grip; shoulder-decompression. primary muscles: forearms; grip. secondary muscles: lats; rotator cuff. target areas: core-stability; forearms-wrists; lats. laterality: bilateral. load type: bodyweight-plus-external. training context: gym; calisthenics-park. visual cues: grip; streetlifting; weighted,complete,assets/workout-images/weighted-dead-hang.png,"QA passed: weighted dead hang, full bar/belt/plate, forearm emphasis.",priority_20_80,5
weighted-dip,Weighted Dip,belt dip; weighted chest dip; loaded dip; Weighted Dip,dip,calisthenics,weighted-bodyweight,dip-bars; dip-belt,supported,vertical-push,dynamic,bilateral,bodyweight-plus-external,true,lower pecs; triceps; front delts,serratus; core,chest; triceps,core-stability,shoulder; elbow; scapula,streetlifting; strength; weighted; compound,gym; calisthenics-park,streetlifting; strength; weighted; compound; gym; calisthenics-park,true,Weighted Dip exercise. equipment: dip-bars; dip-belt. body position: supported. movement pattern: vertical-push. primary muscles: lower pecs; triceps; front delts. secondary muscles: serratus; core. target areas: chest; triceps; core-stability. laterality: bilateral. load type: bodyweight-plus-external. training context: gym; calisthenics-park. visual cues: streetlifting; strength; weighted; compound,complete,assets/workout-images/weighted-dip.png,"QA passed: weighted dip lower frame, full bars/belt/plate, chest/triceps overlays.",priority_20_80,10
weighted-left-neck-lateral-flexion,Weighted Left Neck Lateral Flexion,weighted left neck side raise; weighted left side neck raise; weighted left lateral neck raise; weighted left side-lying neck raise,neck-lateral-flexion,rehab,unilateral-load,bench; plate; neck-harness,side-lying,neck-lateral-flexion,dynamic,unilateral,external,false,neck lateral flexors,upper traps,neck,traps,cervical spine,rehab; combat-sports; weighted,gym; home; rehab-friendly; free-weights,rehab; combat-sports; weighted; gym; home; rehab-friendly; free-weights,true,Weighted Left Neck Lateral Flexion exercise. equipment: bench; plate; neck-harness. body position: side-lying. movement pattern: neck-lateral-flexion. primary muscles: neck lateral flexors. secondary muscles: upper traps. target areas: neck; traps. laterality: unilateral. load type: external. training context: gym; home; rehab-friendly; free-weights. visual cues: rehab; combat-sports; weighted,complete,assets/workout-images/weighted-left-neck-lateral-flexion.png,"QA passed: side-lying weighted neck flexion with harness/load, neck/traps highlighted.",,
weighted-neck-extension,Weighted Neck Extension,weighted neck extension; harness neck extension; weighted lying neck extension,neck,rehab,bilateral-load,bench; plate; neck-harness,lying-prone|seated,neck-extension,dynamic,bilateral,external,false,neck extensors,upper traps,neck,traps,cervical spine,rehab; combat-sports; weighted,gym; home; rehab-friendly; free-weights,rehab; combat-sports; weighted; gym; home; rehab-friendly; free-weights,true,Weighted Neck Extension exercise. equipment: bench; plate; neck-harness. body position: lying-prone|seated. movement pattern: neck-extension. primary muscles: neck extensors. secondary muscles: upper traps. target areas: neck; traps. laterality: bilateral. load type: external. training context: gym; home; rehab-friendly; free-weights. visual cues: rehab; combat-sports; weighted,complete,assets/workout-images/weighted-neck-extension.png,"QA pass: neck harness load, neck/traps highlighted.",,
weighted-neck-flexion,Weighted Neck Flexion,weighted neck curl; plate neck curl; harness neck flexion; weighted lying neck curl,neck,rehab,bilateral-load,bench; plate; neck-harness,lying-supine|seated,neck-flexion,dynamic,bilateral,external,false,neck flexors,upper traps,neck,traps,cervical spine,rehab; combat-sports; weighted,gym; home; rehab-friendly; free-weights,rehab; combat-sports; weighted; gym; home; rehab-friendly; free-weights,true,Weighted Neck Flexion exercise. equipment: bench; plate; neck-harness. body position: lying-supine|seated. movement pattern: neck-flexion. primary muscles: neck flexors. secondary muscles: upper traps. target areas: neck; traps. laterality: bilateral. load type: external. training context: gym; home; rehab-friendly; free-weights. visual cues: rehab; combat-sports; weighted,complete,assets/workout-images/weighted-neck-flexion.png,"QA passed: weighted neck flexion, full body/equipment, neck/trap targets.",priority_20_80,70
weighted-plank,Weighted Plank,plate plank,plank,strength,weighted-hold,floor; weight-plate,prone,core-stability; anti-extension,isometric,bilateral,bodyweight-plus-external,true,transverse abdominis; rectus abdominis; obliques,serratus; glutes; shoulders,abs; core-stability; obliques,glutes,spine; shoulder; hip,weighted; core,gym; home,weighted; core; gym; home,true,Weighted Plank exercise. equipment: floor; weight-plate. body position: prone. movement pattern: core-stability; anti-extension. primary muscles: transverse abdominis; rectus abdominis; obliques. secondary muscles: serratus; glutes; shoulders. target areas: abs; core-stability; obliques; glutes. laterality: bilateral. load type: bodyweight-plus-external. training context: gym; home. visual cues: weighted; core,complete,assets/workout-images/weighted-plank.png,QA pass: anatomy style; weighted forearm plank frame; core/shoulder/glute highlights; no text/cropping.,priority_20_80,95
weighted-pull-up,Weighted Pull-Up,weighted pullup; belt pull up; loaded pull-up; Weighted Pull-Up,pull-up,calisthenics,weighted-bodyweight,pull-up-bar; dip-belt,hanging,vertical-pull,dynamic,bilateral,bodyweight-plus-external,true,lats; teres major; biceps,mid back; forearms; rear delts,biceps; lats,forearms-wrists; rear-delts; upper-back,shoulder; elbow; scapula; wrist,streetlifting; strength; weighted; compound,gym; calisthenics-park,streetlifting; strength; weighted; compound; gym; calisthenics-park,true,Weighted Pull-Up exercise. equipment: pull-up-bar; dip-belt. body position: hanging. movement pattern: vertical-pull. primary muscles: lats; teres major; biceps. secondary muscles: mid back; forearms; rear delts. target areas: biceps; lats; forearms-wrists; rear-delts; upper-back. laterality: bilateral. load type: bodyweight-plus-external. training context: gym; calisthenics-park. visual cues: streetlifting; strength; weighted; compound,complete,assets/workout-images/weighted-pull-up.png,"QA passed: weighted overhand pull-up, full figure/equipment, target overlays.",priority_20_80,3
weighted-push-up,Weighted Push-Up,plate push up; vest push up; weighted vest push-up; Weighted Push-Up,push-up,calisthenics,weighted-bodyweight,plate; weight-vest; floor,plank,horizontal-push,dynamic,bilateral,bodyweight-plus-external,true,pecs; triceps; front delts,serratus; core,chest; front-delts; triceps,core-stability,shoulder; elbow; wrist; scapula,weighted-bodyweight; weighted; compound,gym; home,weighted-bodyweight; weighted; compound; gym; home,true,Weighted Push-Up exercise. equipment: plate; weight-vest; floor. body position: plank. movement pattern: horizontal-push. primary muscles: pecs; triceps; front delts. secondary muscles: serratus; core. target areas: chest; front-delts; triceps; core-stability. laterality: bilateral. load type: bodyweight-plus-external. training context: gym; home. visual cues: weighted-bodyweight; weighted; compound,complete,assets/workout-images/weighted-push-up.png,QA passed: secure plate and correct bottom frame.,,
weighted-right-neck-lateral-flexion,Weighted Right Neck Lateral Flexion,weighted right neck side raise; weighted right side neck raise; weighted right lateral neck raise; weighted right side-lying neck raise,neck-lateral-flexion,rehab,unilateral-load,bench; plate; neck-harness,side-lying,neck-lateral-flexion,dynamic,unilateral,external,false,neck lateral flexors,upper traps,neck,traps,cervical spine,rehab; combat-sports; weighted,gym; home; rehab-friendly; free-weights,rehab; combat-sports; weighted; gym; home; rehab-friendly; free-weights,true,Weighted Right Neck Lateral Flexion exercise. equipment: bench; plate; neck-harness. body position: side-lying. movement pattern: neck-lateral-flexion. primary muscles: neck lateral flexors. secondary muscles: upper traps. target areas: neck; traps. laterality: unilateral. load type: external. training context: gym; home; rehab-friendly; free-weights. visual cues: rehab; combat-sports; weighted,complete,assets/workout-images/weighted-right-neck-lateral-flexion.png,"QA passed: mirrored weighted neck flexion with harness/load, neck/traps highlighted.",,
weighted-wall-sit,Weighted Wall Sit,loaded wall sit,squat-hold,strength,weighted-hold,wall; dumbbell; weight-plate,supported,squat; isometric,isometric,bilateral,bodyweight-plus-external,true,quads,glute max; adductors,core-stability; quads,adductors; glutes,knee; hip; ankle,weighted; isometric,gym; home,weighted; isometric; gym; home,true,Weighted Wall Sit exercise. equipment: wall; dumbbell; weight-plate. body position: supported. movement pattern: squat; isometric. primary muscles: quads. secondary muscles: glute max; adductors. target areas: core-stability; quads; adductors; glutes. laterality: bilateral. load type: bodyweight-plus-external. training context: gym; home. visual cues: weighted; isometric,complete,assets/workout-images/weighted-wall-sit.png,"QA pass: wall contact clear, plate hold correct.",,
windshield-wipers,Windshield Wipers,hanging windshield wipers; floor windshield wipers,windshield-wipers,skill,bodyweight-reps,pull-up-bar; none,hanging|lying-supine,rotation; core-stability,dynamic,alternating,bodyweight,true,obliques; rectus abdominis; hip flexors,lats; grip; shoulders,abs; obliques,forearms-wrists; lats,spine; hip; shoulder,advanced; gymnastics; core,gym; home; calisthenics-park; niche,advanced; gymnastics; core; gym; home; calisthenics-park; niche,true,Windshield Wipers exercise. equipment: pull-up-bar; none. body position: hanging|lying-supine. movement pattern: rotation; core-stability. primary muscles: obliques; rectus abdominis; hip flexors. secondary muscles: lats; grip; shoulders. target areas: abs; obliques; forearms-wrists; lats. laterality: alternating. load type: bodyweight. training context: gym; home; calisthenics-park; niche. visual cues: advanced; gymnastics; core,complete,assets/workout-images/windshield-wipers.png,"QA passed: hanging windshield-wiper frame, core emphasis, no text/cropping.",priority_20_80,52
wobble-board-balance,Wobble Board Balance,Wobble Board Balance,balance-drill,skill,hold,wobble-board,varied,balance; stability,isometric,unilateral,bodyweight,true,glute max; quads; calves,core; glute med,core-stability; glutes; quads,,hip; knee; ankle,balance; stability; proprioception,balance; stability; athletic-prep,balance; stability; proprioception; skill; hold,true,Wobble Board Balance exercise. equipment: wobble-board. body position: varied. movement pattern: balance; stability. primary muscles: glute max; quads; calves. secondary muscles: core; glute med. target areas: core-stability; glutes; quads. laterality: unilateral. load type: bodyweight. training context: balance; stability; athletic-prep. visual cues: balance; stability; proprioception,complete,assets/workout-images/wobble-board-balance.png,QA approved: clear one-leg wobble-board balance.,,
worlds-greatest-stretch,Worlds Greatest Stretch,world greatest stretch; Worlds Greatest Stretch,mobility-drill,mobility,mobility,none; floor,varied,lunge; rotation,controlled,bilateral,bodyweight,true,hip flexors; hamstrings; adductors,,,adductors; hamstrings,hip; thoracic spine; ankle,mobility; stretch,mobility; stretch; warmup,mobility; stretch,true,Worlds Greatest Stretch exercise. equipment: none; floor. body position: varied. movement pattern: lunge; rotation. primary muscles: hip flexors; hamstrings; adductors. target areas: adductors; hamstrings. laterality: bilateral. load type: bodyweight. training context: mobility; stretch; warmup. visual cues: mobility; stretch,complete,assets/workout-images/worlds-greatest-stretch.png,"QA pass: clear lunge rotation, 1080x1920.",,
wrist-cars,Wrist CARs,wrist controlled articular rotations; Wrist CARs,mobility-drill,mobility,mobility,none; floor,varied,wrist-circles,controlled,bilateral,bodyweight,true,forearms,,,forearms-wrists,wrist,mobility; stretch,mobility; stretch; warmup,mobility; stretch,true,Wrist CARs exercise. equipment: none; floor. body position: varied. movement pattern: wrist-circles. primary muscles: forearms. target areas: forearms-wrists. laterality: bilateral. load type: bodyweight. training context: mobility; stretch; warmup. visual cues: mobility; stretch,complete,assets/workout-images/wrist-cars.png,QA passed: bilateral wrist circles with approved motion cues,,
wrist-curl,Wrist Curl,barbell wrist curl; dumbbell wrist curl,wrist-curl,hypertrophy,bilateral-load,barbell; dumbbell; bench,seated,wrist-flexion,dynamic,bilateral,external,false,wrist flexors; forearms,grip,forearms-wrists,,wrist; elbow,forearm,gym; home,forearm; gym; home,true,Wrist Curl exercise. equipment: barbell; dumbbell; bench. body position: seated. movement pattern: wrist-flexion. primary muscles: wrist flexors; forearms. secondary muscles: grip. target areas: forearms-wrists. laterality: bilateral. load type: external. training context: gym; home. visual cues: forearm,complete,assets/workout-images/wrist-curl.png,Posture and setup clearly read as a wrist curl with a barbell held across the thighs and wrist flexors emphasized.,,
wrist-extension-rock,Wrist Extension Rock,Wrist Extension Rock,mobility-drill,mobility,mobility,floor,varied,mobility,dynamic,bilateral,bodyweight,true,forearms,upper back; core,,forearms-wrists,wrist,calisthenics; wrist-prep; handstand-prep; planche-prep,calisthenics; bodyweight; skill-training,calisthenics; bodyweight; wrist-prep; handstand-prep; planche-prep,true,Wrist Extension Rock exercise. equipment: floor. body position: varied. movement pattern: mobility. primary muscles: forearms. secondary muscles: upper back; core. target areas: forearms-wrists. laterality: bilateral. load type: bodyweight. training context: calisthenics; bodyweight; skill-training. visual cues: calisthenics; wrist-prep; handstand-prep; planche-prep,complete,assets/workout-images/wrist-extension-rock.png,QA pass: clear extension rock; forearm focus; uncropped,,
wrist-flexion-rock,Wrist Flexion Rock,Wrist Flexion Rock,mobility-drill,mobility,mobility,floor,varied,mobility,dynamic,bilateral,bodyweight,true,forearms,upper back; core,,forearms-wrists,wrist,calisthenics; wrist-prep; handstand-prep; planche-prep,calisthenics; bodyweight; skill-training,calisthenics; bodyweight; wrist-prep; handstand-prep; planche-prep,true,Wrist Flexion Rock exercise. equipment: floor. body position: varied. movement pattern: mobility. primary muscles: forearms. secondary muscles: upper back; core. target areas: forearms-wrists. laterality: bilateral. load type: bodyweight. training context: calisthenics; bodyweight; skill-training. visual cues: calisthenics; wrist-prep; handstand-prep; planche-prep,complete,assets/workout-images/wrist-flexion-rock.png,QA pass: knuckles-down flexion rock; forearm focus; uncropped,,
y-balance-reach,Y-Balance Reach,y balance test reach; Y-Balance Reach,balance-drill,skill,bodyweight-reps,none,varied,balance; reach,controlled,unilateral,bodyweight,true,glute max; quads; calves,core; glute med,glutes; quads,core-stability,hip; knee; ankle,balance; stability; proprioception,balance; stability; athletic-prep,balance; stability; proprioception; skill; bodyweight-reps,true,Y-Balance Reach exercise. equipment: none. body position: varied. movement pattern: balance; reach. primary muscles: glute max; quads; calves. secondary muscles: core; glute med. target areas: glutes; quads; core-stability. laterality: unilateral. load type: bodyweight. training context: balance; stability; athletic-prep. visual cues: balance; stability; proprioception,complete,assets/workout-images/y-balance-reach.png,QA passed: one-leg reach; lower-body activation; clean anatomy frame.,,
yoke-walk,Yoke Walk,yoke carry,yoke-walk,conditioning,carry,yoke,standing,carry,cyclical,bilateral,external,false,upper traps; core; glute max,quads; calves; grip,forearms-wrists,core-stability; forearms-wrists; glutes; quads; traps,spine; hip; knee; ankle; shoulder,strongman,gym; niche,strongman; gym; niche,false,Yoke Walk exercise. equipment: yoke. body position: standing. movement pattern: carry. primary muscles: upper traps; core; glute max. secondary muscles: quads; calves; grip. target areas: forearms-wrists; core-stability; forearms-wrists; glutes; quads; traps. laterality: bilateral. load type: external. training context: gym; niche. visual cues: strongman,complete,assets/workout-images/yoke-walk.png,QA passed: full yoke carry; correct grip and activation; clean anatomy frame.,,
zercher-carry,Zercher Carry,front-loaded carry,zercher-carry,conditioning,carry,barbell; sandbag,standing,carry; core-stability,cyclical,bilateral,external,false,upper back; biceps; core,glute max; quads; forearms,forearms-wrists,biceps; core-stability; forearms-wrists; glutes; quads,spine; shoulder; elbow; hip; ankle,strongman; bracing,gym; home; niche,strongman; bracing; gym; home; niche,false,Zercher Carry exercise. equipment: barbell; sandbag. body position: standing. movement pattern: carry; core-stability. primary muscles: upper back; biceps; core. secondary muscles: glute max; quads; forearms. target areas: forearms-wrists; biceps; core-stability; forearms-wrists; glutes; quads. laterality: bilateral. load type: external. training context: gym; home; niche. visual cues: strongman; bracing,complete,assets/workout-images/zercher-carry.png,"QA pass: braced Zercher carry, correct target highlights",,
zottman-curl,Zottman Curl,dumbbell zottman curl,curl,hypertrophy,dumbbell-pair,dumbbell,standing,elbow-flexion,dynamic,bilateral,external,false,biceps; brachioradialis,forearms; wrist extensors,biceps,forearms-wrists,elbow; wrist,arm-isolation; forearm,gym; home,arm-isolation; forearm; gym; home,true,Zottman Curl exercise. equipment: dumbbell. body position: standing. movement pattern: elbow-flexion. primary muscles: biceps; brachioradialis. secondary muscles: forearms; wrist extensors. target areas: biceps; forearms-wrists. laterality: bilateral. load type: external. training context: gym; home. visual cues: arm-isolation; forearm,complete,assets/workout-images/zottman-curl.png,"Verified local PNG is 1080x1920 with one full uncropped figure on a pure white RGB background at the pixel boundary,...",,
